sample_id,file_name,recorded_at,conveyor_id,plant_id,operator_id_or_code,fault_label,fault_severity,label_confidence,belt_speed_mps,load_condition,material_type,microphone_position,microphone_device,phone_model,ambient_noise,weather_or_environment,maintenance_state,technician_reviewer,safety_approval,notes
SAMPLE-0001,test2026/test/anomaly_id_01_00000000.wav,,,,,normal,none,high,,,,,,,,,,,,
SAMPLE-0002,test2026/test/anomaly_id_01_00000001.wav,,,,,normal,none,high,,,,,,,,,,,,
SAMPLE-0003,test2026/test/anomaly_id_01_00000002.wav,,,,,normal,none,high,,,,,,,,,,,,
SAMPLE-0004,test2026/test/anomaly_id_01_00000003.wav,,,,,normal,none,high,,,,,,,,,,,,
SAMPLE-0005,test2026/test/anomaly_id_01_00000004.wav,,,,,normal,none,high,,,,,,,,,,,,
SAMPLE-0006,test2026/test/anomaly_id_01_00000005.wav,,,,,normal,none,high,,,,,,,,,,,,
SAMPLE-0007,test2026/test/anomaly_id_01_00000006.wav,,,,,normal,none,high,,,,,,,,,,,,
SAMPLE-0008,test2026/test/anomaly_id_01_00000007.wav,,,,,normal,none,high,,,,,,,,,,,,
SAMPLE-0009,test2026/test/anomaly_id_01_00000008.wav,,,,,normal,none,high,,,,,,,,,,,,
SAMPLE-0010,test2026/test/anomaly_id_01_00000009.wav,,,,,normal,none,high,,,,,,,,,,,,
SAMPLE-0011,test2026/test/anomaly_id_01_00000010.wav,,,,,normal,none,high,,,,,,,,,,,,
SAMPLE-0012,test2026/test/anomaly_id_01_00000011.wav,,,,,normal,none,high,,,,,,,,,,,,
SAMPLE-0013,test2026/test/anomaly_id_01_00000012.wav,,,,,normal,none,high,,,,,,,,,,,,
SAMPLE-0014,test2026/test/anomaly_id_01_00000013.wav,,,,,normal,none,high,,,,,,,,,,,,
SAMPLE-0015,test2026/test/anomaly_id_01_00000014.wav,,,,,normal,none,high,,,,,,,,,,,,
SAMPLE-0016,test2026/test/anomaly_id_01_00000015.wav,,,,,normal,none,high,,,,,,,,,,,,
SAMPLE-0017,test2026/test/anomaly_id_01_00000016.wav,,,,,normal,none,high,,,,,,,,,,,,
SAMPLE-0018,test2026/test/anomaly_id_01_00000017.wav,,,,,normal,none,high,,,,,,,,,,,,
SAMPLE-0019,test2026/test/anomaly_id_01_00000018.wav,,,,,normal,none,high,,,,,,,,,,,,
SAMPLE-0020,test2026/test/anomaly_id_01_00000019.wav,,,,,normal,none,high,,,,,,,,,,,,
SAMPLE-0021,test2026/test/anomaly_id_01_00000020.wav,,,,,normal,none,high,,,,,,,,,,,,
SAMPLE-0022,test2026/test/anomaly_id_01_00000021.wav,,,,,normal,none,high,,,,,,,,,,,,
SAMPLE-0023,test2026/test/anomaly_id_01_00000022.wav,,,,,normal,none,high,,,,,,,,,,,,
SAMPLE-0024,test2026/test/anomaly_id_01_00000023.wav,,,,,normal,none,high,,,,,,,,,,,,
SAMPLE-0025,test2026/test/anomaly_id_01_00000024.wav,,,,,normal,none,high,,,,,,,,,,,,
SAMPLE-0026,test2026/test/anomaly_id_01_00000025.wav,,,,,normal,none,high,,,,,,,,,,,,
SAMPLE-0027,test2026/test/anomaly_id_01_00000026.wav,,,,,normal,none,high,,,,,,,,,,,,
SAMPLE-0028,test2026/test/anomaly_id_01_00000027.wav,,,,,normal,none,high,,,,,,,,,,,,
SAMPLE-0029,test2026/test/anomaly_id_01_00000028.wav,,,,,normal,none,high,,,,,,,,,,,,
SAMPLE-0030,test2026/test/anomaly_id_01_00000029.wav,,,,,normal,none,high,,,,,,,,,,,,
SAMPLE-0031,test2026/test/anomaly_id_01_00000030.wav,,,,,normal,none,high,,,,,,,,,,,,
SAMPLE-0032,test2026/test/anomaly_id_01_00000031.wav,,,,,normal,none,high,,,,,,,,,,,,
SAMPLE-0033,test2026/test/anomaly_id_01_00000032.wav,,,,,normal,none,high,,,,,,,,,,,,
SAMPLE-0034,test2026/test/anomaly_id_01_00000033.wav,,,,,normal,none,high,,,,,,,,,,,,
SAMPLE-0035,test2026/test/anomaly_id_01_00000034.wav,,,,,normal,none,high,,,,,,,,,,,,
SAMPLE-0036,test2026/test/anomaly_id_01_00000035.wav,,,,,normal,none,high,,,,,,,,,,,,
SAMPLE-0037,test2026/test/anomaly_id_01_00000036.wav,,,,,normal,none,high,,,,,,,,,,,,
SAMPLE-0038,test2026/test/anomaly_id_01_00000037.wav,,,,,normal,none,high,,,,,,,,,,,,
SAMPLE-0039,test2026/test/anomaly_id_01_00000038.wav,,,,,normal,none,high,,,,,,,,,,,,
SAMPLE-0040,test2026/test/anomaly_id_01_00000039.wav,,,,,normal,none,high,,,,,,,,,,,,
SAMPLE-0041,test2026/test/anomaly_id_01_00000040.wav,,,,,normal,none,high,,,,,,,,,,,,
SAMPLE-0042,test2026/test/anomaly_id_01_00000041.wav,,,,,normal,none,high,,,,,,,,,,,,
SAMPLE-0043,test2026/test/anomaly_id_01_00000042.wav,,,,,normal,none,high,,,,,,,,,,,,
SAMPLE-0044,test2026/test/anomaly_id_01_00000043.wav,,,,,normal,none,high,,,,,,,,,,,,
SAMPLE-0045,test2026/test/anomaly_id_01_00000044.wav,,,,,normal,none,high,,,,,,,,,,,,
SAMPLE-0046,test2026/test/anomaly_id_01_00000045.wav,,,,,normal,none,high,,,,,,,,,,,,
SAMPLE-0047,test2026/test/anomaly_id_01_00000046.wav,,,,,normal,none,high,,,,,,,,,,,,
SAMPLE-0048,test2026/test/anomaly_id_01_00000047.wav,,,,,normal,none,high,,,,,,,,,,,,
SAMPLE-0049,test2026/test/anomaly_id_01_00000048.wav,,,,,normal,none,high,,,,,,,,,,,,
SAMPLE-0050,test2026/test/anomaly_id_01_00000049.wav,,,,,normal,none,high,,,,,,,,,,,,
SAMPLE-0051,test2026/test/anomaly_id_01_00000050.wav,,,,,normal,none,high,,,,,,,,,,,,
SAMPLE-0052,test2026/test/anomaly_id_01_00000051.wav,,,,,normal,none,high,,,,,,,,,,,,
SAMPLE-0053,test2026/test/anomaly_id_01_00000052.wav,,,,,normal,none,high,,,,,,,,,,,,
SAMPLE-0054,test2026/test/anomaly_id_01_00000053.wav,,,,,normal,none,high,,,,,,,,,,,,
SAMPLE-0055,test2026/test/anomaly_id_01_00000054.wav,,,,,normal,none,high,,,,,,,,,,,,
SAMPLE-0056,test2026/test/anomaly_id_01_00000055.wav,,,,,normal,none,high,,,,,,,,,,,,
SAMPLE-0057,test2026/test/anomaly_id_01_00000056.wav,,,,,normal,none,high,,,,,,,,,,,,
SAMPLE-0058,test2026/test/anomaly_id_01_00000057.wav,,,,,normal,none,high,,,,,,,,,,,,
SAMPLE-0059,test2026/test/anomaly_id_01_00000058.wav,,,,,normal,none,high,,,,,,,,,,,,
SAMPLE-0060,test2026/test/anomaly_id_01_00000059.wav,,,,,normal,none,high,,,,,,,,,,,,
SAMPLE-0061,test2026/test/anomaly_id_01_00000060.wav,,,,,normal,none,high,,,,,,,,,,,,
SAMPLE-0062,test2026/test/anomaly_id_01_00000061.wav,,,,,normal,none,high,,,,,,,,,,,,
SAMPLE-0063,test2026/test/anomaly_id_01_00000062.wav,,,,,normal,none,high,,,,,,,,,,,,
SAMPLE-0064,test2026/test/anomaly_id_01_00000063.wav,,,,,normal,none,high,,,,,,,,,,,,
SAMPLE-0065,test2026/test/anomaly_id_01_00000064.wav,,,,,normal,none,high,,,,,,,,,,,,
SAMPLE-0066,test2026/test/anomaly_id_01_00000065.wav,,,,,normal,none,high,,,,,,,,,,,,
SAMPLE-0067,test2026/test/anomaly_id_01_00000066.wav,,,,,normal,none,high,,,,,,,,,,,,
SAMPLE-0068,test2026/test/anomaly_id_01_00000067.wav,,,,,normal,none,high,,,,,,,,,,,,
SAMPLE-0069,test2026/test/anomaly_id_01_00000068.wav,,,,,normal,none,high,,,,,,,,,,,,
SAMPLE-0070,test2026/test/anomaly_id_01_00000069.wav,,,,,normal,none,high,,,,,,,,,,,,
SAMPLE-0071,test2026/test/anomaly_id_01_00000070.wav,,,,,normal,none,high,,,,,,,,,,,,
SAMPLE-0072,test2026/test/anomaly_id_01_00000071.wav,,,,,normal,none,high,,,,,,,,,,,,
SAMPLE-0073,test2026/test/anomaly_id_01_00000072.wav,,,,,normal,none,high,,,,,,,,,,,,
SAMPLE-0074,test2026/test/anomaly_id_01_00000073.wav,,,,,normal,none,high,,,,,,,,,,,,
SAMPLE-0075,test2026/test/anomaly_id_01_00000074.wav,,,,,normal,none,high,,,,,,,,,,,,
SAMPLE-0076,test2026/test/anomaly_id_01_00000075.wav,,,,,normal,none,high,,,,,,,,,,,,
SAMPLE-0077,test2026/test/anomaly_id_01_00000076.wav,,,,,normal,none,high,,,,,,,,,,,,
SAMPLE-0078,test2026/test/anomaly_id_01_00000077.wav,,,,,normal,none,high,,,,,,,,,,,,
SAMPLE-0079,test2026/test/anomaly_id_01_00000078.wav,,,,,normal,none,high,,,,,,,,,,,,
SAMPLE-0080,test2026/test/anomaly_id_01_00000079.wav,,,,,normal,none,high,,,,,,,,,,,,
SAMPLE-0081,test2026/test/anomaly_id_01_00000080.wav,,,,,normal,none,high,,,,,,,,,,,,
SAMPLE-0082,test2026/test/anomaly_id_01_00000081.wav,,,,,normal,none,high,,,,,,,,,,,,
SAMPLE-0083,test2026/test/anomaly_id_01_00000082.wav,,,,,normal,none,high,,,,,,,,,,,,
SAMPLE-0084,test2026/test/anomaly_id_01_00000083.wav,,,,,normal,none,high,,,,,,,,,,,,
SAMPLE-0085,test2026/test/anomaly_id_01_00000084.wav,,,,,normal,none,high,,,,,,,,,,,,
SAMPLE-0086,test2026/test/anomaly_id_01_00000085.wav,,,,,normal,none,high,,,,,,,,,,,,
SAMPLE-0087,test2026/test/anomaly_id_01_00000086.wav,,,,,normal,none,high,,,,,,,,,,,,
SAMPLE-0088,test2026/test/anomaly_id_01_00000087.wav,,,,,normal,none,high,,,,,,,,,,,,
SAMPLE-0089,test2026/test/anomaly_id_01_00000088.wav,,,,,normal,none,high,,,,,,,,,,,,
SAMPLE-0090,test2026/test/anomaly_id_01_00000089.wav,,,,,normal,none,high,,,,,,,,,,,,
SAMPLE-0091,test2026/test/anomaly_id_01_00000090.wav,,,,,normal,none,high,,,,,,,,,,,,
SAMPLE-0092,test2026/test/anomaly_id_01_00000091.wav,,,,,normal,none,high,,,,,,,,,,,,
SAMPLE-0093,test2026/test/anomaly_id_01_00000092.wav,,,,,normal,none,high,,,,,,,,,,,,
SAMPLE-0094,test2026/test/anomaly_id_01_00000093.wav,,,,,normal,none,high,,,,,,,,,,,,
SAMPLE-0095,test2026/test/anomaly_id_01_00000094.wav,,,,,normal,none,high,,,,,,,,,,,,
SAMPLE-0096,test2026/test/anomaly_id_01_00000095.wav,,,,,normal,none,high,,,,,,,,,,,,
SAMPLE-0097,test2026/test/anomaly_id_01_00000096.wav,,,,,normal,none,high,,,,,,,,,,,,
SAMPLE-0098,test2026/test/anomaly_id_01_00000097.wav,,,,,normal,none,high,,,,,,,,,,,,
SAMPLE-0099,test2026/test/anomaly_id_01_00000098.wav,,,,,normal,none,high,,,,,,,,,,,,
SAMPLE-0100,test2026/test/anomaly_id_01_00000099.wav,,,,,normal,none,high,,,,,,,,,,,,
SAMPLE-0101,test2026/test/anomaly_id_01_00000100.wav,,,,,normal,none,high,,,,,,,,,,,,
SAMPLE-0102,test2026/test/anomaly_id_01_00000101.wav,,,,,normal,none,high,,,,,,,,,,,,
SAMPLE-0103,test2026/test/anomaly_id_01_00000102.wav,,,,,normal,none,high,,,,,,,,,,,,
SAMPLE-0104,test2026/test/anomaly_id_01_00000103.wav,,,,,normal,none,high,,,,,,,,,,,,
SAMPLE-0105,test2026/test/anomaly_id_01_00000104.wav,,,,,normal,none,high,,,,,,,,,,,,
SAMPLE-0106,test2026/test/anomaly_id_01_00000105.wav,,,,,normal,none,high,,,,,,,,,,,,
SAMPLE-0107,test2026/test/anomaly_id_01_00000106.wav,,,,,normal,none,high,,,,,,,,,,,,
SAMPLE-0108,test2026/test/anomaly_id_01_00000107.wav,,,,,normal,none,high,,,,,,,,,,,,
SAMPLE-0109,test2026/test/anomaly_id_01_00000108.wav,,,,,normal,none,high,,,,,,,,,,,,
SAMPLE-0110,test2026/test/anomaly_id_01_00000109.wav,,,,,normal,none,high,,,,,,,,,,,,
SAMPLE-0111,test2026/test/anomaly_id_01_00000110.wav,,,,,normal,none,high,,,,,,,,,,,,
SAMPLE-0112,test2026/test/anomaly_id_01_00000111.wav,,,,,normal,none,high,,,,,,,,,,,,
SAMPLE-0113,test2026/test/anomaly_id_01_00000112.wav,,,,,normal,none,high,,,,,,,,,,,,
SAMPLE-0114,test2026/test/anomaly_id_01_00000113.wav,,,,,normal,none,high,,,,,,,,,,,,
SAMPLE-0115,test2026/test/anomaly_id_01_00000114.wav,,,,,normal,none,high,,,,,,,,,,,,
SAMPLE-0116,test2026/test/anomaly_id_01_00000115.wav,,,,,normal,none,high,,,,,,,,,,,,
SAMPLE-0117,test2026/test/anomaly_id_01_00000116.wav,,,,,normal,none,high,,,,,,,,,,,,
SAMPLE-0118,test2026/test/anomaly_id_01_00000117.wav,,,,,normal,none,high,,,,,,,,,,,,
SAMPLE-0119,test2026/test/anomaly_id_01_00000118.wav,,,,,normal,none,high,,,,,,,,,,,,
SAMPLE-0120,test2026/test/anomaly_id_01_00000119.wav,,,,,normal,none,high,,,,,,,,,,,,
SAMPLE-0121,test2026/test/anomaly_id_01_00000120.wav,,,,,normal,none,high,,,,,,,,,,,,
SAMPLE-0122,test2026/test/anomaly_id_01_00000121.wav,,,,,normal,none,high,,,,,,,,,,,,
SAMPLE-0123,test2026/test/anomaly_id_01_00000122.wav,,,,,normal,none,high,,,,,,,,,,,,
SAMPLE-0124,test2026/test/anomaly_id_01_00000123.wav,,,,,normal,none,high,,,,,,,,,,,,
SAMPLE-0125,test2026/test/anomaly_id_01_00000124.wav,,,,,normal,none,high,,,,,,,,,,,,
SAMPLE-0126,test2026/test/anomaly_id_01_00000125.wav,,,,,normal,none,high,,,,,,,,,,,,
SAMPLE-0127,test2026/test/anomaly_id_01_00000126.wav,,,,,normal,none,high,,,,,,,,,,,,
SAMPLE-0128,test2026/test/anomaly_id_01_00000127.wav,,,,,normal,none,high,,,,,,,,,,,,
SAMPLE-0129,test2026/test/anomaly_id_01_00000128.wav,,,,,normal,none,high,,,,,,,,,,,,
SAMPLE-0130,test2026/test/anomaly_id_01_00000129.wav,,,,,normal,none,high,,,,,,,,,,,,
SAMPLE-0131,test2026/test/anomaly_id_01_00000130.wav,,,,,normal,none,high,,,,,,,,,,,,
SAMPLE-0132,test2026/test/anomaly_id_01_00000131.wav,,,,,normal,none,high,,,,,,,,,,,,
SAMPLE-0133,test2026/test/anomaly_id_01_00000132.wav,,,,,normal,none,high,,,,,,,,,,,,
SAMPLE-0134,test2026/test/anomaly_id_01_00000133.wav,,,,,normal,none,high,,,,,,,,,,,,
SAMPLE-0135,test2026/test/anomaly_id_01_00000134.wav,,,,,normal,none,high,,,,,,,,,,,,
SAMPLE-0136,test2026/test/anomaly_id_01_00000135.wav,,,,,normal,none,high,,,,,,,,,,,,
SAMPLE-0137,test2026/test/anomaly_id_01_00000136.wav,,,,,normal,none,high,,,,,,,,,,,,
SAMPLE-0138,test2026/test/anomaly_id_01_00000137.wav,,,,,normal,none,high,,,,,,,,,,,,
SAMPLE-0139,test2026/test/anomaly_id_01_00000138.wav,,,,,normal,none,high,,,,,,,,,,,,
SAMPLE-0140,test2026/test/anomaly_id_01_00000139.wav,,,,,normal,none,high,,,,,,,,,,,,
SAMPLE-0141,test2026/test/anomaly_id_01_00000140.wav,,,,,normal,none,high,,,,,,,,,,,,
SAMPLE-0142,test2026/test/anomaly_id_01_00000141.wav,,,,,normal,none,high,,,,,,,,,,,,
SAMPLE-0143,test2026/test/anomaly_id_01_00000142.wav,,,,,normal,none,high,,,,,,,,,,,,
SAMPLE-0144,test2026/test/anomaly_id_01_00000143.wav,,,,,normal,none,high,,,,,,,,,,,,
SAMPLE-0145,test2026/test/anomaly_id_01_00000144.wav,,,,,normal,none,high,,,,,,,,,,,,
SAMPLE-0146,test2026/test/anomaly_id_01_00000145.wav,,,,,normal,none,high,,,,,,,,,,,,
SAMPLE-0147,test2026/test/anomaly_id_01_00000146.wav,,,,,normal,none,high,,,,,,,,,,,,
SAMPLE-0148,test2026/test/anomaly_id_01_00000147.wav,,,,,normal,none,high,,,,,,,,,,,,
SAMPLE-0149,test2026/test/anomaly_id_01_00000148.wav,,,,,normal,none,high,,,,,,,,,,,,
SAMPLE-0150,test2026/test/anomaly_id_01_00000149.wav,,,,,normal,none,high,,,,,,,,,,,,
SAMPLE-0151,test2026/test/anomaly_id_01_00000150.wav,,,,,normal,none,high,,,,,,,,,,,,
SAMPLE-0152,test2026/test/anomaly_id_01_00000151.wav,,,,,normal,none,high,,,,,,,,,,,,
SAMPLE-0153,test2026/test/anomaly_id_01_00000152.wav,,,,,normal,none,high,,,,,,,,,,,,
SAMPLE-0154,test2026/test/anomaly_id_01_00000153.wav,,,,,normal,none,high,,,,,,,,,,,,
SAMPLE-0155,test2026/test/anomaly_id_01_00000154.wav,,,,,normal,none,high,,,,,,,,,,,,
SAMPLE-0156,test2026/test/anomaly_id_01_00000155.wav,,,,,normal,none,high,,,,,,,,,,,,
SAMPLE-0157,test2026/test/anomaly_id_01_00000156.wav,,,,,normal,none,high,,,,,,,,,,,,
SAMPLE-0158,test2026/test/anomaly_id_01_00000157.wav,,,,,normal,none,high,,,,,,,,,,,,
SAMPLE-0159,test2026/test/anomaly_id_01_00000158.wav,,,,,normal,none,high,,,,,,,,,,,,
SAMPLE-0160,test2026/test/anomaly_id_01_00000159.wav,,,,,normal,none,high,,,,,,,,,,,,
SAMPLE-0161,test2026/test/anomaly_id_01_00000160.wav,,,,,normal,none,high,,,,,,,,,,,,
SAMPLE-0162,test2026/test/anomaly_id_01_00000161.wav,,,,,normal,none,high,,,,,,,,,,,,
SAMPLE-0163,test2026/test/anomaly_id_01_00000162.wav,,,,,normal,none,high,,,,,,,,,,,,
SAMPLE-0164,test2026/test/anomaly_id_01_00000163.wav,,,,,normal,none,high,,,,,,,,,,,,
SAMPLE-0165,test2026/test/anomaly_id_01_00000164.wav,,,,,normal,none,high,,,,,,,,,,,,
SAMPLE-0166,test2026/test/anomaly_id_01_00000165.wav,,,,,normal,none,high,,,,,,,,,,,,
SAMPLE-0167,test2026/test/anomaly_id_01_00000166.wav,,,,,normal,none,high,,,,,,,,,,,,
SAMPLE-0168,test2026/test/anomaly_id_01_00000167.wav,,,,,normal,none,high,,,,,,,,,,,,
SAMPLE-0169,test2026/test/anomaly_id_01_00000168.wav,,,,,normal,none,high,,,,,,,,,,,,
SAMPLE-0170,test2026/test/anomaly_id_01_00000169.wav,,,,,normal,none,high,,,,,,,,,,,,
SAMPLE-0171,test2026/test/anomaly_id_01_00000170.wav,,,,,normal,none,high,,,,,,,,,,,,
SAMPLE-0172,test2026/test/anomaly_id_01_00000171.wav,,,,,normal,none,high,,,,,,,,,,,,
SAMPLE-0173,test2026/test/anomaly_id_01_00000172.wav,,,,,normal,none,high,,,,,,,,,,,,
SAMPLE-0174,test2026/test/anomaly_id_01_00000173.wav,,,,,normal,none,high,,,,,,,,,,,,
SAMPLE-0175,test2026/test/anomaly_id_01_00000174.wav,,,,,normal,none,high,,,,,,,,,,,,
SAMPLE-0176,test2026/test/anomaly_id_01_00000175.wav,,,,,normal,none,high,,,,,,,,,,,,
SAMPLE-0177,test2026/test/anomaly_id_01_00000176.wav,,,,,normal,none,high,,,,,,,,,,,,
SAMPLE-0178,test2026/test/anomaly_id_01_00000177.wav,,,,,normal,none,high,,,,,,,,,,,,
SAMPLE-0179,test2026/test/anomaly_id_01_00000178.wav,,,,,normal,none,high,,,,,,,,,,,,
SAMPLE-0180,test2026/test/anomaly_id_01_00000179.wav,,,,,normal,none,high,,,,,,,,,,,,
SAMPLE-0181,test2026/test/anomaly_id_01_00000180.wav,,,,,normal,none,high,,,,,,,,,,,,
SAMPLE-0182,test2026/test/anomaly_id_01_00000181.wav,,,,,normal,none,high,,,,,,,,,,,,
SAMPLE-0183,test2026/test/anomaly_id_01_00000182.wav,,,,,normal,none,high,,,,,,,,,,,,
SAMPLE-0184,test2026/test/anomaly_id_01_00000183.wav,,,,,normal,none,high,,,,,,,,,,,,
SAMPLE-0185,test2026/test/anomaly_id_01_00000184.wav,,,,,normal,none,high,,,,,,,,,,,,
SAMPLE-0186,test2026/test/anomaly_id_01_00000185.wav,,,,,normal,none,high,,,,,,,,,,,,
SAMPLE-0187,test2026/test/anomaly_id_01_00000186.wav,,,,,normal,none,high,,,,,,,,,,,,
SAMPLE-0188,test2026/test/anomaly_id_01_00000187.wav,,,,,normal,none,high,,,,,,,,,,,,
SAMPLE-0189,test2026/test/anomaly_id_01_00000188.wav,,,,,normal,none,high,,,,,,,,,,,,
SAMPLE-0190,test2026/test/anomaly_id_01_00000189.wav,,,,,normal,none,high,,,,,,,,,,,,
SAMPLE-0191,test2026/test/anomaly_id_01_00000190.wav,,,,,normal,none,high,,,,,,,,,,,,
SAMPLE-0192,test2026/test/anomaly_id_01_00000191.wav,,,,,normal,none,high,,,,,,,,,,,,
SAMPLE-0193,test2026/test/anomaly_id_01_00000192.wav,,,,,normal,none,high,,,,,,,,,,,,
SAMPLE-0194,test2026/test/anomaly_id_01_00000193.wav,,,,,normal,none,high,,,,,,,,,,,,
SAMPLE-0195,test2026/test/anomaly_id_01_00000194.wav,,,,,normal,none,high,,,,,,,,,,,,
SAMPLE-0196,test2026/test/anomaly_id_01_00000195.wav,,,,,normal,none,high,,,,,,,,,,,,
SAMPLE-0197,test2026/test/anomaly_id_01_00000196.wav,,,,,normal,none,high,,,,,,,,,,,,
SAMPLE-0198,test2026/test/anomaly_id_01_00000197.wav,,,,,normal,none,high,,,,,,,,,,,,
SAMPLE-0199,test2026/test/anomaly_id_01_00000198.wav,,,,,normal,none,high,,,,,,,,,,,,
SAMPLE-0200,test2026/test/anomaly_id_01_00000199.wav,,,,,normal,none,high,,,,,,,,,,,,
SAMPLE-0201,test2026/test/anomaly_id_01_00000200.wav,,,,,normal,none,high,,,,,,,,,,,,
SAMPLE-0202,test2026/test/anomaly_id_01_00000201.wav,,,,,normal,none,high,,,,,,,,,,,,
SAMPLE-0203,test2026/test/anomaly_id_01_00000202.wav,,,,,normal,none,high,,,,,,,,,,,,
SAMPLE-0204,test2026/test/anomaly_id_01_00000203.wav,,,,,normal,none,high,,,,,,,,,,,,
SAMPLE-0205,test2026/test/anomaly_id_01_00000204.wav,,,,,normal,none,high,,,,,,,,,,,,
SAMPLE-0206,test2026/test/anomaly_id_01_00000205.wav,,,,,normal,none,high,,,,,,,,,,,,
SAMPLE-0207,test2026/test/anomaly_id_01_00000206.wav,,,,,normal,none,high,,,,,,,,,,,,
SAMPLE-0208,test2026/test/anomaly_id_01_00000207.wav,,,,,normal,none,high,,,,,,,,,,,,
SAMPLE-0209,test2026/test/anomaly_id_01_00000208.wav,,,,,normal,none,high,,,,,,,,,,,,
SAMPLE-0210,test2026/test/anomaly_id_01_00000209.wav,,,,,normal,none,high,,,,,,,,,,,,
SAMPLE-0211,test2026/test/anomaly_id_01_00000210.wav,,,,,normal,none,high,,,,,,,,,,,,
SAMPLE-0212,test2026/test/anomaly_id_01_00000211.wav,,,,,normal,none,high,,,,,,,,,,,,
SAMPLE-0213,test2026/test/anomaly_id_01_00000212.wav,,,,,normal,none,high,,,,,,,,,,,,
SAMPLE-0214,test2026/test/anomaly_id_01_00000213.wav,,,,,normal,none,high,,,,,,,,,,,,
SAMPLE-0215,test2026/test/anomaly_id_01_00000214.wav,,,,,normal,none,high,,,,,,,,,,,,
SAMPLE-0216,test2026/test/anomaly_id_01_00000215.wav,,,,,normal,none,high,,,,,,,,,,,,
SAMPLE-0217,test2026/test/anomaly_id_01_00000216.wav,,,,,normal,none,high,,,,,,,,,,,,
SAMPLE-0218,test2026/test/anomaly_id_01_00000217.wav,,,,,normal,none,high,,,,,,,,,,,,
SAMPLE-0219,test2026/test/anomaly_id_01_00000218.wav,,,,,normal,none,high,,,,,,,,,,,,
SAMPLE-0220,test2026/test/anomaly_id_01_00000219.wav,,,,,normal,none,high,,,,,,,,,,,,
SAMPLE-0221,test2026/test/anomaly_id_01_00000220.wav,,,,,normal,none,high,,,,,,,,,,,,
SAMPLE-0222,test2026/test/anomaly_id_01_00000221.wav,,,,,normal,none,high,,,,,,,,,,,,
SAMPLE-0223,test2026/test/anomaly_id_01_00000222.wav,,,,,normal,none,high,,,,,,,,,,,,
SAMPLE-0224,test2026/test/anomaly_id_01_00000223.wav,,,,,normal,none,high,,,,,,,,,,,,
SAMPLE-0225,test2026/test/anomaly_id_01_00000224.wav,,,,,normal,none,high,,,,,,,,,,,,
SAMPLE-0226,test2026/test/anomaly_id_01_00000225.wav,,,,,normal,none,high,,,,,,,,,,,,
SAMPLE-0227,test2026/test/anomaly_id_01_00000226.wav,,,,,normal,none,high,,,,,,,,,,,,
SAMPLE-0228,test2026/test/anomaly_id_01_00000227.wav,,,,,normal,none,high,,,,,,,,,,,,
SAMPLE-0229,test2026/test/anomaly_id_01_00000228.wav,,,,,normal,none,high,,,,,,,,,,,,
SAMPLE-0230,test2026/test/anomaly_id_01_00000229.wav,,,,,normal,none,high,,,,,,,,,,,,
SAMPLE-0231,test2026/test/anomaly_id_01_00000230.wav,,,,,normal,none,high,,,,,,,,,,,,
SAMPLE-0232,test2026/test/anomaly_id_01_00000231.wav,,,,,normal,none,high,,,,,,,,,,,,
SAMPLE-0233,test2026/test/anomaly_id_01_00000232.wav,,,,,normal,none,high,,,,,,,,,,,,
SAMPLE-0234,test2026/test/anomaly_id_01_00000233.wav,,,,,normal,none,high,,,,,,,,,,,,
SAMPLE-0235,test2026/test/anomaly_id_01_00000234.wav,,,,,normal,none,high,,,,,,,,,,,,
SAMPLE-0236,test2026/test/anomaly_id_01_00000235.wav,,,,,normal,none,high,,,,,,,,,,,,
SAMPLE-0237,test2026/test/anomaly_id_01_00000236.wav,,,,,normal,none,high,,,,,,,,,,,,
SAMPLE-0238,test2026/test/anomaly_id_01_00000237.wav,,,,,normal,none,high,,,,,,,,,,,,
SAMPLE-0239,test2026/test/anomaly_id_01_00000238.wav,,,,,normal,none,high,,,,,,,,,,,,
SAMPLE-0240,test2026/test/anomaly_id_01_00000239.wav,,,,,normal,none,high,,,,,,,,,,,,
SAMPLE-0241,test2026/test/anomaly_id_01_00000240.wav,,,,,normal,none,high,,,,,,,,,,,,
SAMPLE-0242,test2026/test/anomaly_id_01_00000241.wav,,,,,normal,none,high,,,,,,,,,,,,
SAMPLE-0243,test2026/test/anomaly_id_01_00000242.wav,,,,,normal,none,high,,,,,,,,,,,,
SAMPLE-0244,test2026/test/anomaly_id_01_00000243.wav,,,,,normal,none,high,,,,,,,,,,,,
SAMPLE-0245,test2026/test/anomaly_id_01_00000244.wav,,,,,normal,none,high,,,,,,,,,,,,
SAMPLE-0246,test2026/test/anomaly_id_01_00000245.wav,,,,,normal,none,high,,,,,,,,,,,,
SAMPLE-0247,test2026/test/anomaly_id_01_00000246.wav,,,,,normal,none,high,,,,,,,,,,,,
SAMPLE-0248,test2026/test/anomaly_id_01_00000247.wav,,,,,normal,none,high,,,,,,,,,,,,
SAMPLE-0249,test2026/test/anomaly_id_01_00000248.wav,,,,,normal,none,high,,,,,,,,,,,,
SAMPLE-0250,test2026/test/anomaly_id_01_00000249.wav,,,,,normal,none,high,,,,,,,,,,,,
SAMPLE-0251,test2026/test/anomaly_id_01_00000250.wav,,,,,normal,none,high,,,,,,,,,,,,
SAMPLE-0252,test2026/test/anomaly_id_01_00000251.wav,,,,,normal,none,high,,,,,,,,,,,,
SAMPLE-0253,test2026/test/anomaly_id_01_00000252.wav,,,,,normal,none,high,,,,,,,,,,,,
SAMPLE-0254,test2026/test/anomaly_id_01_00000253.wav,,,,,normal,none,high,,,,,,,,,,,,
SAMPLE-0255,test2026/test/anomaly_id_01_00000254.wav,,,,,normal,none,high,,,,,,,,,,,,
SAMPLE-0256,test2026/test/anomaly_id_01_00000255.wav,,,,,normal,none,high,,,,,,,,,,,,
SAMPLE-0257,test2026/test/anomaly_id_01_00000256.wav,,,,,normal,none,high,,,,,,,,,,,,
SAMPLE-0258,test2026/test/anomaly_id_01_00000257.wav,,,,,normal,none,high,,,,,,,,,,,,
SAMPLE-0259,test2026/test/anomaly_id_01_00000258.wav,,,,,normal,none,high,,,,,,,,,,,,
SAMPLE-0260,test2026/test/anomaly_id_01_00000259.wav,,,,,normal,none,high,,,,,,,,,,,,
SAMPLE-0261,test2026/test/anomaly_id_01_00000260.wav,,,,,normal,none,high,,,,,,,,,,,,
SAMPLE-0262,test2026/test/anomaly_id_01_00000261.wav,,,,,normal,none,high,,,,,,,,,,,,
SAMPLE-0263,test2026/test/anomaly_id_01_00000262.wav,,,,,normal,none,high,,,,,,,,,,,,
SAMPLE-0264,test2026/test/anomaly_id_01_00000263.wav,,,,,normal,none,high,,,,,,,,,,,,
SAMPLE-0265,test2026/test/anomaly_id_01_00000264.wav,,,,,normal,none,high,,,,,,,,,,,,
SAMPLE-0266,test2026/test/anomaly_id_01_00000265.wav,,,,,normal,none,high,,,,,,,,,,,,
SAMPLE-0267,test2026/test/anomaly_id_01_00000266.wav,,,,,normal,none,high,,,,,,,,,,,,
SAMPLE-0268,test2026/test/anomaly_id_01_00000267.wav,,,,,normal,none,high,,,,,,,,,,,,
SAMPLE-0269,test2026/test/anomaly_id_01_00000268.wav,,,,,normal,none,high,,,,,,,,,,,,
SAMPLE-0270,test2026/test/anomaly_id_01_00000269.wav,,,,,normal,none,high,,,,,,,,,,,,
SAMPLE-0271,test2026/test/anomaly_id_01_00000270.wav,,,,,normal,none,high,,,,,,,,,,,,
SAMPLE-0272,test2026/test/anomaly_id_01_00000271.wav,,,,,normal,none,high,,,,,,,,,,,,
SAMPLE-0273,test2026/test/anomaly_id_01_00000272.wav,,,,,normal,none,high,,,,,,,,,,,,
SAMPLE-0274,test2026/test/anomaly_id_01_00000273.wav,,,,,normal,none,high,,,,,,,,,,,,
SAMPLE-0275,test2026/test/anomaly_id_01_00000274.wav,,,,,normal,none,high,,,,,,,,,,,,
SAMPLE-0276,test2026/test/anomaly_id_01_00000275.wav,,,,,normal,none,high,,,,,,,,,,,,
SAMPLE-0277,test2026/test/anomaly_id_01_00000276.wav,,,,,normal,none,high,,,,,,,,,,,,
SAMPLE-0278,test2026/test/anomaly_id_01_00000277.wav,,,,,normal,none,high,,,,,,,,,,,,
SAMPLE-0279,test2026/test/anomaly_id_01_00000278.wav,,,,,normal,none,high,,,,,,,,,,,,
SAMPLE-0280,test2026/test/anomaly_id_01_00000279.wav,,,,,normal,none,high,,,,,,,,,,,,
SAMPLE-0281,test2026/test/anomaly_id_01_00000280.wav,,,,,normal,none,high,,,,,,,,,,,,
SAMPLE-0282,test2026/test/anomaly_id_01_00000281.wav,,,,,normal,none,high,,,,,,,,,,,,
SAMPLE-0283,test2026/test/anomaly_id_01_00000282.wav,,,,,normal,none,high,,,,,,,,,,,,
SAMPLE-0284,test2026/test/anomaly_id_01_00000283.wav,,,,,normal,none,high,,,,,,,,,,,,
SAMPLE-0285,test2026/test/anomaly_id_01_00000284.wav,,,,,normal,none,high,,,,,,,,,,,,
SAMPLE-0286,test2026/test/anomaly_id_01_00000285.wav,,,,,normal,none,high,,,,,,,,,,,,
SAMPLE-0287,test2026/test/anomaly_id_01_00000286.wav,,,,,normal,none,high,,,,,,,,,,,,
SAMPLE-0288,test2026/test/anomaly_id_01_00000287.wav,,,,,normal,none,high,,,,,,,,,,,,
SAMPLE-0289,test2026/test/anomaly_id_01_00000288.wav,,,,,normal,none,high,,,,,,,,,,,,
SAMPLE-0290,test2026/test/anomaly_id_01_00000289.wav,,,,,normal,none,high,,,,,,,,,,,,
SAMPLE-0291,test2026/test/anomaly_id_01_00000290.wav,,,,,normal,none,high,,,,,,,,,,,,
SAMPLE-0292,test2026/test/anomaly_id_01_00000291.wav,,,,,normal,none,high,,,,,,,,,,,,
SAMPLE-0293,test2026/test/anomaly_id_01_00000292.wav,,,,,normal,none,high,,,,,,,,,,,,
SAMPLE-0294,test2026/test/anomaly_id_01_00000293.wav,,,,,normal,none,high,,,,,,,,,,,,
SAMPLE-0295,test2026/test/anomaly_id_01_00000294.wav,,,,,normal,none,high,,,,,,,,,,,,
SAMPLE-0296,test2026/test/anomaly_id_01_00000295.wav,,,,,normal,none,high,,,,,,,,,,,,
SAMPLE-0297,test2026/test/anomaly_id_01_00000296.wav,,,,,normal,none,high,,,,,,,,,,,,
SAMPLE-0298,test2026/test/anomaly_id_01_00000297.wav,,,,,normal,none,high,,,,,,,,,,,,
SAMPLE-0299,test2026/test/anomaly_id_01_00000298.wav,,,,,normal,none,high,,,,,,,,,,,,
SAMPLE-0300,test2026/test/anomaly_id_01_00000299.wav,,,,,normal,none,high,,,,,,,,,,,,
SAMPLE-0301,test2026/test/anomaly_id_01_00000300.wav,,,,,normal,none,high,,,,,,,,,,,,
SAMPLE-0302,test2026/test/anomaly_id_01_00000301.wav,,,,,normal,none,high,,,,,,,,,,,,
SAMPLE-0303,test2026/test/anomaly_id_01_00000302.wav,,,,,normal,none,high,,,,,,,,,,,,
SAMPLE-0304,test2026/test/anomaly_id_01_00000303.wav,,,,,normal,none,high,,,,,,,,,,,,
SAMPLE-0305,test2026/test/anomaly_id_01_00000304.wav,,,,,normal,none,high,,,,,,,,,,,,
SAMPLE-0306,test2026/test/anomaly_id_01_00000305.wav,,,,,normal,none,high,,,,,,,,,,,,
SAMPLE-0307,test2026/test/anomaly_id_01_00000306.wav,,,,,normal,none,high,,,,,,,,,,,,
SAMPLE-0308,test2026/test/anomaly_id_01_00000307.wav,,,,,normal,none,high,,,,,,,,,,,,
SAMPLE-0309,test2026/test/anomaly_id_01_00000308.wav,,,,,normal,none,high,,,,,,,,,,,,
SAMPLE-0310,test2026/test/anomaly_id_01_00000309.wav,,,,,normal,none,high,,,,,,,,,,,,
SAMPLE-0311,test2026/test/anomaly_id_01_00000310.wav,,,,,normal,none,high,,,,,,,,,,,,
SAMPLE-0312,test2026/test/anomaly_id_01_00000311.wav,,,,,normal,none,high,,,,,,,,,,,,
SAMPLE-0313,test2026/test/anomaly_id_01_00000312.wav,,,,,normal,none,high,,,,,,,,,,,,
SAMPLE-0314,test2026/test/anomaly_id_01_00000313.wav,,,,,normal,none,high,,,,,,,,,,,,
SAMPLE-0315,test2026/test/anomaly_id_01_00000314.wav,,,,,normal,none,high,,,,,,,,,,,,
SAMPLE-0316,test2026/test/anomaly_id_01_00000315.wav,,,,,normal,none,high,,,,,,,,,,,,
SAMPLE-0317,test2026/test/anomaly_id_01_00000316.wav,,,,,normal,none,high,,,,,,,,,,,,
SAMPLE-0318,test2026/test/anomaly_id_01_00000317.wav,,,,,normal,none,high,,,,,,,,,,,,
SAMPLE-0319,test2026/test/anomaly_id_01_00000318.wav,,,,,normal,none,high,,,,,,,,,,,,
SAMPLE-0320,test2026/test/anomaly_id_01_00000319.wav,,,,,normal,none,high,,,,,,,,,,,,
SAMPLE-0321,test2026/test/anomaly_id_01_00000320.wav,,,,,normal,none,high,,,,,,,,,,,,
SAMPLE-0322,test2026/test/anomaly_id_01_00000321.wav,,,,,normal,none,high,,,,,,,,,,,,
SAMPLE-0323,test2026/test/anomaly_id_01_00000322.wav,,,,,normal,none,high,,,,,,,,,,,,
SAMPLE-0324,test2026/test/anomaly_id_01_00000323.wav,,,,,normal,none,high,,,,,,,,,,,,
SAMPLE-0325,test2026/test/anomaly_id_01_00000324.wav,,,,,normal,none,high,,,,,,,,,,,,
SAMPLE-0326,test2026/test/anomaly_id_01_00000325.wav,,,,,normal,none,high,,,,,,,,,,,,
SAMPLE-0327,test2026/test/anomaly_id_01_00000326.wav,,,,,normal,none,high,,,,,,,,,,,,
SAMPLE-0328,test2026/test/anomaly_id_01_00000327.wav,,,,,normal,none,high,,,,,,,,,,,,
SAMPLE-0329,test2026/test/anomaly_id_01_00000328.wav,,,,,normal,none,high,,,,,,,,,,,,
SAMPLE-0330,test2026/test/anomaly_id_01_00000329.wav,,,,,normal,none,high,,,,,,,,,,,,
SAMPLE-0331,test2026/test/anomaly_id_01_00000330.wav,,,,,normal,none,high,,,,,,,,,,,,
SAMPLE-0332,test2026/test/anomaly_id_01_00000331.wav,,,,,normal,none,high,,,,,,,,,,,,
SAMPLE-0333,test2026/test/anomaly_id_01_00000332.wav,,,,,normal,none,high,,,,,,,,,,,,
SAMPLE-0334,test2026/test/anomaly_id_01_00000333.wav,,,,,normal,none,high,,,,,,,,,,,,
SAMPLE-0335,test2026/test/anomaly_id_01_00000334.wav,,,,,normal,none,high,,,,,,,,,,,,
SAMPLE-0336,test2026/test/anomaly_id_01_00000335.wav,,,,,normal,none,high,,,,,,,,,,,,
SAMPLE-0337,test2026/test/anomaly_id_01_00000336.wav,,,,,normal,none,high,,,,,,,,,,,,
SAMPLE-0338,test2026/test/anomaly_id_01_00000337.wav,,,,,normal,none,high,,,,,,,,,,,,
SAMPLE-0339,test2026/test/anomaly_id_01_00000338.wav,,,,,normal,none,high,,,,,,,,,,,,
SAMPLE-0340,test2026/test/anomaly_id_01_00000339.wav,,,,,normal,none,high,,,,,,,,,,,,
SAMPLE-0341,test2026/test/anomaly_id_01_00000340.wav,,,,,normal,none,high,,,,,,,,,,,,
SAMPLE-0342,test2026/test/anomaly_id_01_00000341.wav,,,,,normal,none,high,,,,,,,,,,,,
SAMPLE-0343,test2026/test/anomaly_id_01_00000342.wav,,,,,normal,none,high,,,,,,,,,,,,
SAMPLE-0344,test2026/test/anomaly_id_01_00000343.wav,,,,,normal,none,high,,,,,,,,,,,,
SAMPLE-0345,test2026/test/anomaly_id_01_00000344.wav,,,,,normal,none,high,,,,,,,,,,,,
SAMPLE-0346,test2026/test/anomaly_id_01_00000345.wav,,,,,normal,none,high,,,,,,,,,,,,
SAMPLE-0347,test2026/test/anomaly_id_01_00000346.wav,,,,,normal,none,high,,,,,,,,,,,,
SAMPLE-0348,test2026/test/anomaly_id_01_00000347.wav,,,,,normal,none,high,,,,,,,,,,,,
SAMPLE-0349,test2026/test/anomaly_id_01_00000348.wav,,,,,normal,none,high,,,,,,,,,,,,
SAMPLE-0350,test2026/test/anomaly_id_01_00000349.wav,,,,,normal,none,high,,,,,,,,,,,,
SAMPLE-0351,test2026/test/anomaly_id_01_00000350.wav,,,,,normal,none,high,,,,,,,,,,,,
SAMPLE-0352,test2026/test/anomaly_id_01_00000351.wav,,,,,normal,none,high,,,,,,,,,,,,
SAMPLE-0353,test2026/test/anomaly_id_01_00000352.wav,,,,,normal,none,high,,,,,,,,,,,,
SAMPLE-0354,test2026/test/anomaly_id_01_00000353.wav,,,,,normal,none,high,,,,,,,,,,,,
SAMPLE-0355,test2026/test/anomaly_id_01_00000354.wav,,,,,normal,none,high,,,,,,,,,,,,
SAMPLE-0356,test2026/test/anomaly_id_01_00000355.wav,,,,,normal,none,high,,,,,,,,,,,,
SAMPLE-0357,test2026/test/anomaly_id_01_00000356.wav,,,,,normal,none,high,,,,,,,,,,,,
SAMPLE-0358,test2026/test/anomaly_id_01_00000357.wav,,,,,normal,none,high,,,,,,,,,,,,
SAMPLE-0359,test2026/test/anomaly_id_01_00000358.wav,,,,,normal,none,high,,,,,,,,,,,,
SAMPLE-0360,test2026/test/anomaly_id_01_00000359.wav,,,,,normal,none,high,,,,,,,,,,,,
SAMPLE-0361,test2026/test/anomaly_id_01_00000360.wav,,,,,normal,none,high,,,,,,,,,,,,
SAMPLE-0362,test2026/test/anomaly_id_01_00000361.wav,,,,,normal,none,high,,,,,,,,,,,,
SAMPLE-0363,test2026/test/anomaly_id_01_00000362.wav,,,,,normal,none,high,,,,,,,,,,,,
SAMPLE-0364,test2026/test/anomaly_id_01_00000363.wav,,,,,normal,none,high,,,,,,,,,,,,
SAMPLE-0365,test2026/test/anomaly_id_01_00000364.wav,,,,,normal,none,high,,,,,,,,,,,,
SAMPLE-0366,test2026/test/anomaly_id_01_00000365.wav,,,,,normal,none,high,,,,,,,,,,,,
SAMPLE-0367,test2026/test/anomaly_id_01_00000366.wav,,,,,normal,none,high,,,,,,,,,,,,
SAMPLE-0368,test2026/test/anomaly_id_01_00000367.wav,,,,,normal,none,high,,,,,,,,,,,,
SAMPLE-0369,test2026/test/anomaly_id_01_00000368.wav,,,,,normal,none,high,,,,,,,,,,,,
SAMPLE-0370,test2026/test/anomaly_id_01_00000369.wav,,,,,normal,none,high,,,,,,,,,,,,
SAMPLE-0371,test2026/test/anomaly_id_01_00000370.wav,,,,,normal,none,high,,,,,,,,,,,,
SAMPLE-0372,test2026/test/anomaly_id_01_00000371.wav,,,,,normal,none,high,,,,,,,,,,,,
SAMPLE-0373,test2026/test/anomaly_id_01_00000372.wav,,,,,normal,none,high,,,,,,,,,,,,
SAMPLE-0374,test2026/test/anomaly_id_01_00000373.wav,,,,,normal,none,high,,,,,,,,,,,,
SAMPLE-0375,test2026/test/anomaly_id_01_00000374.wav,,,,,normal,none,high,,,,,,,,,,,,
SAMPLE-0376,test2026/test/anomaly_id_01_00000375.wav,,,,,normal,none,high,,,,,,,,,,,,
SAMPLE-0377,test2026/test/anomaly_id_01_00000376.wav,,,,,normal,none,high,,,,,,,,,,,,
SAMPLE-0378,test2026/test/anomaly_id_01_00000377.wav,,,,,normal,none,high,,,,,,,,,,,,
SAMPLE-0379,test2026/test/anomaly_id_01_00000378.wav,,,,,normal,none,high,,,,,,,,,,,,
SAMPLE-0380,test2026/test/anomaly_id_01_00000379.wav,,,,,normal,none,high,,,,,,,,,,,,
SAMPLE-0381,test2026/test/anomaly_id_01_00000380.wav,,,,,normal,none,high,,,,,,,,,,,,
SAMPLE-0382,test2026/test/anomaly_id_01_00000381.wav,,,,,normal,none,high,,,,,,,,,,,,
SAMPLE-0383,test2026/test/anomaly_id_01_00000382.wav,,,,,normal,none,high,,,,,,,,,,,,
SAMPLE-0384,test2026/test/anomaly_id_01_00000383.wav,,,,,normal,none,high,,,,,,,,,,,,
SAMPLE-0385,test2026/test/anomaly_id_01_00000384.wav,,,,,normal,none,high,,,,,,,,,,,,
SAMPLE-0386,test2026/test/anomaly_id_01_00000385.wav,,,,,normal,none,high,,,,,,,,,,,,
SAMPLE-0387,test2026/test/anomaly_id_01_00000386.wav,,,,,normal,none,high,,,,,,,,,,,,
SAMPLE-0388,test2026/test/anomaly_id_01_00000387.wav,,,,,normal,none,high,,,,,,,,,,,,
SAMPLE-0389,test2026/test/anomaly_id_01_00000388.wav,,,,,normal,none,high,,,,,,,,,,,,
SAMPLE-0390,test2026/test/anomaly_id_01_00000389.wav,,,,,normal,none,high,,,,,,,,,,,,
SAMPLE-0391,test2026/test/anomaly_id_01_00000390.wav,,,,,normal,none,high,,,,,,,,,,,,
SAMPLE-0392,test2026/test/anomaly_id_01_00000391.wav,,,,,normal,none,high,,,,,,,,,,,,
SAMPLE-0393,test2026/test/anomaly_id_01_00000392.wav,,,,,normal,none,high,,,,,,,,,,,,
SAMPLE-0394,test2026/test/anomaly_id_01_00000393.wav,,,,,normal,none,high,,,,,,,,,,,,
SAMPLE-0395,test2026/test/anomaly_id_01_00000394.wav,,,,,normal,none,high,,,,,,,,,,,,
SAMPLE-0396,test2026/test/anomaly_id_01_00000395.wav,,,,,normal,none,high,,,,,,,,,,,,
SAMPLE-0397,test2026/test/anomaly_id_01_00000396.wav,,,,,normal,none,high,,,,,,,,,,,,
SAMPLE-0398,test2026/test/anomaly_id_01_00000397.wav,,,,,normal,none,high,,,,,,,,,,,,
SAMPLE-0399,test2026/test/anomaly_id_01_00000398.wav,,,,,normal,none,high,,,,,,,,,,,,
SAMPLE-0400,test2026/test/anomaly_id_01_00000399.wav,,,,,normal,none,high,,,,,,,,,,,,
SAMPLE-0401,test2026/test/anomaly_id_02_00000000.wav,,,,,normal,none,high,,,,,,,,,,,,
SAMPLE-0402,test2026/test/anomaly_id_02_00000001.wav,,,,,normal,none,high,,,,,,,,,,,,
SAMPLE-0403,test2026/test/anomaly_id_02_00000002.wav,,,,,normal,none,high,,,,,,,,,,,,
SAMPLE-0404,test2026/test/anomaly_id_02_00000003.wav,,,,,normal,none,high,,,,,,,,,,,,
SAMPLE-0405,test2026/test/anomaly_id_02_00000004.wav,,,,,normal,none,high,,,,,,,,,,,,
SAMPLE-0406,test2026/test/anomaly_id_02_00000005.wav,,,,,normal,none,high,,,,,,,,,,,,
SAMPLE-0407,test2026/test/anomaly_id_02_00000006.wav,,,,,normal,none,high,,,,,,,,,,,,
SAMPLE-0408,test2026/test/anomaly_id_02_00000007.wav,,,,,normal,none,high,,,,,,,,,,,,
SAMPLE-0409,test2026/test/anomaly_id_02_00000008.wav,,,,,normal,none,high,,,,,,,,,,,,
SAMPLE-0410,test2026/test/anomaly_id_02_00000009.wav,,,,,normal,none,high,,,,,,,,,,,,
SAMPLE-0411,test2026/test/anomaly_id_02_00000010.wav,,,,,normal,none,high,,,,,,,,,,,,
SAMPLE-0412,test2026/test/anomaly_id_02_00000011.wav,,,,,normal,none,high,,,,,,,,,,,,
SAMPLE-0413,test2026/test/anomaly_id_02_00000012.wav,,,,,normal,none,high,,,,,,,,,,,,
SAMPLE-0414,test2026/test/anomaly_id_02_00000013.wav,,,,,normal,none,high,,,,,,,,,,,,
SAMPLE-0415,test2026/test/anomaly_id_02_00000014.wav,,,,,normal,none,high,,,,,,,,,,,,
SAMPLE-0416,test2026/test/anomaly_id_02_00000015.wav,,,,,normal,none,high,,,,,,,,,,,,
SAMPLE-0417,test2026/test/anomaly_id_02_00000016.wav,,,,,normal,none,high,,,,,,,,,,,,
SAMPLE-0418,test2026/test/anomaly_id_02_00000017.wav,,,,,normal,none,high,,,,,,,,,,,,
SAMPLE-0419,test2026/test/anomaly_id_02_00000018.wav,,,,,normal,none,high,,,,,,,,,,,,
SAMPLE-0420,test2026/test/anomaly_id_02_00000019.wav,,,,,normal,none,high,,,,,,,,,,,,
SAMPLE-0421,test2026/test/anomaly_id_02_00000020.wav,,,,,normal,none,high,,,,,,,,,,,,
SAMPLE-0422,test2026/test/anomaly_id_02_00000021.wav,,,,,normal,none,high,,,,,,,,,,,,
SAMPLE-0423,test2026/test/anomaly_id_02_00000022.wav,,,,,normal,none,high,,,,,,,,,,,,
SAMPLE-0424,test2026/test/anomaly_id_02_00000023.wav,,,,,normal,none,high,,,,,,,,,,,,
SAMPLE-0425,test2026/test/anomaly_id_02_00000024.wav,,,,,normal,none,high,,,,,,,,,,,,
SAMPLE-0426,test2026/test/anomaly_id_02_00000025.wav,,,,,normal,none,high,,,,,,,,,,,,
SAMPLE-0427,test2026/test/anomaly_id_02_00000026.wav,,,,,normal,none,high,,,,,,,,,,,,
SAMPLE-0428,test2026/test/anomaly_id_02_00000027.wav,,,,,normal,none,high,,,,,,,,,,,,
SAMPLE-0429,test2026/test/anomaly_id_02_00000028.wav,,,,,normal,none,high,,,,,,,,,,,,
SAMPLE-0430,test2026/test/anomaly_id_02_00000029.wav,,,,,normal,none,high,,,,,,,,,,,,
SAMPLE-0431,test2026/test/anomaly_id_02_00000030.wav,,,,,normal,none,high,,,,,,,,,,,,
SAMPLE-0432,test2026/test/anomaly_id_02_00000031.wav,,,,,normal,none,high,,,,,,,,,,,,
SAMPLE-0433,test2026/test/anomaly_id_02_00000032.wav,,,,,normal,none,high,,,,,,,,,,,,
SAMPLE-0434,test2026/test/anomaly_id_02_00000033.wav,,,,,normal,none,high,,,,,,,,,,,,
SAMPLE-0435,test2026/test/anomaly_id_02_00000034.wav,,,,,normal,none,high,,,,,,,,,,,,
SAMPLE-0436,test2026/test/anomaly_id_02_00000035.wav,,,,,normal,none,high,,,,,,,,,,,,
SAMPLE-0437,test2026/test/anomaly_id_02_00000036.wav,,,,,normal,none,high,,,,,,,,,,,,
SAMPLE-0438,test2026/test/anomaly_id_02_00000037.wav,,,,,normal,none,high,,,,,,,,,,,,
SAMPLE-0439,test2026/test/anomaly_id_02_00000038.wav,,,,,normal,none,high,,,,,,,,,,,,
SAMPLE-0440,test2026/test/anomaly_id_02_00000039.wav,,,,,normal,none,high,,,,,,,,,,,,
SAMPLE-0441,test2026/test/anomaly_id_02_00000040.wav,,,,,normal,none,high,,,,,,,,,,,,
SAMPLE-0442,test2026/test/anomaly_id_02_00000041.wav,,,,,normal,none,high,,,,,,,,,,,,
SAMPLE-0443,test2026/test/anomaly_id_02_00000042.wav,,,,,normal,none,high,,,,,,,,,,,,
SAMPLE-0444,test2026/test/anomaly_id_02_00000043.wav,,,,,normal,none,high,,,,,,,,,,,,
SAMPLE-0445,test2026/test/anomaly_id_02_00000044.wav,,,,,normal,none,high,,,,,,,,,,,,
SAMPLE-0446,test2026/test/anomaly_id_02_00000045.wav,,,,,normal,none,high,,,,,,,,,,,,
SAMPLE-0447,test2026/test/anomaly_id_02_00000046.wav,,,,,normal,none,high,,,,,,,,,,,,
SAMPLE-0448,test2026/test/anomaly_id_02_00000047.wav,,,,,normal,none,high,,,,,,,,,,,,
SAMPLE-0449,test2026/test/anomaly_id_02_00000048.wav,,,,,normal,none,high,,,,,,,,,,,,
SAMPLE-0450,test2026/test/anomaly_id_02_00000049.wav,,,,,normal,none,high,,,,,,,,,,,,
SAMPLE-0451,test2026/test/anomaly_id_02_00000050.wav,,,,,normal,none,high,,,,,,,,,,,,
SAMPLE-0452,test2026/test/anomaly_id_02_00000051.wav,,,,,normal,none,high,,,,,,,,,,,,
SAMPLE-0453,test2026/test/anomaly_id_02_00000052.wav,,,,,normal,none,high,,,,,,,,,,,,
SAMPLE-0454,test2026/test/anomaly_id_02_00000053.wav,,,,,normal,none,high,,,,,,,,,,,,
SAMPLE-0455,test2026/test/anomaly_id_02_00000054.wav,,,,,normal,none,high,,,,,,,,,,,,
SAMPLE-0456,test2026/test/anomaly_id_02_00000055.wav,,,,,normal,none,high,,,,,,,,,,,,
SAMPLE-0457,test2026/test/anomaly_id_02_00000056.wav,,,,,normal,none,high,,,,,,,,,,,,
SAMPLE-0458,test2026/test/anomaly_id_02_00000057.wav,,,,,normal,none,high,,,,,,,,,,,,
SAMPLE-0459,test2026/test/anomaly_id_02_00000058.wav,,,,,normal,none,high,,,,,,,,,,,,
SAMPLE-0460,test2026/test/anomaly_id_02_00000059.wav,,,,,normal,none,high,,,,,,,,,,,,
SAMPLE-0461,test2026/test/anomaly_id_02_00000060.wav,,,,,normal,none,high,,,,,,,,,,,,
SAMPLE-0462,test2026/test/anomaly_id_02_00000061.wav,,,,,normal,none,high,,,,,,,,,,,,
SAMPLE-0463,test2026/test/anomaly_id_02_00000062.wav,,,,,normal,none,high,,,,,,,,,,,,
SAMPLE-0464,test2026/test/anomaly_id_02_00000063.wav,,,,,normal,none,high,,,,,,,,,,,,
SAMPLE-0465,test2026/test/anomaly_id_02_00000064.wav,,,,,normal,none,high,,,,,,,,,,,,
SAMPLE-0466,test2026/test/anomaly_id_02_00000065.wav,,,,,normal,none,high,,,,,,,,,,,,
SAMPLE-0467,test2026/test/anomaly_id_02_00000066.wav,,,,,normal,none,high,,,,,,,,,,,,
SAMPLE-0468,test2026/test/anomaly_id_02_00000067.wav,,,,,normal,none,high,,,,,,,,,,,,
SAMPLE-0469,test2026/test/anomaly_id_02_00000068.wav,,,,,normal,none,high,,,,,,,,,,,,
SAMPLE-0470,test2026/test/anomaly_id_02_00000069.wav,,,,,normal,none,high,,,,,,,,,,,,
SAMPLE-0471,test2026/test/anomaly_id_02_00000070.wav,,,,,normal,none,high,,,,,,,,,,,,
SAMPLE-0472,test2026/test/anomaly_id_02_00000071.wav,,,,,normal,none,high,,,,,,,,,,,,
SAMPLE-0473,test2026/test/anomaly_id_02_00000072.wav,,,,,normal,none,high,,,,,,,,,,,,
SAMPLE-0474,test2026/test/anomaly_id_02_00000073.wav,,,,,normal,none,high,,,,,,,,,,,,
SAMPLE-0475,test2026/test/anomaly_id_02_00000074.wav,,,,,normal,none,high,,,,,,,,,,,,
SAMPLE-0476,test2026/test/anomaly_id_02_00000075.wav,,,,,normal,none,high,,,,,,,,,,,,
SAMPLE-0477,test2026/test/anomaly_id_02_00000076.wav,,,,,normal,none,high,,,,,,,,,,,,
SAMPLE-0478,test2026/test/anomaly_id_02_00000077.wav,,,,,normal,none,high,,,,,,,,,,,,
SAMPLE-0479,test2026/test/anomaly_id_02_00000078.wav,,,,,normal,none,high,,,,,,,,,,,,
SAMPLE-0480,test2026/test/anomaly_id_02_00000079.wav,,,,,normal,none,high,,,,,,,,,,,,
SAMPLE-0481,test2026/test/anomaly_id_02_00000080.wav,,,,,normal,none,high,,,,,,,,,,,,
SAMPLE-0482,test2026/test/anomaly_id_02_00000081.wav,,,,,normal,none,high,,,,,,,,,,,,
SAMPLE-0483,test2026/test/anomaly_id_02_00000082.wav,,,,,normal,none,high,,,,,,,,,,,,
SAMPLE-0484,test2026/test/anomaly_id_02_00000083.wav,,,,,normal,none,high,,,,,,,,,,,,
SAMPLE-0485,test2026/test/anomaly_id_02_00000084.wav,,,,,normal,none,high,,,,,,,,,,,,
SAMPLE-0486,test2026/test/anomaly_id_02_00000085.wav,,,,,normal,none,high,,,,,,,,,,,,
SAMPLE-0487,test2026/test/anomaly_id_02_00000086.wav,,,,,normal,none,high,,,,,,,,,,,,
SAMPLE-0488,test2026/test/anomaly_id_02_00000087.wav,,,,,normal,none,high,,,,,,,,,,,,
SAMPLE-0489,test2026/test/anomaly_id_02_00000088.wav,,,,,normal,none,high,,,,,,,,,,,,
SAMPLE-0490,test2026/test/anomaly_id_02_00000089.wav,,,,,normal,none,high,,,,,,,,,,,,
SAMPLE-0491,test2026/test/anomaly_id_02_00000090.wav,,,,,normal,none,high,,,,,,,,,,,,
SAMPLE-0492,test2026/test/anomaly_id_02_00000091.wav,,,,,normal,none,high,,,,,,,,,,,,
SAMPLE-0493,test2026/test/anomaly_id_02_00000092.wav,,,,,normal,none,high,,,,,,,,,,,,
SAMPLE-0494,test2026/test/anomaly_id_02_00000093.wav,,,,,normal,none,high,,,,,,,,,,,,
SAMPLE-0495,test2026/test/anomaly_id_02_00000094.wav,,,,,normal,none,high,,,,,,,,,,,,
SAMPLE-0496,test2026/test/anomaly_id_02_00000095.wav,,,,,normal,none,high,,,,,,,,,,,,
SAMPLE-0497,test2026/test/anomaly_id_02_00000096.wav,,,,,normal,none,high,,,,,,,,,,,,
SAMPLE-0498,test2026/test/anomaly_id_02_00000097.wav,,,,,normal,none,high,,,,,,,,,,,,
SAMPLE-0499,test2026/test/anomaly_id_02_00000098.wav,,,,,normal,none,high,,,,,,,,,,,,
SAMPLE-0500,test2026/test/anomaly_id_02_00000099.wav,,,,,normal,none,high,,,,,,,,,,,,
SAMPLE-0501,test2026/test/anomaly_id_02_00000100.wav,,,,,normal,none,high,,,,,,,,,,,,
SAMPLE-0502,test2026/test/anomaly_id_02_00000101.wav,,,,,normal,none,high,,,,,,,,,,,,
SAMPLE-0503,test2026/test/anomaly_id_02_00000102.wav,,,,,normal,none,high,,,,,,,,,,,,
SAMPLE-0504,test2026/test/anomaly_id_02_00000103.wav,,,,,normal,none,high,,,,,,,,,,,,
SAMPLE-0505,test2026/test/anomaly_id_02_00000104.wav,,,,,normal,none,high,,,,,,,,,,,,
SAMPLE-0506,test2026/test/anomaly_id_02_00000105.wav,,,,,normal,none,high,,,,,,,,,,,,
SAMPLE-0507,test2026/test/anomaly_id_02_00000106.wav,,,,,normal,none,high,,,,,,,,,,,,
SAMPLE-0508,test2026/test/anomaly_id_02_00000107.wav,,,,,normal,none,high,,,,,,,,,,,,
SAMPLE-0509,test2026/test/anomaly_id_02_00000108.wav,,,,,normal,none,high,,,,,,,,,,,,
SAMPLE-0510,test2026/test/anomaly_id_02_00000109.wav,,,,,normal,none,high,,,,,,,,,,,,
SAMPLE-0511,test2026/test/anomaly_id_02_00000110.wav,,,,,normal,none,high,,,,,,,,,,,,
SAMPLE-0512,test2026/test/anomaly_id_02_00000111.wav,,,,,normal,none,high,,,,,,,,,,,,
SAMPLE-0513,test2026/test/anomaly_id_02_00000112.wav,,,,,normal,none,high,,,,,,,,,,,,
SAMPLE-0514,test2026/test/anomaly_id_02_00000113.wav,,,,,normal,none,high,,,,,,,,,,,,
SAMPLE-0515,test2026/test/anomaly_id_02_00000114.wav,,,,,normal,none,high,,,,,,,,,,,,
SAMPLE-0516,test2026/test/anomaly_id_02_00000115.wav,,,,,normal,none,high,,,,,,,,,,,,
SAMPLE-0517,test2026/test/anomaly_id_02_00000116.wav,,,,,normal,none,high,,,,,,,,,,,,
SAMPLE-0518,test2026/test/anomaly_id_02_00000117.wav,,,,,normal,none,high,,,,,,,,,,,,
SAMPLE-0519,test2026/test/anomaly_id_02_00000118.wav,,,,,normal,none,high,,,,,,,,,,,,
SAMPLE-0520,test2026/test/anomaly_id_02_00000119.wav,,,,,normal,none,high,,,,,,,,,,,,
SAMPLE-0521,test2026/test/anomaly_id_02_00000120.wav,,,,,normal,none,high,,,,,,,,,,,,
SAMPLE-0522,test2026/test/anomaly_id_02_00000121.wav,,,,,normal,none,high,,,,,,,,,,,,
SAMPLE-0523,test2026/test/anomaly_id_02_00000122.wav,,,,,normal,none,high,,,,,,,,,,,,
SAMPLE-0524,test2026/test/anomaly_id_02_00000123.wav,,,,,normal,none,high,,,,,,,,,,,,
SAMPLE-0525,test2026/test/anomaly_id_02_00000124.wav,,,,,normal,none,high,,,,,,,,,,,,
SAMPLE-0526,test2026/test/anomaly_id_02_00000125.wav,,,,,normal,none,high,,,,,,,,,,,,
SAMPLE-0527,test2026/test/anomaly_id_02_00000126.wav,,,,,normal,none,high,,,,,,,,,,,,
SAMPLE-0528,test2026/test/anomaly_id_02_00000127.wav,,,,,normal,none,high,,,,,,,,,,,,
SAMPLE-0529,test2026/test/anomaly_id_02_00000128.wav,,,,,normal,none,high,,,,,,,,,,,,
SAMPLE-0530,test2026/test/anomaly_id_02_00000129.wav,,,,,normal,none,high,,,,,,,,,,,,
SAMPLE-0531,test2026/test/anomaly_id_02_00000130.wav,,,,,normal,none,high,,,,,,,,,,,,
SAMPLE-0532,test2026/test/anomaly_id_02_00000131.wav,,,,,normal,none,high,,,,,,,,,,,,
SAMPLE-0533,test2026/test/anomaly_id_02_00000132.wav,,,,,normal,none,high,,,,,,,,,,,,
SAMPLE-0534,test2026/test/anomaly_id_02_00000133.wav,,,,,normal,none,high,,,,,,,,,,,,
SAMPLE-0535,test2026/test/anomaly_id_02_00000134.wav,,,,,normal,none,high,,,,,,,,,,,,
SAMPLE-0536,test2026/test/anomaly_id_02_00000135.wav,,,,,normal,none,high,,,,,,,,,,,,
SAMPLE-0537,test2026/test/anomaly_id_02_00000136.wav,,,,,normal,none,high,,,,,,,,,,,,
SAMPLE-0538,test2026/test/anomaly_id_02_00000137.wav,,,,,normal,none,high,,,,,,,,,,,,
SAMPLE-0539,test2026/test/anomaly_id_02_00000138.wav,,,,,normal,none,high,,,,,,,,,,,,
SAMPLE-0540,test2026/test/anomaly_id_02_00000139.wav,,,,,normal,none,high,,,,,,,,,,,,
SAMPLE-0541,test2026/test/anomaly_id_02_00000140.wav,,,,,normal,none,high,,,,,,,,,,,,
SAMPLE-0542,test2026/test/anomaly_id_02_00000141.wav,,,,,normal,none,high,,,,,,,,,,,,
SAMPLE-0543,test2026/test/anomaly_id_02_00000142.wav,,,,,normal,none,high,,,,,,,,,,,,
SAMPLE-0544,test2026/test/anomaly_id_02_00000143.wav,,,,,normal,none,high,,,,,,,,,,,,
SAMPLE-0545,test2026/test/anomaly_id_02_00000144.wav,,,,,normal,none,high,,,,,,,,,,,,
SAMPLE-0546,test2026/test/anomaly_id_02_00000145.wav,,,,,normal,none,high,,,,,,,,,,,,
SAMPLE-0547,test2026/test/anomaly_id_02_00000146.wav,,,,,normal,none,high,,,,,,,,,,,,
SAMPLE-0548,test2026/test/anomaly_id_02_00000147.wav,,,,,normal,none,high,,,,,,,,,,,,
SAMPLE-0549,test2026/test/anomaly_id_02_00000148.wav,,,,,normal,none,high,,,,,,,,,,,,
SAMPLE-0550,test2026/test/anomaly_id_02_00000149.wav,,,,,normal,none,high,,,,,,,,,,,,
SAMPLE-0551,test2026/test/anomaly_id_02_00000150.wav,,,,,normal,none,high,,,,,,,,,,,,
SAMPLE-0552,test2026/test/anomaly_id_02_00000151.wav,,,,,normal,none,high,,,,,,,,,,,,
SAMPLE-0553,test2026/test/anomaly_id_02_00000152.wav,,,,,normal,none,high,,,,,,,,,,,,
SAMPLE-0554,test2026/test/anomaly_id_02_00000153.wav,,,,,normal,none,high,,,,,,,,,,,,
SAMPLE-0555,test2026/test/anomaly_id_02_00000154.wav,,,,,normal,none,high,,,,,,,,,,,,
SAMPLE-0556,test2026/test/anomaly_id_02_00000155.wav,,,,,normal,none,high,,,,,,,,,,,,
SAMPLE-0557,test2026/test/anomaly_id_02_00000156.wav,,,,,normal,none,high,,,,,,,,,,,,
SAMPLE-0558,test2026/test/anomaly_id_02_00000157.wav,,,,,normal,none,high,,,,,,,,,,,,
SAMPLE-0559,test2026/test/anomaly_id_02_00000158.wav,,,,,normal,none,high,,,,,,,,,,,,
SAMPLE-0560,test2026/test/anomaly_id_02_00000159.wav,,,,,normal,none,high,,,,,,,,,,,,
SAMPLE-0561,test2026/test/anomaly_id_02_00000160.wav,,,,,normal,none,high,,,,,,,,,,,,
SAMPLE-0562,test2026/test/anomaly_id_02_00000161.wav,,,,,normal,none,high,,,,,,,,,,,,
SAMPLE-0563,test2026/test/anomaly_id_02_00000162.wav,,,,,normal,none,high,,,,,,,,,,,,
SAMPLE-0564,test2026/test/anomaly_id_02_00000163.wav,,,,,normal,none,high,,,,,,,,,,,,
SAMPLE-0565,test2026/test/anomaly_id_02_00000164.wav,,,,,normal,none,high,,,,,,,,,,,,
SAMPLE-0566,test2026/test/anomaly_id_02_00000165.wav,,,,,normal,none,high,,,,,,,,,,,,
SAMPLE-0567,test2026/test/anomaly_id_02_00000166.wav,,,,,normal,none,high,,,,,,,,,,,,
SAMPLE-0568,test2026/test/anomaly_id_02_00000167.wav,,,,,normal,none,high,,,,,,,,,,,,
SAMPLE-0569,test2026/test/anomaly_id_02_00000168.wav,,,,,normal,none,high,,,,,,,,,,,,
SAMPLE-0570,test2026/test/anomaly_id_02_00000169.wav,,,,,normal,none,high,,,,,,,,,,,,
SAMPLE-0571,test2026/test/anomaly_id_02_00000170.wav,,,,,normal,none,high,,,,,,,,,,,,
SAMPLE-0572,test2026/test/anomaly_id_02_00000171.wav,,,,,normal,none,high,,,,,,,,,,,,
SAMPLE-0573,test2026/test/anomaly_id_02_00000172.wav,,,,,normal,none,high,,,,,,,,,,,,
SAMPLE-0574,test2026/test/anomaly_id_02_00000173.wav,,,,,normal,none,high,,,,,,,,,,,,
SAMPLE-0575,test2026/test/anomaly_id_02_00000174.wav,,,,,normal,none,high,,,,,,,,,,,,
SAMPLE-0576,test2026/test/anomaly_id_02_00000175.wav,,,,,normal,none,high,,,,,,,,,,,,
SAMPLE-0577,test2026/test/anomaly_id_02_00000176.wav,,,,,normal,none,high,,,,,,,,,,,,
SAMPLE-0578,test2026/test/anomaly_id_02_00000177.wav,,,,,normal,none,high,,,,,,,,,,,,
SAMPLE-0579,test2026/test/anomaly_id_02_00000178.wav,,,,,normal,none,high,,,,,,,,,,,,
SAMPLE-0580,test2026/test/anomaly_id_02_00000179.wav,,,,,normal,none,high,,,,,,,,,,,,
SAMPLE-0581,test2026/test/anomaly_id_02_00000180.wav,,,,,normal,none,high,,,,,,,,,,,,
SAMPLE-0582,test2026/test/anomaly_id_02_00000181.wav,,,,,normal,none,high,,,,,,,,,,,,
SAMPLE-0583,test2026/test/anomaly_id_02_00000182.wav,,,,,normal,none,high,,,,,,,,,,,,
SAMPLE-0584,test2026/test/anomaly_id_02_00000183.wav,,,,,normal,none,high,,,,,,,,,,,,
SAMPLE-0585,test2026/test/anomaly_id_02_00000184.wav,,,,,normal,none,high,,,,,,,,,,,,
SAMPLE-0586,test2026/test/anomaly_id_02_00000185.wav,,,,,normal,none,high,,,,,,,,,,,,
SAMPLE-0587,test2026/test/anomaly_id_02_00000186.wav,,,,,normal,none,high,,,,,,,,,,,,
SAMPLE-0588,test2026/test/anomaly_id_02_00000187.wav,,,,,normal,none,high,,,,,,,,,,,,
SAMPLE-0589,test2026/test/anomaly_id_02_00000188.wav,,,,,normal,none,high,,,,,,,,,,,,
SAMPLE-0590,test2026/test/anomaly_id_02_00000189.wav,,,,,normal,none,high,,,,,,,,,,,,
SAMPLE-0591,test2026/test/anomaly_id_02_00000190.wav,,,,,normal,none,high,,,,,,,,,,,,
SAMPLE-0592,test2026/test/anomaly_id_02_00000191.wav,,,,,normal,none,high,,,,,,,,,,,,
SAMPLE-0593,test2026/test/anomaly_id_02_00000192.wav,,,,,normal,none,high,,,,,,,,,,,,
SAMPLE-0594,test2026/test/anomaly_id_02_00000193.wav,,,,,normal,none,high,,,,,,,,,,,,
SAMPLE-0595,test2026/test/anomaly_id_02_00000194.wav,,,,,normal,none,high,,,,,,,,,,,,
SAMPLE-0596,test2026/test/anomaly_id_02_00000195.wav,,,,,normal,none,high,,,,,,,,,,,,
SAMPLE-0597,test2026/test/anomaly_id_02_00000196.wav,,,,,normal,none,high,,,,,,,,,,,,
SAMPLE-0598,test2026/test/anomaly_id_02_00000197.wav,,,,,normal,none,high,,,,,,,,,,,,
SAMPLE-0599,test2026/test/anomaly_id_02_00000198.wav,,,,,normal,none,high,,,,,,,,,,,,
SAMPLE-0600,test2026/test/anomaly_id_02_00000199.wav,,,,,normal,none,high,,,,,,,,,,,,
SAMPLE-0601,test2026/test/anomaly_id_02_00000200.wav,,,,,normal,none,high,,,,,,,,,,,,
SAMPLE-0602,test2026/test/anomaly_id_02_00000201.wav,,,,,normal,none,high,,,,,,,,,,,,
SAMPLE-0603,test2026/test/anomaly_id_02_00000202.wav,,,,,normal,none,high,,,,,,,,,,,,
SAMPLE-0604,test2026/test/anomaly_id_02_00000203.wav,,,,,normal,none,high,,,,,,,,,,,,
SAMPLE-0605,test2026/test/anomaly_id_02_00000204.wav,,,,,normal,none,high,,,,,,,,,,,,
SAMPLE-0606,test2026/test/anomaly_id_02_00000205.wav,,,,,normal,none,high,,,,,,,,,,,,
SAMPLE-0607,test2026/test/anomaly_id_02_00000206.wav,,,,,normal,none,high,,,,,,,,,,,,
SAMPLE-0608,test2026/test/anomaly_id_02_00000207.wav,,,,,normal,none,high,,,,,,,,,,,,
SAMPLE-0609,test2026/test/anomaly_id_02_00000208.wav,,,,,normal,none,high,,,,,,,,,,,,
SAMPLE-0610,test2026/test/anomaly_id_02_00000209.wav,,,,,normal,none,high,,,,,,,,,,,,
SAMPLE-0611,test2026/test/anomaly_id_02_00000210.wav,,,,,normal,none,high,,,,,,,,,,,,
SAMPLE-0612,test2026/test/anomaly_id_02_00000211.wav,,,,,normal,none,high,,,,,,,,,,,,
SAMPLE-0613,test2026/test/anomaly_id_02_00000212.wav,,,,,normal,none,high,,,,,,,,,,,,
SAMPLE-0614,test2026/test/anomaly_id_02_00000213.wav,,,,,normal,none,high,,,,,,,,,,,,
SAMPLE-0615,test2026/test/anomaly_id_02_00000214.wav,,,,,normal,none,high,,,,,,,,,,,,
SAMPLE-0616,test2026/test/anomaly_id_02_00000215.wav,,,,,normal,none,high,,,,,,,,,,,,
SAMPLE-0617,test2026/test/anomaly_id_02_00000216.wav,,,,,normal,none,high,,,,,,,,,,,,
SAMPLE-0618,test2026/test/anomaly_id_02_00000217.wav,,,,,normal,none,high,,,,,,,,,,,,
SAMPLE-0619,test2026/test/anomaly_id_02_00000218.wav,,,,,normal,none,high,,,,,,,,,,,,
SAMPLE-0620,test2026/test/anomaly_id_02_00000219.wav,,,,,normal,none,high,,,,,,,,,,,,
SAMPLE-0621,test2026/test/anomaly_id_02_00000220.wav,,,,,normal,none,high,,,,,,,,,,,,
SAMPLE-0622,test2026/test/anomaly_id_02_00000221.wav,,,,,normal,none,high,,,,,,,,,,,,
SAMPLE-0623,test2026/test/anomaly_id_02_00000222.wav,,,,,normal,none,high,,,,,,,,,,,,
SAMPLE-0624,test2026/test/anomaly_id_02_00000223.wav,,,,,normal,none,high,,,,,,,,,,,,
SAMPLE-0625,test2026/test/anomaly_id_02_00000224.wav,,,,,normal,none,high,,,,,,,,,,,,
SAMPLE-0626,test2026/test/anomaly_id_02_00000225.wav,,,,,normal,none,high,,,,,,,,,,,,
SAMPLE-0627,test2026/test/anomaly_id_02_00000226.wav,,,,,normal,none,high,,,,,,,,,,,,
SAMPLE-0628,test2026/test/anomaly_id_02_00000227.wav,,,,,normal,none,high,,,,,,,,,,,,
SAMPLE-0629,test2026/test/anomaly_id_02_00000228.wav,,,,,normal,none,high,,,,,,,,,,,,
SAMPLE-0630,test2026/test/anomaly_id_02_00000229.wav,,,,,normal,none,high,,,,,,,,,,,,
SAMPLE-0631,test2026/test/anomaly_id_02_00000230.wav,,,,,normal,none,high,,,,,,,,,,,,
SAMPLE-0632,test2026/test/anomaly_id_02_00000231.wav,,,,,normal,none,high,,,,,,,,,,,,
SAMPLE-0633,test2026/test/anomaly_id_02_00000232.wav,,,,,normal,none,high,,,,,,,,,,,,
SAMPLE-0634,test2026/test/anomaly_id_02_00000233.wav,,,,,normal,none,high,,,,,,,,,,,,
SAMPLE-0635,test2026/test/anomaly_id_02_00000234.wav,,,,,normal,none,high,,,,,,,,,,,,
SAMPLE-0636,test2026/test/anomaly_id_02_00000235.wav,,,,,normal,none,high,,,,,,,,,,,,
SAMPLE-0637,test2026/test/anomaly_id_02_00000236.wav,,,,,normal,none,high,,,,,,,,,,,,
SAMPLE-0638,test2026/test/anomaly_id_02_00000237.wav,,,,,normal,none,high,,,,,,,,,,,,
SAMPLE-0639,test2026/test/anomaly_id_02_00000238.wav,,,,,normal,none,high,,,,,,,,,,,,
SAMPLE-0640,test2026/test/anomaly_id_02_00000239.wav,,,,,normal,none,high,,,,,,,,,,,,
SAMPLE-0641,test2026/test/anomaly_id_02_00000240.wav,,,,,normal,none,high,,,,,,,,,,,,
SAMPLE-0642,test2026/test/anomaly_id_02_00000241.wav,,,,,normal,none,high,,,,,,,,,,,,
SAMPLE-0643,test2026/test/anomaly_id_02_00000242.wav,,,,,normal,none,high,,,,,,,,,,,,
SAMPLE-0644,test2026/test/anomaly_id_02_00000243.wav,,,,,normal,none,high,,,,,,,,,,,,
SAMPLE-0645,test2026/test/anomaly_id_02_00000244.wav,,,,,normal,none,high,,,,,,,,,,,,
SAMPLE-0646,test2026/test/anomaly_id_02_00000245.wav,,,,,normal,none,high,,,,,,,,,,,,
SAMPLE-0647,test2026/test/anomaly_id_02_00000246.wav,,,,,normal,none,high,,,,,,,,,,,,
SAMPLE-0648,test2026/test/anomaly_id_02_00000247.wav,,,,,normal,none,high,,,,,,,,,,,,
SAMPLE-0649,test2026/test/anomaly_id_02_00000248.wav,,,,,normal,none,high,,,,,,,,,,,,
SAMPLE-0650,test2026/test/anomaly_id_02_00000249.wav,,,,,normal,none,high,,,,,,,,,,,,
SAMPLE-0651,test2026/test/anomaly_id_02_00000250.wav,,,,,normal,none,high,,,,,,,,,,,,
SAMPLE-0652,test2026/test/anomaly_id_02_00000251.wav,,,,,normal,none,high,,,,,,,,,,,,
SAMPLE-0653,test2026/test/anomaly_id_02_00000252.wav,,,,,normal,none,high,,,,,,,,,,,,
SAMPLE-0654,test2026/test/anomaly_id_02_00000253.wav,,,,,normal,none,high,,,,,,,,,,,,
SAMPLE-0655,test2026/test/anomaly_id_02_00000254.wav,,,,,normal,none,high,,,,,,,,,,,,
SAMPLE-0656,test2026/test/anomaly_id_02_00000255.wav,,,,,normal,none,high,,,,,,,,,,,,
SAMPLE-0657,test2026/test/anomaly_id_02_00000256.wav,,,,,normal,none,high,,,,,,,,,,,,
SAMPLE-0658,test2026/test/anomaly_id_02_00000257.wav,,,,,normal,none,high,,,,,,,,,,,,
SAMPLE-0659,test2026/test/anomaly_id_02_00000258.wav,,,,,normal,none,high,,,,,,,,,,,,
SAMPLE-0660,test2026/test/anomaly_id_02_00000259.wav,,,,,normal,none,high,,,,,,,,,,,,
SAMPLE-0661,test2026/test/anomaly_id_02_00000260.wav,,,,,normal,none,high,,,,,,,,,,,,
SAMPLE-0662,test2026/test/anomaly_id_02_00000261.wav,,,,,normal,none,high,,,,,,,,,,,,
SAMPLE-0663,test2026/test/anomaly_id_02_00000262.wav,,,,,normal,none,high,,,,,,,,,,,,
SAMPLE-0664,test2026/test/anomaly_id_02_00000263.wav,,,,,normal,none,high,,,,,,,,,,,,
SAMPLE-0665,test2026/test/anomaly_id_02_00000264.wav,,,,,normal,none,high,,,,,,,,,,,,
SAMPLE-0666,test2026/test/anomaly_id_02_00000265.wav,,,,,normal,none,high,,,,,,,,,,,,
SAMPLE-0667,test2026/test/anomaly_id_02_00000266.wav,,,,,normal,none,high,,,,,,,,,,,,
SAMPLE-0668,test2026/test/anomaly_id_02_00000267.wav,,,,,normal,none,high,,,,,,,,,,,,
SAMPLE-0669,test2026/test/anomaly_id_02_00000268.wav,,,,,normal,none,high,,,,,,,,,,,,
SAMPLE-0670,test2026/test/anomaly_id_02_00000269.wav,,,,,normal,none,high,,,,,,,,,,,,
SAMPLE-0671,test2026/test/anomaly_id_02_00000270.wav,,,,,normal,none,high,,,,,,,,,,,,
SAMPLE-0672,test2026/test/anomaly_id_02_00000271.wav,,,,,normal,none,high,,,,,,,,,,,,
SAMPLE-0673,test2026/test/anomaly_id_02_00000272.wav,,,,,normal,none,high,,,,,,,,,,,,
SAMPLE-0674,test2026/test/anomaly_id_02_00000273.wav,,,,,normal,none,high,,,,,,,,,,,,
SAMPLE-0675,test2026/test/anomaly_id_02_00000274.wav,,,,,normal,none,high,,,,,,,,,,,,
SAMPLE-0676,test2026/test/anomaly_id_02_00000275.wav,,,,,normal,none,high,,,,,,,,,,,,
SAMPLE-0677,test2026/test/anomaly_id_02_00000276.wav,,,,,normal,none,high,,,,,,,,,,,,
SAMPLE-0678,test2026/test/anomaly_id_02_00000277.wav,,,,,normal,none,high,,,,,,,,,,,,
SAMPLE-0679,test2026/test/anomaly_id_02_00000278.wav,,,,,normal,none,high,,,,,,,,,,,,
SAMPLE-0680,test2026/test/anomaly_id_02_00000279.wav,,,,,normal,none,high,,,,,,,,,,,,
SAMPLE-0681,test2026/test/anomaly_id_02_00000280.wav,,,,,normal,none,high,,,,,,,,,,,,
SAMPLE-0682,test2026/test/anomaly_id_02_00000281.wav,,,,,normal,none,high,,,,,,,,,,,,
SAMPLE-0683,test2026/test/anomaly_id_02_00000282.wav,,,,,normal,none,high,,,,,,,,,,,,
SAMPLE-0684,test2026/test/anomaly_id_02_00000283.wav,,,,,normal,none,high,,,,,,,,,,,,
SAMPLE-0685,test2026/test/anomaly_id_02_00000284.wav,,,,,normal,none,high,,,,,,,,,,,,
SAMPLE-0686,test2026/test/anomaly_id_02_00000285.wav,,,,,normal,none,high,,,,,,,,,,,,
SAMPLE-0687,test2026/test/anomaly_id_02_00000286.wav,,,,,normal,none,high,,,,,,,,,,,,
SAMPLE-0688,test2026/test/anomaly_id_02_00000287.wav,,,,,normal,none,high,,,,,,,,,,,,
SAMPLE-0689,test2026/test/anomaly_id_02_00000288.wav,,,,,normal,none,high,,,,,,,,,,,,
SAMPLE-0690,test2026/test/anomaly_id_02_00000289.wav,,,,,normal,none,high,,,,,,,,,,,,
SAMPLE-0691,test2026/test/anomaly_id_02_00000290.wav,,,,,normal,none,high,,,,,,,,,,,,
SAMPLE-0692,test2026/test/anomaly_id_02_00000291.wav,,,,,normal,none,high,,,,,,,,,,,,
SAMPLE-0693,test2026/test/anomaly_id_02_00000292.wav,,,,,normal,none,high,,,,,,,,,,,,
SAMPLE-0694,test2026/test/anomaly_id_02_00000293.wav,,,,,normal,none,high,,,,,,,,,,,,
SAMPLE-0695,test2026/test/anomaly_id_02_00000294.wav,,,,,normal,none,high,,,,,,,,,,,,
SAMPLE-0696,test2026/test/anomaly_id_02_00000295.wav,,,,,normal,none,high,,,,,,,,,,,,
SAMPLE-0697,test2026/test/anomaly_id_02_00000296.wav,,,,,normal,none,high,,,,,,,,,,,,
SAMPLE-0698,test2026/test/anomaly_id_02_00000297.wav,,,,,normal,none,high,,,,,,,,,,,,
SAMPLE-0699,test2026/test/anomaly_id_02_00000298.wav,,,,,normal,none,high,,,,,,,,,,,,
SAMPLE-0700,test2026/test/anomaly_id_02_00000299.wav,,,,,normal,none,high,,,,,,,,,,,,
SAMPLE-0701,test2026/test/anomaly_id_02_00000300.wav,,,,,normal,none,high,,,,,,,,,,,,
SAMPLE-0702,test2026/test/anomaly_id_02_00000301.wav,,,,,normal,none,high,,,,,,,,,,,,
SAMPLE-0703,test2026/test/anomaly_id_02_00000302.wav,,,,,normal,none,high,,,,,,,,,,,,
SAMPLE-0704,test2026/test/anomaly_id_02_00000303.wav,,,,,normal,none,high,,,,,,,,,,,,
SAMPLE-0705,test2026/test/anomaly_id_02_00000304.wav,,,,,normal,none,high,,,,,,,,,,,,
SAMPLE-0706,test2026/test/anomaly_id_02_00000305.wav,,,,,normal,none,high,,,,,,,,,,,,
SAMPLE-0707,test2026/test/anomaly_id_02_00000306.wav,,,,,normal,none,high,,,,,,,,,,,,
SAMPLE-0708,test2026/test/anomaly_id_02_00000307.wav,,,,,normal,none,high,,,,,,,,,,,,
SAMPLE-0709,test2026/test/anomaly_id_02_00000308.wav,,,,,normal,none,high,,,,,,,,,,,,
SAMPLE-0710,test2026/test/anomaly_id_02_00000309.wav,,,,,normal,none,high,,,,,,,,,,,,
SAMPLE-0711,test2026/test/anomaly_id_02_00000310.wav,,,,,normal,none,high,,,,,,,,,,,,
SAMPLE-0712,test2026/test/anomaly_id_02_00000311.wav,,,,,normal,none,high,,,,,,,,,,,,
SAMPLE-0713,test2026/test/anomaly_id_02_00000312.wav,,,,,normal,none,high,,,,,,,,,,,,
SAMPLE-0714,test2026/test/anomaly_id_02_00000313.wav,,,,,normal,none,high,,,,,,,,,,,,
SAMPLE-0715,test2026/test/anomaly_id_02_00000314.wav,,,,,normal,none,high,,,,,,,,,,,,
SAMPLE-0716,test2026/test/anomaly_id_02_00000315.wav,,,,,normal,none,high,,,,,,,,,,,,
SAMPLE-0717,test2026/test/anomaly_id_02_00000316.wav,,,,,normal,none,high,,,,,,,,,,,,
SAMPLE-0718,test2026/test/anomaly_id_02_00000317.wav,,,,,normal,none,high,,,,,,,,,,,,
SAMPLE-0719,test2026/test/anomaly_id_02_00000318.wav,,,,,normal,none,high,,,,,,,,,,,,
SAMPLE-0720,test2026/test/anomaly_id_02_00000319.wav,,,,,normal,none,high,,,,,,,,,,,,
SAMPLE-0721,test2026/test/anomaly_id_02_00000320.wav,,,,,normal,none,high,,,,,,,,,,,,
SAMPLE-0722,test2026/test/anomaly_id_02_00000321.wav,,,,,normal,none,high,,,,,,,,,,,,
SAMPLE-0723,test2026/test/anomaly_id_02_00000322.wav,,,,,normal,none,high,,,,,,,,,,,,
SAMPLE-0724,test2026/test/anomaly_id_02_00000323.wav,,,,,normal,none,high,,,,,,,,,,,,
SAMPLE-0725,test2026/test/anomaly_id_02_00000324.wav,,,,,normal,none,high,,,,,,,,,,,,
SAMPLE-0726,test2026/test/anomaly_id_02_00000325.wav,,,,,normal,none,high,,,,,,,,,,,,
SAMPLE-0727,test2026/test/anomaly_id_02_00000326.wav,,,,,normal,none,high,,,,,,,,,,,,
SAMPLE-0728,test2026/test/anomaly_id_02_00000327.wav,,,,,normal,none,high,,,,,,,,,,,,
SAMPLE-0729,test2026/test/anomaly_id_02_00000328.wav,,,,,normal,none,high,,,,,,,,,,,,
SAMPLE-0730,test2026/test/anomaly_id_02_00000329.wav,,,,,normal,none,high,,,,,,,,,,,,
SAMPLE-0731,test2026/test/anomaly_id_02_00000330.wav,,,,,normal,none,high,,,,,,,,,,,,
SAMPLE-0732,test2026/test/anomaly_id_02_00000331.wav,,,,,normal,none,high,,,,,,,,,,,,
SAMPLE-0733,test2026/test/anomaly_id_02_00000332.wav,,,,,normal,none,high,,,,,,,,,,,,
SAMPLE-0734,test2026/test/anomaly_id_02_00000333.wav,,,,,normal,none,high,,,,,,,,,,,,
SAMPLE-0735,test2026/test/anomaly_id_02_00000334.wav,,,,,normal,none,high,,,,,,,,,,,,
SAMPLE-0736,test2026/test/anomaly_id_02_00000335.wav,,,,,normal,none,high,,,,,,,,,,,,
SAMPLE-0737,test2026/test/anomaly_id_02_00000336.wav,,,,,normal,none,high,,,,,,,,,,,,
SAMPLE-0738,test2026/test/anomaly_id_02_00000337.wav,,,,,normal,none,high,,,,,,,,,,,,
SAMPLE-0739,test2026/test/anomaly_id_02_00000338.wav,,,,,normal,none,high,,,,,,,,,,,,
SAMPLE-0740,test2026/test/anomaly_id_02_00000339.wav,,,,,normal,none,high,,,,,,,,,,,,
SAMPLE-0741,test2026/test/anomaly_id_02_00000340.wav,,,,,normal,none,high,,,,,,,,,,,,
SAMPLE-0742,test2026/test/anomaly_id_02_00000341.wav,,,,,normal,none,high,,,,,,,,,,,,
SAMPLE-0743,test2026/test/anomaly_id_02_00000342.wav,,,,,normal,none,high,,,,,,,,,,,,
SAMPLE-0744,test2026/test/anomaly_id_02_00000343.wav,,,,,normal,none,high,,,,,,,,,,,,
SAMPLE-0745,test2026/test/anomaly_id_02_00000344.wav,,,,,normal,none,high,,,,,,,,,,,,
SAMPLE-0746,test2026/test/anomaly_id_02_00000345.wav,,,,,normal,none,high,,,,,,,,,,,,
SAMPLE-0747,test2026/test/anomaly_id_02_00000346.wav,,,,,normal,none,high,,,,,,,,,,,,
SAMPLE-0748,test2026/test/anomaly_id_02_00000347.wav,,,,,normal,none,high,,,,,,,,,,,,
SAMPLE-0749,test2026/test/anomaly_id_02_00000348.wav,,,,,normal,none,high,,,,,,,,,,,,
SAMPLE-0750,test2026/test/anomaly_id_02_00000349.wav,,,,,normal,none,high,,,,,,,,,,,,
SAMPLE-0751,test2026/test/anomaly_id_02_00000350.wav,,,,,normal,none,high,,,,,,,,,,,,
SAMPLE-0752,test2026/test/anomaly_id_02_00000351.wav,,,,,normal,none,high,,,,,,,,,,,,
SAMPLE-0753,test2026/test/anomaly_id_02_00000352.wav,,,,,normal,none,high,,,,,,,,,,,,
SAMPLE-0754,test2026/test/anomaly_id_02_00000353.wav,,,,,normal,none,high,,,,,,,,,,,,
SAMPLE-0755,test2026/test/anomaly_id_02_00000354.wav,,,,,normal,none,high,,,,,,,,,,,,
SAMPLE-0756,test2026/test/anomaly_id_03_00000000.wav,,,,,normal,none,high,,,,,,,,,,,,
SAMPLE-0757,test2026/test/anomaly_id_03_00000001.wav,,,,,normal,none,high,,,,,,,,,,,,
SAMPLE-0758,test2026/test/anomaly_id_03_00000002.wav,,,,,normal,none,high,,,,,,,,,,,,
SAMPLE-0759,test2026/test/anomaly_id_03_00000003.wav,,,,,normal,none,high,,,,,,,,,,,,
SAMPLE-0760,test2026/test/anomaly_id_03_00000004.wav,,,,,normal,none,high,,,,,,,,,,,,
SAMPLE-0761,test2026/test/anomaly_id_03_00000005.wav,,,,,normal,none,high,,,,,,,,,,,,
SAMPLE-0762,test2026/test/anomaly_id_03_00000006.wav,,,,,normal,none,high,,,,,,,,,,,,
SAMPLE-0763,test2026/test/anomaly_id_03_00000007.wav,,,,,normal,none,high,,,,,,,,,,,,
SAMPLE-0764,test2026/test/anomaly_id_03_00000008.wav,,,,,normal,none,high,,,,,,,,,,,,
SAMPLE-0765,test2026/test/anomaly_id_03_00000009.wav,,,,,normal,none,high,,,,,,,,,,,,
SAMPLE-0766,test2026/test/anomaly_id_03_00000010.wav,,,,,normal,none,high,,,,,,,,,,,,
SAMPLE-0767,test2026/test/anomaly_id_03_00000011.wav,,,,,normal,none,high,,,,,,,,,,,,
SAMPLE-0768,test2026/test/anomaly_id_03_00000012.wav,,,,,normal,none,high,,,,,,,,,,,,
SAMPLE-0769,test2026/test/anomaly_id_03_00000013.wav,,,,,normal,none,high,,,,,,,,,,,,
SAMPLE-0770,test2026/test/anomaly_id_03_00000014.wav,,,,,normal,none,high,,,,,,,,,,,,
SAMPLE-0771,test2026/test/anomaly_id_03_00000015.wav,,,,,normal,none,high,,,,,,,,,,,,
SAMPLE-0772,test2026/test/anomaly_id_03_00000016.wav,,,,,normal,none,high,,,,,,,,,,,,
SAMPLE-0773,test2026/test/anomaly_id_03_00000017.wav,,,,,normal,none,high,,,,,,,,,,,,
SAMPLE-0774,test2026/test/anomaly_id_03_00000018.wav,,,,,normal,none,high,,,,,,,,,,,,
SAMPLE-0775,test2026/test/anomaly_id_03_00000019.wav,,,,,normal,none,high,,,,,,,,,,,,
SAMPLE-0776,test2026/test/anomaly_id_03_00000020.wav,,,,,normal,none,high,,,,,,,,,,,,
SAMPLE-0777,test2026/test/anomaly_id_03_00000021.wav,,,,,normal,none,high,,,,,,,,,,,,
SAMPLE-0778,test2026/test/anomaly_id_03_00000022.wav,,,,,normal,none,high,,,,,,,,,,,,
SAMPLE-0779,test2026/test/anomaly_id_03_00000023.wav,,,,,normal,none,high,,,,,,,,,,,,
SAMPLE-0780,test2026/test/anomaly_id_03_00000024.wav,,,,,normal,none,high,,,,,,,,,,,,
SAMPLE-0781,test2026/test/anomaly_id_03_00000025.wav,,,,,normal,none,high,,,,,,,,,,,,
SAMPLE-0782,test2026/test/anomaly_id_03_00000026.wav,,,,,normal,none,high,,,,,,,,,,,,
SAMPLE-0783,test2026/test/anomaly_id_03_00000027.wav,,,,,normal,none,high,,,,,,,,,,,,
SAMPLE-0784,test2026/test/anomaly_id_03_00000028.wav,,,,,normal,none,high,,,,,,,,,,,,
SAMPLE-0785,test2026/test/anomaly_id_03_00000029.wav,,,,,normal,none,high,,,,,,,,,,,,
SAMPLE-0786,test2026/test/anomaly_id_03_00000030.wav,,,,,normal,none,high,,,,,,,,,,,,
SAMPLE-0787,test2026/test/anomaly_id_03_00000031.wav,,,,,normal,none,high,,,,,,,,,,,,
SAMPLE-0788,test2026/test/anomaly_id_03_00000032.wav,,,,,normal,none,high,,,,,,,,,,,,
SAMPLE-0789,test2026/test/anomaly_id_03_00000033.wav,,,,,normal,none,high,,,,,,,,,,,,
SAMPLE-0790,test2026/test/anomaly_id_03_00000034.wav,,,,,normal,none,high,,,,,,,,,,,,
SAMPLE-0791,test2026/test/anomaly_id_03_00000035.wav,,,,,normal,none,high,,,,,,,,,,,,
SAMPLE-0792,test2026/test/anomaly_id_03_00000036.wav,,,,,normal,none,high,,,,,,,,,,,,
SAMPLE-0793,test2026/test/anomaly_id_03_00000037.wav,,,,,normal,none,high,,,,,,,,,,,,
SAMPLE-0794,test2026/test/anomaly_id_03_00000038.wav,,,,,normal,none,high,,,,,,,,,,,,
SAMPLE-0795,test2026/test/anomaly_id_03_00000039.wav,,,,,normal,none,high,,,,,,,,,,,,
SAMPLE-0796,test2026/test/anomaly_id_03_00000040.wav,,,,,normal,none,high,,,,,,,,,,,,
SAMPLE-0797,test2026/test/anomaly_id_03_00000041.wav,,,,,normal,none,high,,,,,,,,,,,,
SAMPLE-0798,test2026/test/anomaly_id_03_00000042.wav,,,,,normal,none,high,,,,,,,,,,,,
SAMPLE-0799,test2026/test/anomaly_id_03_00000043.wav,,,,,normal,none,high,,,,,,,,,,,,
SAMPLE-0800,test2026/test/anomaly_id_03_00000044.wav,,,,,normal,none,high,,,,,,,,,,,,
SAMPLE-0801,test2026/test/anomaly_id_03_00000045.wav,,,,,normal,none,high,,,,,,,,,,,,
SAMPLE-0802,test2026/test/anomaly_id_03_00000046.wav,,,,,normal,none,high,,,,,,,,,,,,
SAMPLE-0803,test2026/test/anomaly_id_03_00000047.wav,,,,,normal,none,high,,,,,,,,,,,,
SAMPLE-0804,test2026/test/anomaly_id_03_00000048.wav,,,,,normal,none,high,,,,,,,,,,,,
SAMPLE-0805,test2026/test/anomaly_id_03_00000049.wav,,,,,normal,none,high,,,,,,,,,,,,
SAMPLE-0806,test2026/test/anomaly_id_03_00000050.wav,,,,,normal,none,high,,,,,,,,,,,,
SAMPLE-0807,test2026/test/anomaly_id_03_00000051.wav,,,,,normal,none,high,,,,,,,,,,,,
SAMPLE-0808,test2026/test/anomaly_id_03_00000052.wav,,,,,normal,none,high,,,,,,,,,,,,
SAMPLE-0809,test2026/test/anomaly_id_03_00000053.wav,,,,,normal,none,high,,,,,,,,,,,,
SAMPLE-0810,test2026/test/anomaly_id_03_00000054.wav,,,,,normal,none,high,,,,,,,,,,,,
SAMPLE-0811,test2026/test/anomaly_id_03_00000055.wav,,,,,normal,none,high,,,,,,,,,,,,
SAMPLE-0812,test2026/test/anomaly_id_03_00000056.wav,,,,,normal,none,high,,,,,,,,,,,,
SAMPLE-0813,test2026/test/anomaly_id_03_00000057.wav,,,,,normal,none,high,,,,,,,,,,,,
SAMPLE-0814,test2026/test/anomaly_id_03_00000058.wav,,,,,normal,none,high,,,,,,,,,,,,
SAMPLE-0815,test2026/test/anomaly_id_03_00000059.wav,,,,,normal,none,high,,,,,,,,,,,,
SAMPLE-0816,test2026/test/anomaly_id_03_00000060.wav,,,,,normal,none,high,,,,,,,,,,,,
SAMPLE-0817,test2026/test/anomaly_id_03_00000061.wav,,,,,normal,none,high,,,,,,,,,,,,
SAMPLE-0818,test2026/test/anomaly_id_03_00000062.wav,,,,,normal,none,high,,,,,,,,,,,,
SAMPLE-0819,test2026/test/anomaly_id_03_00000063.wav,,,,,normal,none,high,,,,,,,,,,,,
SAMPLE-0820,test2026/test/anomaly_id_03_00000064.wav,,,,,normal,none,high,,,,,,,,,,,,
SAMPLE-0821,test2026/test/anomaly_id_03_00000065.wav,,,,,normal,none,high,,,,,,,,,,,,
SAMPLE-0822,test2026/test/anomaly_id_03_00000066.wav,,,,,normal,none,high,,,,,,,,,,,,
SAMPLE-0823,test2026/test/anomaly_id_03_00000067.wav,,,,,normal,none,high,,,,,,,,,,,,
SAMPLE-0824,test2026/test/anomaly_id_03_00000068.wav,,,,,normal,none,high,,,,,,,,,,,,
SAMPLE-0825,test2026/test/anomaly_id_03_00000069.wav,,,,,normal,none,high,,,,,,,,,,,,
SAMPLE-0826,test2026/test/anomaly_id_03_00000070.wav,,,,,normal,none,high,,,,,,,,,,,,
SAMPLE-0827,test2026/test/anomaly_id_03_00000071.wav,,,,,normal,none,high,,,,,,,,,,,,
SAMPLE-0828,test2026/test/anomaly_id_03_00000072.wav,,,,,normal,none,high,,,,,,,,,,,,
SAMPLE-0829,test2026/test/anomaly_id_03_00000073.wav,,,,,normal,none,high,,,,,,,,,,,,
SAMPLE-0830,test2026/test/anomaly_id_03_00000074.wav,,,,,normal,none,high,,,,,,,,,,,,
SAMPLE-0831,test2026/test/anomaly_id_03_00000075.wav,,,,,normal,none,high,,,,,,,,,,,,
SAMPLE-0832,test2026/test/anomaly_id_03_00000076.wav,,,,,normal,none,high,,,,,,,,,,,,
SAMPLE-0833,test2026/test/anomaly_id_03_00000077.wav,,,,,normal,none,high,,,,,,,,,,,,
SAMPLE-0834,test2026/test/anomaly_id_03_00000078.wav,,,,,normal,none,high,,,,,,,,,,,,
SAMPLE-0835,test2026/test/anomaly_id_03_00000079.wav,,,,,normal,none,high,,,,,,,,,,,,
SAMPLE-0836,test2026/test/anomaly_id_03_00000080.wav,,,,,normal,none,high,,,,,,,,,,,,
SAMPLE-0837,test2026/test/anomaly_id_03_00000081.wav,,,,,normal,none,high,,,,,,,,,,,,
SAMPLE-0838,test2026/test/anomaly_id_03_00000082.wav,,,,,normal,none,high,,,,,,,,,,,,
SAMPLE-0839,test2026/test/anomaly_id_03_00000083.wav,,,,,normal,none,high,,,,,,,,,,,,
SAMPLE-0840,test2026/test/anomaly_id_03_00000084.wav,,,,,normal,none,high,,,,,,,,,,,,
SAMPLE-0841,test2026/test/anomaly_id_03_00000085.wav,,,,,normal,none,high,,,,,,,,,,,,
SAMPLE-0842,test2026/test/anomaly_id_03_00000086.wav,,,,,normal,none,high,,,,,,,,,,,,
SAMPLE-0843,test2026/test/anomaly_id_03_00000087.wav,,,,,normal,none,high,,,,,,,,,,,,
SAMPLE-0844,test2026/test/anomaly_id_03_00000088.wav,,,,,normal,none,high,,,,,,,,,,,,
SAMPLE-0845,test2026/test/anomaly_id_03_00000089.wav,,,,,normal,none,high,,,,,,,,,,,,
SAMPLE-0846,test2026/test/anomaly_id_03_00000090.wav,,,,,normal,none,high,,,,,,,,,,,,
SAMPLE-0847,test2026/test/anomaly_id_03_00000091.wav,,,,,normal,none,high,,,,,,,,,,,,
SAMPLE-0848,test2026/test/anomaly_id_03_00000092.wav,,,,,normal,none,high,,,,,,,,,,,,
SAMPLE-0849,test2026/test/anomaly_id_03_00000093.wav,,,,,normal,none,high,,,,,,,,,,,,
SAMPLE-0850,test2026/test/anomaly_id_03_00000094.wav,,,,,normal,none,high,,,,,,,,,,,,
SAMPLE-0851,test2026/test/anomaly_id_03_00000095.wav,,,,,normal,none,high,,,,,,,,,,,,
SAMPLE-0852,test2026/test/anomaly_id_03_00000096.wav,,,,,normal,none,high,,,,,,,,,,,,
SAMPLE-0853,test2026/test/anomaly_id_03_00000097.wav,,,,,normal,none,high,,,,,,,,,,,,
SAMPLE-0854,test2026/test/anomaly_id_03_00000098.wav,,,,,normal,none,high,,,,,,,,,,,,
SAMPLE-0855,test2026/test/anomaly_id_03_00000099.wav,,,,,normal,none,high,,,,,,,,,,,,
SAMPLE-0856,test2026/test/anomaly_id_03_00000100.wav,,,,,normal,none,high,,,,,,,,,,,,
SAMPLE-0857,test2026/test/anomaly_id_03_00000101.wav,,,,,normal,none,high,,,,,,,,,,,,
SAMPLE-0858,test2026/test/anomaly_id_03_00000102.wav,,,,,normal,none,high,,,,,,,,,,,,
SAMPLE-0859,test2026/test/anomaly_id_03_00000103.wav,,,,,normal,none,high,,,,,,,,,,,,
SAMPLE-0860,test2026/test/anomaly_id_03_00000104.wav,,,,,normal,none,high,,,,,,,,,,,,
SAMPLE-0861,test2026/test/anomaly_id_03_00000105.wav,,,,,normal,none,high,,,,,,,,,,,,
SAMPLE-0862,test2026/test/anomaly_id_03_00000106.wav,,,,,normal,none,high,,,,,,,,,,,,
SAMPLE-0863,test2026/test/anomaly_id_03_00000107.wav,,,,,normal,none,high,,,,,,,,,,,,
SAMPLE-0864,test2026/test/anomaly_id_03_00000108.wav,,,,,normal,none,high,,,,,,,,,,,,
SAMPLE-0865,test2026/test/anomaly_id_03_00000109.wav,,,,,normal,none,high,,,,,,,,,,,,
SAMPLE-0866,test2026/test/anomaly_id_03_00000110.wav,,,,,normal,none,high,,,,,,,,,,,,
SAMPLE-0867,test2026/test/anomaly_id_03_00000111.wav,,,,,normal,none,high,,,,,,,,,,,,
SAMPLE-0868,test2026/test/anomaly_id_03_00000112.wav,,,,,normal,none,high,,,,,,,,,,,,
SAMPLE-0869,test2026/test/anomaly_id_03_00000113.wav,,,,,normal,none,high,,,,,,,,,,,,
SAMPLE-0870,test2026/test/anomaly_id_03_00000114.wav,,,,,normal,none,high,,,,,,,,,,,,
SAMPLE-0871,test2026/test/anomaly_id_03_00000115.wav,,,,,normal,none,high,,,,,,,,,,,,
SAMPLE-0872,test2026/test/anomaly_id_03_00000116.wav,,,,,normal,none,high,,,,,,,,,,,,
SAMPLE-0873,test2026/test/anomaly_id_03_00000117.wav,,,,,normal,none,high,,,,,,,,,,,,
SAMPLE-0874,test2026/test/anomaly_id_03_00000118.wav,,,,,normal,none,high,,,,,,,,,,,,
SAMPLE-0875,test2026/test/anomaly_id_03_00000119.wav,,,,,normal,none,high,,,,,,,,,,,,
SAMPLE-0876,test2026/test/anomaly_id_03_00000120.wav,,,,,normal,none,high,,,,,,,,,,,,
SAMPLE-0877,test2026/test/anomaly_id_03_00000121.wav,,,,,normal,none,high,,,,,,,,,,,,
SAMPLE-0878,test2026/test/anomaly_id_03_00000122.wav,,,,,normal,none,high,,,,,,,,,,,,
SAMPLE-0879,test2026/test/anomaly_id_03_00000123.wav,,,,,normal,none,high,,,,,,,,,,,,
SAMPLE-0880,test2026/test/anomaly_id_03_00000124.wav,,,,,normal,none,high,,,,,,,,,,,,
SAMPLE-0881,test2026/test/anomaly_id_03_00000125.wav,,,,,normal,none,high,,,,,,,,,,,,
SAMPLE-0882,test2026/test/anomaly_id_03_00000126.wav,,,,,normal,none,high,,,,,,,,,,,,
SAMPLE-0883,test2026/test/anomaly_id_03_00000127.wav,,,,,normal,none,high,,,,,,,,,,,,
SAMPLE-0884,test2026/test/anomaly_id_03_00000128.wav,,,,,normal,none,high,,,,,,,,,,,,
SAMPLE-0885,test2026/test/anomaly_id_03_00000129.wav,,,,,normal,none,high,,,,,,,,,,,,
SAMPLE-0886,test2026/test/anomaly_id_03_00000130.wav,,,,,normal,none,high,,,,,,,,,,,,
SAMPLE-0887,test2026/test/anomaly_id_03_00000131.wav,,,,,normal,none,high,,,,,,,,,,,,
SAMPLE-0888,test2026/test/anomaly_id_03_00000132.wav,,,,,normal,none,high,,,,,,,,,,,,
SAMPLE-0889,test2026/test/anomaly_id_03_00000133.wav,,,,,normal,none,high,,,,,,,,,,,,
SAMPLE-0890,test2026/test/anomaly_id_03_00000134.wav,,,,,normal,none,high,,,,,,,,,,,,
SAMPLE-0891,test2026/test/anomaly_id_03_00000135.wav,,,,,normal,none,high,,,,,,,,,,,,
SAMPLE-0892,test2026/test/anomaly_id_03_00000136.wav,,,,,normal,none,high,,,,,,,,,,,,
SAMPLE-0893,test2026/test/anomaly_id_03_00000137.wav,,,,,normal,none,high,,,,,,,,,,,,
SAMPLE-0894,test2026/test/anomaly_id_03_00000138.wav,,,,,normal,none,high,,,,,,,,,,,,
SAMPLE-0895,test2026/test/anomaly_id_03_00000139.wav,,,,,normal,none,high,,,,,,,,,,,,
SAMPLE-0896,test2026/test/anomaly_id_03_00000140.wav,,,,,normal,none,high,,,,,,,,,,,,
SAMPLE-0897,test2026/test/anomaly_id_03_00000141.wav,,,,,normal,none,high,,,,,,,,,,,,
SAMPLE-0898,test2026/test/anomaly_id_03_00000142.wav,,,,,normal,none,high,,,,,,,,,,,,
SAMPLE-0899,test2026/test/anomaly_id_03_00000143.wav,,,,,normal,none,high,,,,,,,,,,,,
SAMPLE-0900,test2026/test/anomaly_id_03_00000144.wav,,,,,normal,none,high,,,,,,,,,,,,
SAMPLE-0901,test2026/test/anomaly_id_03_00000145.wav,,,,,normal,none,high,,,,,,,,,,,,
SAMPLE-0902,test2026/test/anomaly_id_03_00000146.wav,,,,,normal,none,high,,,,,,,,,,,,
SAMPLE-0903,test2026/test/anomaly_id_03_00000147.wav,,,,,normal,none,high,,,,,,,,,,,,
SAMPLE-0904,test2026/test/anomaly_id_03_00000148.wav,,,,,normal,none,high,,,,,,,,,,,,
SAMPLE-0905,test2026/test/anomaly_id_03_00000149.wav,,,,,normal,none,high,,,,,,,,,,,,
SAMPLE-0906,test2026/test/anomaly_id_03_00000150.wav,,,,,normal,none,high,,,,,,,,,,,,
SAMPLE-0907,test2026/test/anomaly_id_03_00000151.wav,,,,,normal,none,high,,,,,,,,,,,,
SAMPLE-0908,test2026/test/anomaly_id_03_00000152.wav,,,,,normal,none,high,,,,,,,,,,,,
SAMPLE-0909,test2026/test/anomaly_id_03_00000153.wav,,,,,normal,none,high,,,,,,,,,,,,
SAMPLE-0910,test2026/test/anomaly_id_03_00000154.wav,,,,,normal,none,high,,,,,,,,,,,,
SAMPLE-0911,test2026/test/anomaly_id_03_00000155.wav,,,,,normal,none,high,,,,,,,,,,,,
SAMPLE-0912,test2026/test/anomaly_id_03_00000156.wav,,,,,normal,none,high,,,,,,,,,,,,
SAMPLE-0913,test2026/test/anomaly_id_03_00000157.wav,,,,,normal,none,high,,,,,,,,,,,,
SAMPLE-0914,test2026/test/anomaly_id_03_00000158.wav,,,,,normal,none,high,,,,,,,,,,,,
SAMPLE-0915,test2026/test/anomaly_id_03_00000159.wav,,,,,normal,none,high,,,,,,,,,,,,
SAMPLE-0916,test2026/test/anomaly_id_03_00000160.wav,,,,,normal,none,high,,,,,,,,,,,,
SAMPLE-0917,test2026/test/anomaly_id_03_00000161.wav,,,,,normal,none,high,,,,,,,,,,,,
SAMPLE-0918,test2026/test/anomaly_id_03_00000162.wav,,,,,normal,none,high,,,,,,,,,,,,
SAMPLE-0919,test2026/test/anomaly_id_03_00000163.wav,,,,,normal,none,high,,,,,,,,,,,,
SAMPLE-0920,test2026/test/anomaly_id_03_00000164.wav,,,,,normal,none,high,,,,,,,,,,,,
SAMPLE-0921,test2026/test/anomaly_id_03_00000165.wav,,,,,normal,none,high,,,,,,,,,,,,
SAMPLE-0922,test2026/test/anomaly_id_03_00000166.wav,,,,,normal,none,high,,,,,,,,,,,,
SAMPLE-0923,test2026/test/anomaly_id_03_00000167.wav,,,,,normal,none,high,,,,,,,,,,,,
SAMPLE-0924,test2026/test/anomaly_id_03_00000168.wav,,,,,normal,none,high,,,,,,,,,,,,
SAMPLE-0925,test2026/test/anomaly_id_03_00000169.wav,,,,,normal,none,high,,,,,,,,,,,,
SAMPLE-0926,test2026/test/anomaly_id_03_00000170.wav,,,,,normal,none,high,,,,,,,,,,,,
SAMPLE-0927,test2026/test/anomaly_id_03_00000171.wav,,,,,normal,none,high,,,,,,,,,,,,
SAMPLE-0928,test2026/test/anomaly_id_03_00000172.wav,,,,,normal,none,high,,,,,,,,,,,,
SAMPLE-0929,test2026/test/anomaly_id_03_00000173.wav,,,,,normal,none,high,,,,,,,,,,,,
SAMPLE-0930,test2026/test/anomaly_id_03_00000174.wav,,,,,normal,none,high,,,,,,,,,,,,
SAMPLE-0931,test2026/test/anomaly_id_03_00000175.wav,,,,,normal,none,high,,,,,,,,,,,,
SAMPLE-0932,test2026/test/anomaly_id_03_00000176.wav,,,,,normal,none,high,,,,,,,,,,,,
SAMPLE-0933,test2026/test/anomaly_id_03_00000177.wav,,,,,normal,none,high,,,,,,,,,,,,
SAMPLE-0934,test2026/test/anomaly_id_03_00000178.wav,,,,,normal,none,high,,,,,,,,,,,,
SAMPLE-0935,test2026/test/anomaly_id_03_00000179.wav,,,,,normal,none,high,,,,,,,,,,,,
SAMPLE-0936,test2026/test/anomaly_id_03_00000180.wav,,,,,normal,none,high,,,,,,,,,,,,
SAMPLE-0937,test2026/test/anomaly_id_03_00000181.wav,,,,,normal,none,high,,,,,,,,,,,,
SAMPLE-0938,test2026/test/anomaly_id_03_00000182.wav,,,,,normal,none,high,,,,,,,,,,,,
SAMPLE-0939,test2026/test/anomaly_id_03_00000183.wav,,,,,normal,none,high,,,,,,,,,,,,
SAMPLE-0940,test2026/test/anomaly_id_03_00000184.wav,,,,,normal,none,high,,,,,,,,,,,,
SAMPLE-0941,test2026/test/anomaly_id_03_00000185.wav,,,,,normal,none,high,,,,,,,,,,,,
SAMPLE-0942,test2026/test/anomaly_id_03_00000186.wav,,,,,normal,none,high,,,,,,,,,,,,
SAMPLE-0943,test2026/test/anomaly_id_03_00000187.wav,,,,,normal,none,high,,,,,,,,,,,,
SAMPLE-0944,test2026/test/anomaly_id_03_00000188.wav,,,,,normal,none,high,,,,,,,,,,,,
SAMPLE-0945,test2026/test/anomaly_id_03_00000189.wav,,,,,normal,none,high,,,,,,,,,,,,
SAMPLE-0946,test2026/test/anomaly_id_03_00000190.wav,,,,,normal,none,high,,,,,,,,,,,,
SAMPLE-0947,test2026/test/anomaly_id_03_00000191.wav,,,,,normal,none,high,,,,,,,,,,,,
SAMPLE-0948,test2026/test/anomaly_id_03_00000192.wav,,,,,normal,none,high,,,,,,,,,,,,
SAMPLE-0949,test2026/test/anomaly_id_03_00000193.wav,,,,,normal,none,high,,,,,,,,,,,,
SAMPLE-0950,test2026/test/anomaly_id_03_00000194.wav,,,,,normal,none,high,,,,,,,,,,,,
SAMPLE-0951,test2026/test/anomaly_id_03_00000195.wav,,,,,normal,none,high,,,,,,,,,,,,
SAMPLE-0952,test2026/test/anomaly_id_03_00000196.wav,,,,,normal,none,high,,,,,,,,,,,,
SAMPLE-0953,test2026/test/anomaly_id_03_00000197.wav,,,,,normal,none,high,,,,,,,,,,,,
SAMPLE-0954,test2026/test/anomaly_id_03_00000198.wav,,,,,normal,none,high,,,,,,,,,,,,
SAMPLE-0955,test2026/test/anomaly_id_03_00000199.wav,,,,,normal,none,high,,,,,,,,,,,,
SAMPLE-0956,test2026/test/anomaly_id_03_00000200.wav,,,,,normal,none,high,,,,,,,,,,,,
SAMPLE-0957,test2026/test/anomaly_id_03_00000201.wav,,,,,normal,none,high,,,,,,,,,,,,
SAMPLE-0958,test2026/test/anomaly_id_03_00000202.wav,,,,,normal,none,high,,,,,,,,,,,,
SAMPLE-0959,test2026/test/anomaly_id_03_00000203.wav,,,,,normal,none,high,,,,,,,,,,,,
SAMPLE-0960,test2026/test/anomaly_id_03_00000204.wav,,,,,normal,none,high,,,,,,,,,,,,
SAMPLE-0961,test2026/test/anomaly_id_03_00000205.wav,,,,,normal,none,high,,,,,,,,,,,,
SAMPLE-0962,test2026/test/anomaly_id_03_00000206.wav,,,,,normal,none,high,,,,,,,,,,,,
SAMPLE-0963,test2026/test/anomaly_id_03_00000207.wav,,,,,normal,none,high,,,,,,,,,,,,
SAMPLE-0964,test2026/test/anomaly_id_03_00000208.wav,,,,,normal,none,high,,,,,,,,,,,,
SAMPLE-0965,test2026/test/anomaly_id_03_00000209.wav,,,,,normal,none,high,,,,,,,,,,,,
SAMPLE-0966,test2026/test/anomaly_id_03_00000210.wav,,,,,normal,none,high,,,,,,,,,,,,
SAMPLE-0967,test2026/test/anomaly_id_03_00000211.wav,,,,,normal,none,high,,,,,,,,,,,,
SAMPLE-0968,test2026/test/anomaly_id_03_00000212.wav,,,,,normal,none,high,,,,,,,,,,,,
SAMPLE-0969,test2026/test/anomaly_id_03_00000213.wav,,,,,normal,none,high,,,,,,,,,,,,
SAMPLE-0970,test2026/test/anomaly_id_03_00000214.wav,,,,,normal,none,high,,,,,,,,,,,,
SAMPLE-0971,test2026/test/anomaly_id_03_00000215.wav,,,,,normal,none,high,,,,,,,,,,,,
SAMPLE-0972,test2026/test/anomaly_id_03_00000216.wav,,,,,normal,none,high,,,,,,,,,,,,
SAMPLE-0973,test2026/test/anomaly_id_03_00000217.wav,,,,,normal,none,high,,,,,,,,,,,,
SAMPLE-0974,test2026/test/anomaly_id_03_00000218.wav,,,,,normal,none,high,,,,,,,,,,,,
SAMPLE-0975,test2026/test/anomaly_id_03_00000219.wav,,,,,normal,none,high,,,,,,,,,,,,
SAMPLE-0976,test2026/test/anomaly_id_03_00000220.wav,,,,,normal,none,high,,,,,,,,,,,,
SAMPLE-0977,test2026/test/anomaly_id_03_00000221.wav,,,,,normal,none,high,,,,,,,,,,,,
SAMPLE-0978,test2026/test/anomaly_id_03_00000222.wav,,,,,normal,none,high,,,,,,,,,,,,
SAMPLE-0979,test2026/test/anomaly_id_03_00000223.wav,,,,,normal,none,high,,,,,,,,,,,,
SAMPLE-0980,test2026/test/anomaly_id_03_00000224.wav,,,,,normal,none,high,,,,,,,,,,,,
SAMPLE-0981,test2026/test/anomaly_id_03_00000225.wav,,,,,normal,none,high,,,,,,,,,,,,
SAMPLE-0982,test2026/test/anomaly_id_03_00000226.wav,,,,,normal,none,high,,,,,,,,,,,,
SAMPLE-0983,test2026/test/anomaly_id_03_00000227.wav,,,,,normal,none,high,,,,,,,,,,,,
SAMPLE-0984,test2026/test/anomaly_id_03_00000228.wav,,,,,normal,none,high,,,,,,,,,,,,
SAMPLE-0985,test2026/test/anomaly_id_03_00000229.wav,,,,,normal,none,high,,,,,,,,,,,,
SAMPLE-0986,test2026/test/anomaly_id_03_00000230.wav,,,,,normal,none,high,,,,,,,,,,,,
SAMPLE-0987,test2026/test/anomaly_id_03_00000231.wav,,,,,normal,none,high,,,,,,,,,,,,
SAMPLE-0988,test2026/test/anomaly_id_03_00000232.wav,,,,,normal,none,high,,,,,,,,,,,,
SAMPLE-0989,test2026/test/anomaly_id_03_00000233.wav,,,,,normal,none,high,,,,,,,,,,,,
SAMPLE-0990,test2026/test/anomaly_id_03_00000234.wav,,,,,normal,none,high,,,,,,,,,,,,
SAMPLE-0991,test2026/test/anomaly_id_03_00000235.wav,,,,,normal,none,high,,,,,,,,,,,,
SAMPLE-0992,test2026/test/anomaly_id_03_00000236.wav,,,,,normal,none,high,,,,,,,,,,,,
SAMPLE-0993,test2026/test/anomaly_id_03_00000237.wav,,,,,normal,none,high,,,,,,,,,,,,
SAMPLE-0994,test2026/test/anomaly_id_03_00000238.wav,,,,,normal,none,high,,,,,,,,,,,,
SAMPLE-0995,test2026/test/anomaly_id_03_00000239.wav,,,,,normal,none,high,,,,,,,,,,,,
SAMPLE-0996,test2026/test/anomaly_id_03_00000240.wav,,,,,normal,none,high,,,,,,,,,,,,
SAMPLE-0997,test2026/test/anomaly_id_03_00000241.wav,,,,,normal,none,high,,,,,,,,,,,,
SAMPLE-0998,test2026/test/anomaly_id_03_00000242.wav,,,,,normal,none,high,,,,,,,,,,,,
SAMPLE-0999,test2026/test/anomaly_id_03_00000243.wav,,,,,normal,none,high,,,,,,,,,,,,
SAMPLE-1000,test2026/test/anomaly_id_03_00000244.wav,,,,,normal,none,high,,,,,,,,,,,,
SAMPLE-1001,test2026/test/anomaly_id_03_00000245.wav,,,,,normal,none,high,,,,,,,,,,,,
SAMPLE-1002,test2026/test/anomaly_id_03_00000246.wav,,,,,normal,none,high,,,,,,,,,,,,
SAMPLE-1003,test2026/test/anomaly_id_03_00000247.wav,,,,,normal,none,high,,,,,,,,,,,,
SAMPLE-1004,test2026/test/anomaly_id_03_00000248.wav,,,,,normal,none,high,,,,,,,,,,,,
SAMPLE-1005,test2026/test/anomaly_id_03_00000249.wav,,,,,normal,none,high,,,,,,,,,,,,
SAMPLE-1006,test2026/test/anomaly_id_03_00000250.wav,,,,,normal,none,high,,,,,,,,,,,,
SAMPLE-1007,test2026/test/anomaly_id_03_00000251.wav,,,,,normal,none,high,,,,,,,,,,,,
SAMPLE-1008,test2026/test/anomaly_id_03_00000252.wav,,,,,normal,none,high,,,,,,,,,,,,
SAMPLE-1009,test2026/test/anomaly_id_03_00000253.wav,,,,,normal,none,high,,,,,,,,,,,,
SAMPLE-1010,test2026/test/anomaly_id_03_00000254.wav,,,,,normal,none,high,,,,,,,,,,,,
SAMPLE-1011,test2026/test/anomaly_id_03_00000255.wav,,,,,normal,none,high,,,,,,,,,,,,
SAMPLE-1012,test2026/test/anomaly_id_03_00000256.wav,,,,,normal,none,high,,,,,,,,,,,,
SAMPLE-1013,test2026/test/anomaly_id_03_00000257.wav,,,,,normal,none,high,,,,,,,,,,,,
SAMPLE-1014,test2026/test/anomaly_id_03_00000258.wav,,,,,normal,none,high,,,,,,,,,,,,
SAMPLE-1015,test2026/test/anomaly_id_03_00000259.wav,,,,,normal,none,high,,,,,,,,,,,,
SAMPLE-1016,test2026/test/anomaly_id_03_00000260.wav,,,,,normal,none,high,,,,,,,,,,,,
SAMPLE-1017,test2026/test/anomaly_id_03_00000261.wav,,,,,normal,none,high,,,,,,,,,,,,
SAMPLE-1018,test2026/test/anomaly_id_03_00000262.wav,,,,,normal,none,high,,,,,,,,,,,,
SAMPLE-1019,test2026/test/anomaly_id_03_00000263.wav,,,,,normal,none,high,,,,,,,,,,,,
SAMPLE-1020,test2026/test/anomaly_id_03_00000264.wav,,,,,normal,none,high,,,,,,,,,,,,
SAMPLE-1021,test2026/test/anomaly_id_03_00000265.wav,,,,,normal,none,high,,,,,,,,,,,,
SAMPLE-1022,test2026/test/anomaly_id_03_00000266.wav,,,,,normal,none,high,,,,,,,,,,,,
SAMPLE-1023,test2026/test/anomaly_id_03_00000267.wav,,,,,normal,none,high,,,,,,,,,,,,
SAMPLE-1024,test2026/test/anomaly_id_03_00000268.wav,,,,,normal,none,high,,,,,,,,,,,,
SAMPLE-1025,test2026/test/anomaly_id_03_00000269.wav,,,,,normal,none,high,,,,,,,,,,,,
SAMPLE-1026,test2026/test/anomaly_id_03_00000270.wav,,,,,normal,none,high,,,,,,,,,,,,
SAMPLE-1027,test2026/test/anomaly_id_03_00000271.wav,,,,,normal,none,high,,,,,,,,,,,,
SAMPLE-1028,test2026/test/anomaly_id_03_00000272.wav,,,,,normal,none,high,,,,,,,,,,,,
SAMPLE-1029,test2026/test/anomaly_id_03_00000273.wav,,,,,normal,none,high,,,,,,,,,,,,
SAMPLE-1030,test2026/test/anomaly_id_03_00000274.wav,,,,,normal,none,high,,,,,,,,,,,,
SAMPLE-1031,test2026/test/anomaly_id_03_00000275.wav,,,,,normal,none,high,,,,,,,,,,,,
SAMPLE-1032,test2026/test/anomaly_id_03_00000276.wav,,,,,normal,none,high,,,,,,,,,,,,
SAMPLE-1033,test2026/test/anomaly_id_03_00000277.wav,,,,,normal,none,high,,,,,,,,,,,,
SAMPLE-1034,test2026/test/anomaly_id_03_00000278.wav,,,,,normal,none,high,,,,,,,,,,,,
SAMPLE-1035,test2026/test/anomaly_id_03_00000279.wav,,,,,normal,none,high,,,,,,,,,,,,
SAMPLE-1036,test2026/test/anomaly_id_03_00000280.wav,,,,,normal,none,high,,,,,,,,,,,,
SAMPLE-1037,test2026/test/anomaly_id_03_00000281.wav,,,,,normal,none,high,,,,,,,,,,,,
SAMPLE-1038,test2026/test/anomaly_id_03_00000282.wav,,,,,normal,none,high,,,,,,,,,,,,
SAMPLE-1039,test2026/test/anomaly_id_03_00000283.wav,,,,,normal,none,high,,,,,,,,,,,,
SAMPLE-1040,test2026/test/anomaly_id_03_00000284.wav,,,,,normal,none,high,,,,,,,,,,,,
SAMPLE-1041,test2026/test/anomaly_id_03_00000285.wav,,,,,normal,none,high,,,,,,,,,,,,
SAMPLE-1042,test2026/test/anomaly_id_03_00000286.wav,,,,,normal,none,high,,,,,,,,,,,,
SAMPLE-1043,test2026/test/anomaly_id_03_00000287.wav,,,,,normal,none,high,,,,,,,,,,,,
SAMPLE-1044,test2026/test/anomaly_id_03_00000288.wav,,,,,normal,none,high,,,,,,,,,,,,
SAMPLE-1045,test2026/test/anomaly_id_03_00000289.wav,,,,,normal,none,high,,,,,,,,,,,,
SAMPLE-1046,test2026/test/anomaly_id_03_00000290.wav,,,,,normal,none,high,,,,,,,,,,,,
SAMPLE-1047,test2026/test/anomaly_id_03_00000291.wav,,,,,normal,none,high,,,,,,,,,,,,
SAMPLE-1048,test2026/test/anomaly_id_03_00000292.wav,,,,,normal,none,high,,,,,,,,,,,,
SAMPLE-1049,test2026/test/anomaly_id_03_00000293.wav,,,,,normal,none,high,,,,,,,,,,,,
SAMPLE-1050,test2026/test/anomaly_id_03_00000294.wav,,,,,normal,none,high,,,,,,,,,,,,
SAMPLE-1051,test2026/test/anomaly_id_03_00000295.wav,,,,,normal,none,high,,,,,,,,,,,,
SAMPLE-1052,test2026/test/anomaly_id_03_00000296.wav,,,,,normal,none,high,,,,,,,,,,,,
SAMPLE-1053,test2026/test/anomaly_id_03_00000297.wav,,,,,normal,none,high,,,,,,,,,,,,
SAMPLE-1054,test2026/test/anomaly_id_03_00000298.wav,,,,,normal,none,high,,,,,,,,,,,,
SAMPLE-1055,test2026/test/anomaly_id_03_00000299.wav,,,,,normal,none,high,,,,,,,,,,,,
SAMPLE-1056,test2026/test/anomaly_id_03_00000300.wav,,,,,normal,none,high,,,,,,,,,,,,
SAMPLE-1057,test2026/test/anomaly_id_03_00000301.wav,,,,,normal,none,high,,,,,,,,,,,,
SAMPLE-1058,test2026/test/anomaly_id_03_00000302.wav,,,,,normal,none,high,,,,,,,,,,,,
SAMPLE-1059,test2026/test/anomaly_id_03_00000303.wav,,,,,normal,none,high,,,,,,,,,,,,
SAMPLE-1060,test2026/test/anomaly_id_03_00000304.wav,,,,,normal,none,high,,,,,,,,,,,,
SAMPLE-1061,test2026/test/anomaly_id_03_00000305.wav,,,,,normal,none,high,,,,,,,,,,,,
SAMPLE-1062,test2026/test/anomaly_id_03_00000306.wav,,,,,normal,none,high,,,,,,,,,,,,
SAMPLE-1063,test2026/test/anomaly_id_03_00000307.wav,,,,,normal,none,high,,,,,,,,,,,,
SAMPLE-1064,test2026/test/anomaly_id_03_00000308.wav,,,,,normal,none,high,,,,,,,,,,,,
SAMPLE-1065,test2026/test/anomaly_id_03_00000309.wav,,,,,normal,none,high,,,,,,,,,,,,
SAMPLE-1066,test2026/test/anomaly_id_03_00000310.wav,,,,,normal,none,high,,,,,,,,,,,,
SAMPLE-1067,test2026/test/anomaly_id_03_00000311.wav,,,,,normal,none,high,,,,,,,,,,,,
SAMPLE-1068,test2026/test/anomaly_id_03_00000312.wav,,,,,normal,none,high,,,,,,,,,,,,
SAMPLE-1069,test2026/test/anomaly_id_03_00000313.wav,,,,,normal,none,high,,,,,,,,,,,,
SAMPLE-1070,test2026/test/anomaly_id_03_00000314.wav,,,,,normal,none,high,,,,,,,,,,,,
SAMPLE-1071,test2026/test/anomaly_id_03_00000315.wav,,,,,normal,none,high,,,,,,,,,,,,
SAMPLE-1072,test2026/test/anomaly_id_03_00000316.wav,,,,,normal,none,high,,,,,,,,,,,,
SAMPLE-1073,test2026/test/anomaly_id_03_00000317.wav,,,,,normal,none,high,,,,,,,,,,,,
SAMPLE-1074,test2026/test/anomaly_id_03_00000318.wav,,,,,normal,none,high,,,,,,,,,,,,
SAMPLE-1075,test2026/test/anomaly_id_03_00000319.wav,,,,,normal,none,high,,,,,,,,,,,,
SAMPLE-1076,test2026/test/anomaly_id_03_00000320.wav,,,,,normal,none,high,,,,,,,,,,,,
SAMPLE-1077,test2026/test/anomaly_id_03_00000321.wav,,,,,normal,none,high,,,,,,,,,,,,
SAMPLE-1078,test2026/test/anomaly_id_03_00000322.wav,,,,,normal,none,high,,,,,,,,,,,,
SAMPLE-1079,test2026/test/anomaly_id_03_00000323.wav,,,,,normal,none,high,,,,,,,,,,,,
SAMPLE-1080,test2026/test/anomaly_id_03_00000324.wav,,,,,normal,none,high,,,,,,,,,,,,
SAMPLE-1081,test2026/test/anomaly_id_03_00000325.wav,,,,,normal,none,high,,,,,,,,,,,,
SAMPLE-1082,test2026/test/anomaly_id_03_00000326.wav,,,,,normal,none,high,,,,,,,,,,,,
SAMPLE-1083,test2026/test/anomaly_id_03_00000327.wav,,,,,normal,none,high,,,,,,,,,,,,
SAMPLE-1084,test2026/test/anomaly_id_03_00000328.wav,,,,,normal,none,high,,,,,,,,,,,,
SAMPLE-1085,test2026/test/anomaly_id_03_00000329.wav,,,,,normal,none,high,,,,,,,,,,,,
SAMPLE-1086,test2026/test/anomaly_id_03_00000330.wav,,,,,normal,none,high,,,,,,,,,,,,
SAMPLE-1087,test2026/test/anomaly_id_03_00000331.wav,,,,,normal,none,high,,,,,,,,,,,,
SAMPLE-1088,test2026/test/anomaly_id_03_00000332.wav,,,,,normal,none,high,,,,,,,,,,,,
SAMPLE-1089,test2026/test/anomaly_id_03_00000333.wav,,,,,normal,none,high,,,,,,,,,,,,
SAMPLE-1090,test2026/test/anomaly_id_03_00000334.wav,,,,,normal,none,high,,,,,,,,,,,,
SAMPLE-1091,test2026/test/anomaly_id_03_00000335.wav,,,,,normal,none,high,,,,,,,,,,,,
SAMPLE-1092,test2026/test/anomaly_id_03_00000336.wav,,,,,normal,none,high,,,,,,,,,,,,
SAMPLE-1093,test2026/test/anomaly_id_03_00000337.wav,,,,,normal,none,high,,,,,,,,,,,,
SAMPLE-1094,test2026/test/anomaly_id_03_00000338.wav,,,,,normal,none,high,,,,,,,,,,,,
SAMPLE-1095,test2026/test/anomaly_id_03_00000339.wav,,,,,normal,none,high,,,,,,,,,,,,
SAMPLE-1096,test2026/test/anomaly_id_03_00000340.wav,,,,,normal,none,high,,,,,,,,,,,,
SAMPLE-1097,test2026/test/anomaly_id_03_00000341.wav,,,,,normal,none,high,,,,,,,,,,,,
SAMPLE-1098,test2026/test/anomaly_id_03_00000342.wav,,,,,normal,none,high,,,,,,,,,,,,
SAMPLE-1099,test2026/test/anomaly_id_03_00000343.wav,,,,,normal,none,high,,,,,,,,,,,,
SAMPLE-1100,test2026/test/anomaly_id_03_00000344.wav,,,,,normal,none,high,,,,,,,,,,,,
SAMPLE-1101,test2026/test/anomaly_id_03_00000345.wav,,,,,normal,none,high,,,,,,,,,,,,
SAMPLE-1102,test2026/test/anomaly_id_03_00000346.wav,,,,,normal,none,high,,,,,,,,,,,,
SAMPLE-1103,test2026/test/anomaly_id_03_00000347.wav,,,,,normal,none,high,,,,,,,,,,,,
SAMPLE-1104,test2026/test/anomaly_id_03_00000348.wav,,,,,normal,none,high,,,,,,,,,,,,
SAMPLE-1105,test2026/test/anomaly_id_03_00000349.wav,,,,,normal,none,high,,,,,,,,,,,,
SAMPLE-1106,test2026/test/anomaly_id_03_00000350.wav,,,,,normal,none,high,,,,,,,,,,,,
SAMPLE-1107,test2026/test/anomaly_id_03_00000351.wav,,,,,normal,none,high,,,,,,,,,,,,
SAMPLE-1108,test2026/test/anomaly_id_03_00000352.wav,,,,,normal,none,high,,,,,,,,,,,,
SAMPLE-1109,test2026/test/anomaly_id_03_00000353.wav,,,,,normal,none,high,,,,,,,,,,,,
SAMPLE-1110,test2026/test/anomaly_id_03_00000354.wav,,,,,normal,none,high,,,,,,,,,,,,
SAMPLE-1111,test2026/test/normal_id_01_00000000.wav,,,,,normal,none,high,,,,,,,,,,,,
SAMPLE-1112,test2026/test/normal_id_01_00000001.wav,,,,,normal,none,high,,,,,,,,,,,,
SAMPLE-1113,test2026/test/normal_id_01_00000002.wav,,,,,normal,none,high,,,,,,,,,,,,
SAMPLE-1114,test2026/test/normal_id_01_00000003.wav,,,,,normal,none,high,,,,,,,,,,,,
SAMPLE-1115,test2026/test/normal_id_01_00000004.wav,,,,,normal,none,high,,,,,,,,,,,,
SAMPLE-1116,test2026/test/normal_id_01_00000005.wav,,,,,normal,none,high,,,,,,,,,,,,
SAMPLE-1117,test2026/test/normal_id_01_00000006.wav,,,,,normal,none,high,,,,,,,,,,,,
SAMPLE-1118,test2026/test/normal_id_01_00000007.wav,,,,,normal,none,high,,,,,,,,,,,,
SAMPLE-1119,test2026/test/normal_id_01_00000008.wav,,,,,normal,none,high,,,,,,,,,,,,
SAMPLE-1120,test2026/test/normal_id_01_00000009.wav,,,,,normal,none,high,,,,,,,,,,,,
SAMPLE-1121,test2026/test/normal_id_01_00000010.wav,,,,,normal,none,high,,,,,,,,,,,,
SAMPLE-1122,test2026/test/normal_id_01_00000011.wav,,,,,normal,none,high,,,,,,,,,,,,
SAMPLE-1123,test2026/test/normal_id_01_00000012.wav,,,,,normal,none,high,,,,,,,,,,,,
SAMPLE-1124,test2026/test/normal_id_01_00000013.wav,,,,,normal,none,high,,,,,,,,,,,,
SAMPLE-1125,test2026/test/normal_id_01_00000014.wav,,,,,normal,none,high,,,,,,,,,,,,
SAMPLE-1126,test2026/test/normal_id_01_00000015.wav,,,,,normal,none,high,,,,,,,,,,,,
SAMPLE-1127,test2026/test/normal_id_01_00000016.wav,,,,,normal,none,high,,,,,,,,,,,,
SAMPLE-1128,test2026/test/normal_id_01_00000017.wav,,,,,normal,none,high,,,,,,,,,,,,
SAMPLE-1129,test2026/test/normal_id_01_00000018.wav,,,,,normal,none,high,,,,,,,,,,,,
SAMPLE-1130,test2026/test/normal_id_01_00000019.wav,,,,,normal,none,high,,,,,,,,,,,,
SAMPLE-1131,test2026/test/normal_id_01_00000020.wav,,,,,normal,none,high,,,,,,,,,,,,
SAMPLE-1132,test2026/test/normal_id_01_00000021.wav,,,,,normal,none,high,,,,,,,,,,,,
SAMPLE-1133,test2026/test/normal_id_01_00000022.wav,,,,,normal,none,high,,,,,,,,,,,,
SAMPLE-1134,test2026/test/normal_id_01_00000023.wav,,,,,normal,none,high,,,,,,,,,,,,
SAMPLE-1135,test2026/test/normal_id_01_00000024.wav,,,,,normal,none,high,,,,,,,,,,,,
SAMPLE-1136,test2026/test/normal_id_01_00000025.wav,,,,,normal,none,high,,,,,,,,,,,,
SAMPLE-1137,test2026/test/normal_id_01_00000026.wav,,,,,normal,none,high,,,,,,,,,,,,
SAMPLE-1138,test2026/test/normal_id_01_00000027.wav,,,,,normal,none,high,,,,,,,,,,,,
SAMPLE-1139,test2026/test/normal_id_01_00000028.wav,,,,,normal,none,high,,,,,,,,,,,,
SAMPLE-1140,test2026/test/normal_id_01_00000029.wav,,,,,normal,none,high,,,,,,,,,,,,
SAMPLE-1141,test2026/test/normal_id_01_00000030.wav,,,,,normal,none,high,,,,,,,,,,,,
SAMPLE-1142,test2026/test/normal_id_01_00000031.wav,,,,,normal,none,high,,,,,,,,,,,,
SAMPLE-1143,test2026/test/normal_id_01_00000032.wav,,,,,normal,none,high,,,,,,,,,,,,
SAMPLE-1144,test2026/test/normal_id_01_00000033.wav,,,,,normal,none,high,,,,,,,,,,,,
SAMPLE-1145,test2026/test/normal_id_01_00000034.wav,,,,,normal,none,high,,,,,,,,,,,,
SAMPLE-1146,test2026/test/normal_id_01_00000035.wav,,,,,normal,none,high,,,,,,,,,,,,
SAMPLE-1147,test2026/test/normal_id_01_00000036.wav,,,,,normal,none,high,,,,,,,,,,,,
SAMPLE-1148,test2026/test/normal_id_01_00000037.wav,,,,,normal,none,high,,,,,,,,,,,,
SAMPLE-1149,test2026/test/normal_id_01_00000038.wav,,,,,normal,none,high,,,,,,,,,,,,
SAMPLE-1150,test2026/test/normal_id_01_00000039.wav,,,,,normal,none,high,,,,,,,,,,,,
SAMPLE-1151,test2026/test/normal_id_01_00000040.wav,,,,,normal,none,high,,,,,,,,,,,,
SAMPLE-1152,test2026/test/normal_id_01_00000041.wav,,,,,normal,none,high,,,,,,,,,,,,
SAMPLE-1153,test2026/test/normal_id_01_00000042.wav,,,,,normal,none,high,,,,,,,,,,,,
SAMPLE-1154,test2026/test/normal_id_01_00000043.wav,,,,,normal,none,high,,,,,,,,,,,,
SAMPLE-1155,test2026/test/normal_id_01_00000044.wav,,,,,normal,none,high,,,,,,,,,,,,
SAMPLE-1156,test2026/test/normal_id_01_00000045.wav,,,,,normal,none,high,,,,,,,,,,,,
SAMPLE-1157,test2026/test/normal_id_01_00000046.wav,,,,,normal,none,high,,,,,,,,,,,,
SAMPLE-1158,test2026/test/normal_id_01_00000047.wav,,,,,normal,none,high,,,,,,,,,,,,
SAMPLE-1159,test2026/test/normal_id_01_00000048.wav,,,,,normal,none,high,,,,,,,,,,,,
SAMPLE-1160,test2026/test/normal_id_01_00000049.wav,,,,,normal,none,high,,,,,,,,,,,,
SAMPLE-1161,test2026/test/normal_id_01_00000050.wav,,,,,normal,none,high,,,,,,,,,,,,
SAMPLE-1162,test2026/test/normal_id_01_00000051.wav,,,,,normal,none,high,,,,,,,,,,,,
SAMPLE-1163,test2026/test/normal_id_01_00000052.wav,,,,,normal,none,high,,,,,,,,,,,,
SAMPLE-1164,test2026/test/normal_id_01_00000053.wav,,,,,normal,none,high,,,,,,,,,,,,
SAMPLE-1165,test2026/test/normal_id_01_00000054.wav,,,,,normal,none,high,,,,,,,,,,,,
SAMPLE-1166,test2026/test/normal_id_01_00000055.wav,,,,,normal,none,high,,,,,,,,,,,,
SAMPLE-1167,test2026/test/normal_id_01_00000056.wav,,,,,normal,none,high,,,,,,,,,,,,
SAMPLE-1168,test2026/test/normal_id_01_00000057.wav,,,,,normal,none,high,,,,,,,,,,,,
SAMPLE-1169,test2026/test/normal_id_01_00000058.wav,,,,,normal,none,high,,,,,,,,,,,,
SAMPLE-1170,test2026/test/normal_id_01_00000059.wav,,,,,normal,none,high,,,,,,,,,,,,
SAMPLE-1171,test2026/test/normal_id_01_00000060.wav,,,,,normal,none,high,,,,,,,,,,,,
SAMPLE-1172,test2026/test/normal_id_01_00000061.wav,,,,,normal,none,high,,,,,,,,,,,,
SAMPLE-1173,test2026/test/normal_id_01_00000062.wav,,,,,normal,none,high,,,,,,,,,,,,
SAMPLE-1174,test2026/test/normal_id_01_00000063.wav,,,,,normal,none,high,,,,,,,,,,,,
SAMPLE-1175,test2026/test/normal_id_01_00000064.wav,,,,,normal,none,high,,,,,,,,,,,,
SAMPLE-1176,test2026/test/normal_id_01_00000065.wav,,,,,normal,none,high,,,,,,,,,,,,
SAMPLE-1177,test2026/test/normal_id_01_00000066.wav,,,,,normal,none,high,,,,,,,,,,,,
SAMPLE-1178,test2026/test/normal_id_01_00000067.wav,,,,,normal,none,high,,,,,,,,,,,,
SAMPLE-1179,test2026/test/normal_id_01_00000068.wav,,,,,normal,none,high,,,,,,,,,,,,
SAMPLE-1180,test2026/test/normal_id_01_00000069.wav,,,,,normal,none,high,,,,,,,,,,,,
SAMPLE-1181,test2026/test/normal_id_01_00000070.wav,,,,,normal,none,high,,,,,,,,,,,,
SAMPLE-1182,test2026/test/normal_id_01_00000071.wav,,,,,normal,none,high,,,,,,,,,,,,
SAMPLE-1183,test2026/test/normal_id_01_00000072.wav,,,,,normal,none,high,,,,,,,,,,,,
SAMPLE-1184,test2026/test/normal_id_01_00000073.wav,,,,,normal,none,high,,,,,,,,,,,,
SAMPLE-1185,test2026/test/normal_id_01_00000074.wav,,,,,normal,none,high,,,,,,,,,,,,
SAMPLE-1186,test2026/test/normal_id_01_00000075.wav,,,,,normal,none,high,,,,,,,,,,,,
SAMPLE-1187,test2026/test/normal_id_01_00000076.wav,,,,,normal,none,high,,,,,,,,,,,,
SAMPLE-1188,test2026/test/normal_id_01_00000077.wav,,,,,normal,none,high,,,,,,,,,,,,
SAMPLE-1189,test2026/test/normal_id_01_00000078.wav,,,,,normal,none,high,,,,,,,,,,,,
SAMPLE-1190,test2026/test/normal_id_01_00000079.wav,,,,,normal,none,high,,,,,,,,,,,,
SAMPLE-1191,test2026/test/normal_id_01_00000080.wav,,,,,normal,none,high,,,,,,,,,,,,
SAMPLE-1192,test2026/test/normal_id_01_00000081.wav,,,,,normal,none,high,,,,,,,,,,,,
SAMPLE-1193,test2026/test/normal_id_01_00000082.wav,,,,,normal,none,high,,,,,,,,,,,,
SAMPLE-1194,test2026/test/normal_id_01_00000083.wav,,,,,normal,none,high,,,,,,,,,,,,
SAMPLE-1195,test2026/test/normal_id_01_00000084.wav,,,,,normal,none,high,,,,,,,,,,,,
SAMPLE-1196,test2026/test/normal_id_01_00000085.wav,,,,,normal,none,high,,,,,,,,,,,,
SAMPLE-1197,test2026/test/normal_id_01_00000086.wav,,,,,normal,none,high,,,,,,,,,,,,
SAMPLE-1198,test2026/test/normal_id_01_00000087.wav,,,,,normal,none,high,,,,,,,,,,,,
SAMPLE-1199,test2026/test/normal_id_01_00000088.wav,,,,,normal,none,high,,,,,,,,,,,,
SAMPLE-1200,test2026/test/normal_id_01_00000089.wav,,,,,normal,none,high,,,,,,,,,,,,
SAMPLE-1201,test2026/test/normal_id_01_00000090.wav,,,,,normal,none,high,,,,,,,,,,,,
SAMPLE-1202,test2026/test/normal_id_01_00000091.wav,,,,,normal,none,high,,,,,,,,,,,,
SAMPLE-1203,test2026/test/normal_id_01_00000092.wav,,,,,normal,none,high,,,,,,,,,,,,
SAMPLE-1204,test2026/test/normal_id_01_00000093.wav,,,,,normal,none,high,,,,,,,,,,,,
SAMPLE-1205,test2026/test/normal_id_01_00000094.wav,,,,,normal,none,high,,,,,,,,,,,,
SAMPLE-1206,test2026/test/normal_id_01_00000095.wav,,,,,normal,none,high,,,,,,,,,,,,
SAMPLE-1207,test2026/test/normal_id_01_00000096.wav,,,,,normal,none,high,,,,,,,,,,,,
SAMPLE-1208,test2026/test/normal_id_01_00000097.wav,,,,,normal,none,high,,,,,,,,,,,,
SAMPLE-1209,test2026/test/normal_id_01_00000098.wav,,,,,normal,none,high,,,,,,,,,,,,
SAMPLE-1210,test2026/test/normal_id_01_00000099.wav,,,,,normal,none,high,,,,,,,,,,,,
SAMPLE-1211,test2026/test/normal_id_01_00000100.wav,,,,,normal,none,high,,,,,,,,,,,,
SAMPLE-1212,test2026/test/normal_id_01_00000101.wav,,,,,normal,none,high,,,,,,,,,,,,
SAMPLE-1213,test2026/test/normal_id_01_00000102.wav,,,,,normal,none,high,,,,,,,,,,,,
SAMPLE-1214,test2026/test/normal_id_01_00000103.wav,,,,,normal,none,high,,,,,,,,,,,,
SAMPLE-1215,test2026/test/normal_id_01_00000104.wav,,,,,normal,none,high,,,,,,,,,,,,
SAMPLE-1216,test2026/test/normal_id_01_00000105.wav,,,,,normal,none,high,,,,,,,,,,,,
SAMPLE-1217,test2026/test/normal_id_01_00000106.wav,,,,,normal,none,high,,,,,,,,,,,,
SAMPLE-1218,test2026/test/normal_id_01_00000107.wav,,,,,normal,none,high,,,,,,,,,,,,
SAMPLE-1219,test2026/test/normal_id_01_00000108.wav,,,,,normal,none,high,,,,,,,,,,,,
SAMPLE-1220,test2026/test/normal_id_01_00000109.wav,,,,,normal,none,high,,,,,,,,,,,,
SAMPLE-1221,test2026/test/normal_id_01_00000110.wav,,,,,normal,none,high,,,,,,,,,,,,
SAMPLE-1222,test2026/test/normal_id_01_00000111.wav,,,,,normal,none,high,,,,,,,,,,,,
SAMPLE-1223,test2026/test/normal_id_01_00000112.wav,,,,,normal,none,high,,,,,,,,,,,,
SAMPLE-1224,test2026/test/normal_id_01_00000113.wav,,,,,normal,none,high,,,,,,,,,,,,
SAMPLE-1225,test2026/test/normal_id_01_00000114.wav,,,,,normal,none,high,,,,,,,,,,,,
SAMPLE-1226,test2026/test/normal_id_01_00000115.wav,,,,,normal,none,high,,,,,,,,,,,,
SAMPLE-1227,test2026/test/normal_id_01_00000116.wav,,,,,normal,none,high,,,,,,,,,,,,
SAMPLE-1228,test2026/test/normal_id_01_00000117.wav,,,,,normal,none,high,,,,,,,,,,,,
SAMPLE-1229,test2026/test/normal_id_01_00000118.wav,,,,,normal,none,high,,,,,,,,,,,,
SAMPLE-1230,test2026/test/normal_id_01_00000119.wav,,,,,normal,none,high,,,,,,,,,,,,
SAMPLE-1231,test2026/test/normal_id_01_00000120.wav,,,,,normal,none,high,,,,,,,,,,,,
SAMPLE-1232,test2026/test/normal_id_01_00000121.wav,,,,,normal,none,high,,,,,,,,,,,,
SAMPLE-1233,test2026/test/normal_id_01_00000122.wav,,,,,normal,none,high,,,,,,,,,,,,
SAMPLE-1234,test2026/test/normal_id_01_00000123.wav,,,,,normal,none,high,,,,,,,,,,,,
SAMPLE-1235,test2026/test/normal_id_01_00000124.wav,,,,,normal,none,high,,,,,,,,,,,,
SAMPLE-1236,test2026/test/normal_id_01_00000125.wav,,,,,normal,none,high,,,,,,,,,,,,
SAMPLE-1237,test2026/test/normal_id_01_00000126.wav,,,,,normal,none,high,,,,,,,,,,,,
SAMPLE-1238,test2026/test/normal_id_01_00000127.wav,,,,,normal,none,high,,,,,,,,,,,,
SAMPLE-1239,test2026/test/normal_id_01_00000128.wav,,,,,normal,none,high,,,,,,,,,,,,
SAMPLE-1240,test2026/test/normal_id_01_00000129.wav,,,,,normal,none,high,,,,,,,,,,,,
SAMPLE-1241,test2026/test/normal_id_01_00000130.wav,,,,,normal,none,high,,,,,,,,,,,,
SAMPLE-1242,test2026/test/normal_id_01_00000131.wav,,,,,normal,none,high,,,,,,,,,,,,
SAMPLE-1243,test2026/test/normal_id_01_00000132.wav,,,,,normal,none,high,,,,,,,,,,,,
SAMPLE-1244,test2026/test/normal_id_01_00000133.wav,,,,,normal,none,high,,,,,,,,,,,,
SAMPLE-1245,test2026/test/normal_id_01_00000134.wav,,,,,normal,none,high,,,,,,,,,,,,
SAMPLE-1246,test2026/test/normal_id_01_00000135.wav,,,,,normal,none,high,,,,,,,,,,,,
SAMPLE-1247,test2026/test/normal_id_01_00000136.wav,,,,,normal,none,high,,,,,,,,,,,,
SAMPLE-1248,test2026/test/normal_id_01_00000137.wav,,,,,normal,none,high,,,,,,,,,,,,
SAMPLE-1249,test2026/test/normal_id_01_00000138.wav,,,,,normal,none,high,,,,,,,,,,,,
SAMPLE-1250,test2026/test/normal_id_01_00000139.wav,,,,,normal,none,high,,,,,,,,,,,,
SAMPLE-1251,test2026/test/normal_id_01_00000140.wav,,,,,normal,none,high,,,,,,,,,,,,
SAMPLE-1252,test2026/test/normal_id_01_00000141.wav,,,,,normal,none,high,,,,,,,,,,,,
SAMPLE-1253,test2026/test/normal_id_01_00000142.wav,,,,,normal,none,high,,,,,,,,,,,,
SAMPLE-1254,test2026/test/normal_id_01_00000143.wav,,,,,normal,none,high,,,,,,,,,,,,
SAMPLE-1255,test2026/test/normal_id_01_00000144.wav,,,,,normal,none,high,,,,,,,,,,,,
SAMPLE-1256,test2026/test/normal_id_01_00000145.wav,,,,,normal,none,high,,,,,,,,,,,,
SAMPLE-1257,test2026/test/normal_id_01_00000146.wav,,,,,normal,none,high,,,,,,,,,,,,
SAMPLE-1258,test2026/test/normal_id_01_00000147.wav,,,,,normal,none,high,,,,,,,,,,,,
SAMPLE-1259,test2026/test/normal_id_01_00000148.wav,,,,,normal,none,high,,,,,,,,,,,,
SAMPLE-1260,test2026/test/normal_id_01_00000149.wav,,,,,normal,none,high,,,,,,,,,,,,
SAMPLE-1261,test2026/test/normal_id_01_00000150.wav,,,,,normal,none,high,,,,,,,,,,,,
SAMPLE-1262,test2026/test/normal_id_01_00000151.wav,,,,,normal,none,high,,,,,,,,,,,,
SAMPLE-1263,test2026/test/normal_id_01_00000152.wav,,,,,normal,none,high,,,,,,,,,,,,
SAMPLE-1264,test2026/test/normal_id_01_00000153.wav,,,,,normal,none,high,,,,,,,,,,,,
SAMPLE-1265,test2026/test/normal_id_01_00000154.wav,,,,,normal,none,high,,,,,,,,,,,,
SAMPLE-1266,test2026/test/normal_id_01_00000155.wav,,,,,normal,none,high,,,,,,,,,,,,
SAMPLE-1267,test2026/test/normal_id_01_00000156.wav,,,,,normal,none,high,,,,,,,,,,,,
SAMPLE-1268,test2026/test/normal_id_01_00000157.wav,,,,,normal,none,high,,,,,,,,,,,,
SAMPLE-1269,test2026/test/normal_id_01_00000158.wav,,,,,normal,none,high,,,,,,,,,,,,
SAMPLE-1270,test2026/test/normal_id_01_00000159.wav,,,,,normal,none,high,,,,,,,,,,,,
SAMPLE-1271,test2026/test/normal_id_01_00000160.wav,,,,,normal,none,high,,,,,,,,,,,,
SAMPLE-1272,test2026/test/normal_id_01_00000161.wav,,,,,normal,none,high,,,,,,,,,,,,
SAMPLE-1273,test2026/test/normal_id_01_00000162.wav,,,,,normal,none,high,,,,,,,,,,,,
SAMPLE-1274,test2026/test/normal_id_01_00000163.wav,,,,,normal,none,high,,,,,,,,,,,,
SAMPLE-1275,test2026/test/normal_id_01_00000164.wav,,,,,normal,none,high,,,,,,,,,,,,
SAMPLE-1276,test2026/test/normal_id_01_00000165.wav,,,,,normal,none,high,,,,,,,,,,,,
SAMPLE-1277,test2026/test/normal_id_01_00000166.wav,,,,,normal,none,high,,,,,,,,,,,,
SAMPLE-1278,test2026/test/normal_id_01_00000167.wav,,,,,normal,none,high,,,,,,,,,,,,
SAMPLE-1279,test2026/test/normal_id_01_00000168.wav,,,,,normal,none,high,,,,,,,,,,,,
SAMPLE-1280,test2026/test/normal_id_01_00000169.wav,,,,,normal,none,high,,,,,,,,,,,,
SAMPLE-1281,test2026/test/normal_id_01_00000170.wav,,,,,normal,none,high,,,,,,,,,,,,
SAMPLE-1282,test2026/test/normal_id_01_00000171.wav,,,,,normal,none,high,,,,,,,,,,,,
SAMPLE-1283,test2026/test/normal_id_01_00000172.wav,,,,,normal,none,high,,,,,,,,,,,,
SAMPLE-1284,test2026/test/normal_id_01_00000173.wav,,,,,normal,none,high,,,,,,,,,,,,
SAMPLE-1285,test2026/test/normal_id_01_00000174.wav,,,,,normal,none,high,,,,,,,,,,,,
SAMPLE-1286,test2026/test/normal_id_01_00000175.wav,,,,,normal,none,high,,,,,,,,,,,,
SAMPLE-1287,test2026/test/normal_id_01_00000176.wav,,,,,normal,none,high,,,,,,,,,,,,
SAMPLE-1288,test2026/test/normal_id_01_00000177.wav,,,,,normal,none,high,,,,,,,,,,,,
SAMPLE-1289,test2026/test/normal_id_01_00000178.wav,,,,,normal,none,high,,,,,,,,,,,,
SAMPLE-1290,test2026/test/normal_id_01_00000179.wav,,,,,normal,none,high,,,,,,,,,,,,
SAMPLE-1291,test2026/test/normal_id_01_00000180.wav,,,,,normal,none,high,,,,,,,,,,,,
SAMPLE-1292,test2026/test/normal_id_01_00000181.wav,,,,,normal,none,high,,,,,,,,,,,,
SAMPLE-1293,test2026/test/normal_id_01_00000182.wav,,,,,normal,none,high,,,,,,,,,,,,
SAMPLE-1294,test2026/test/normal_id_01_00000183.wav,,,,,normal,none,high,,,,,,,,,,,,
SAMPLE-1295,test2026/test/normal_id_01_00000184.wav,,,,,normal,none,high,,,,,,,,,,,,
SAMPLE-1296,test2026/test/normal_id_01_00000185.wav,,,,,normal,none,high,,,,,,,,,,,,
SAMPLE-1297,test2026/test/normal_id_01_00000186.wav,,,,,normal,none,high,,,,,,,,,,,,
SAMPLE-1298,test2026/test/normal_id_01_00000187.wav,,,,,normal,none,high,,,,,,,,,,,,
SAMPLE-1299,test2026/test/normal_id_01_00000188.wav,,,,,normal,none,high,,,,,,,,,,,,
SAMPLE-1300,test2026/test/normal_id_01_00000189.wav,,,,,normal,none,high,,,,,,,,,,,,
SAMPLE-1301,test2026/test/normal_id_01_00000190.wav,,,,,normal,none,high,,,,,,,,,,,,
SAMPLE-1302,test2026/test/normal_id_01_00000191.wav,,,,,normal,none,high,,,,,,,,,,,,
SAMPLE-1303,test2026/test/normal_id_01_00000192.wav,,,,,normal,none,high,,,,,,,,,,,,
SAMPLE-1304,test2026/test/normal_id_01_00000193.wav,,,,,normal,none,high,,,,,,,,,,,,
SAMPLE-1305,test2026/test/normal_id_01_00000194.wav,,,,,normal,none,high,,,,,,,,,,,,
SAMPLE-1306,test2026/test/normal_id_01_00000195.wav,,,,,normal,none,high,,,,,,,,,,,,
SAMPLE-1307,test2026/test/normal_id_01_00000196.wav,,,,,normal,none,high,,,,,,,,,,,,
SAMPLE-1308,test2026/test/normal_id_01_00000197.wav,,,,,normal,none,high,,,,,,,,,,,,
SAMPLE-1309,test2026/test/normal_id_01_00000198.wav,,,,,normal,none,high,,,,,,,,,,,,
SAMPLE-1310,test2026/test/normal_id_01_00000199.wav,,,,,normal,none,high,,,,,,,,,,,,
SAMPLE-1311,test2026/test/normal_id_01_00000200.wav,,,,,normal,none,high,,,,,,,,,,,,
SAMPLE-1312,test2026/test/normal_id_01_00000201.wav,,,,,normal,none,high,,,,,,,,,,,,
SAMPLE-1313,test2026/test/normal_id_01_00000202.wav,,,,,normal,none,high,,,,,,,,,,,,
SAMPLE-1314,test2026/test/normal_id_01_00000203.wav,,,,,normal,none,high,,,,,,,,,,,,
SAMPLE-1315,test2026/test/normal_id_01_00000204.wav,,,,,normal,none,high,,,,,,,,,,,,
SAMPLE-1316,test2026/test/normal_id_01_00000205.wav,,,,,normal,none,high,,,,,,,,,,,,
SAMPLE-1317,test2026/test/normal_id_01_00000206.wav,,,,,normal,none,high,,,,,,,,,,,,
SAMPLE-1318,test2026/test/normal_id_01_00000207.wav,,,,,normal,none,high,,,,,,,,,,,,
SAMPLE-1319,test2026/test/normal_id_01_00000208.wav,,,,,normal,none,high,,,,,,,,,,,,
SAMPLE-1320,test2026/test/normal_id_01_00000209.wav,,,,,normal,none,high,,,,,,,,,,,,
SAMPLE-1321,test2026/test/normal_id_01_00000210.wav,,,,,normal,none,high,,,,,,,,,,,,
SAMPLE-1322,test2026/test/normal_id_01_00000211.wav,,,,,normal,none,high,,,,,,,,,,,,
SAMPLE-1323,test2026/test/normal_id_01_00000212.wav,,,,,normal,none,high,,,,,,,,,,,,
SAMPLE-1324,test2026/test/normal_id_01_00000213.wav,,,,,normal,none,high,,,,,,,,,,,,
SAMPLE-1325,test2026/test/normal_id_01_00000214.wav,,,,,normal,none,high,,,,,,,,,,,,
SAMPLE-1326,test2026/test/normal_id_01_00000215.wav,,,,,normal,none,high,,,,,,,,,,,,
SAMPLE-1327,test2026/test/normal_id_01_00000216.wav,,,,,normal,none,high,,,,,,,,,,,,
SAMPLE-1328,test2026/test/normal_id_01_00000217.wav,,,,,normal,none,high,,,,,,,,,,,,
SAMPLE-1329,test2026/test/normal_id_01_00000218.wav,,,,,normal,none,high,,,,,,,,,,,,
SAMPLE-1330,test2026/test/normal_id_01_00000219.wav,,,,,normal,none,high,,,,,,,,,,,,
SAMPLE-1331,test2026/test/normal_id_01_00000220.wav,,,,,normal,none,high,,,,,,,,,,,,
SAMPLE-1332,test2026/test/normal_id_01_00000221.wav,,,,,normal,none,high,,,,,,,,,,,,
SAMPLE-1333,test2026/test/normal_id_01_00000222.wav,,,,,normal,none,high,,,,,,,,,,,,
SAMPLE-1334,test2026/test/normal_id_01_00000223.wav,,,,,normal,none,high,,,,,,,,,,,,
SAMPLE-1335,test2026/test/normal_id_01_00000224.wav,,,,,normal,none,high,,,,,,,,,,,,
SAMPLE-1336,test2026/test/normal_id_01_00000225.wav,,,,,normal,none,high,,,,,,,,,,,,
SAMPLE-1337,test2026/test/normal_id_01_00000226.wav,,,,,normal,none,high,,,,,,,,,,,,
SAMPLE-1338,test2026/test/normal_id_01_00000227.wav,,,,,normal,none,high,,,,,,,,,,,,
SAMPLE-1339,test2026/test/normal_id_01_00000228.wav,,,,,normal,none,high,,,,,,,,,,,,
SAMPLE-1340,test2026/test/normal_id_01_00000229.wav,,,,,normal,none,high,,,,,,,,,,,,
SAMPLE-1341,test2026/test/normal_id_01_00000230.wav,,,,,normal,none,high,,,,,,,,,,,,
SAMPLE-1342,test2026/test/normal_id_01_00000231.wav,,,,,normal,none,high,,,,,,,,,,,,
SAMPLE-1343,test2026/test/normal_id_01_00000232.wav,,,,,normal,none,high,,,,,,,,,,,,
SAMPLE-1344,test2026/test/normal_id_01_00000233.wav,,,,,normal,none,high,,,,,,,,,,,,
SAMPLE-1345,test2026/test/normal_id_01_00000234.wav,,,,,normal,none,high,,,,,,,,,,,,
SAMPLE-1346,test2026/test/normal_id_01_00000235.wav,,,,,normal,none,high,,,,,,,,,,,,
SAMPLE-1347,test2026/test/normal_id_01_00000236.wav,,,,,normal,none,high,,,,,,,,,,,,
SAMPLE-1348,test2026/test/normal_id_01_00000237.wav,,,,,normal,none,high,,,,,,,,,,,,
SAMPLE-1349,test2026/test/normal_id_01_00000238.wav,,,,,normal,none,high,,,,,,,,,,,,
SAMPLE-1350,test2026/test/normal_id_01_00000239.wav,,,,,normal,none,high,,,,,,,,,,,,
SAMPLE-1351,test2026/test/normal_id_01_00000240.wav,,,,,normal,none,high,,,,,,,,,,,,
SAMPLE-1352,test2026/test/normal_id_01_00000241.wav,,,,,normal,none,high,,,,,,,,,,,,
SAMPLE-1353,test2026/test/normal_id_01_00000242.wav,,,,,normal,none,high,,,,,,,,,,,,
SAMPLE-1354,test2026/test/normal_id_01_00000243.wav,,,,,normal,none,high,,,,,,,,,,,,
SAMPLE-1355,test2026/test/normal_id_01_00000244.wav,,,,,normal,none,high,,,,,,,,,,,,
SAMPLE-1356,test2026/test/normal_id_01_00000245.wav,,,,,normal,none,high,,,,,,,,,,,,
SAMPLE-1357,test2026/test/normal_id_01_00000246.wav,,,,,normal,none,high,,,,,,,,,,,,
SAMPLE-1358,test2026/test/normal_id_01_00000247.wav,,,,,normal,none,high,,,,,,,,,,,,
SAMPLE-1359,test2026/test/normal_id_01_00000248.wav,,,,,normal,none,high,,,,,,,,,,,,
SAMPLE-1360,test2026/test/normal_id_01_00000249.wav,,,,,normal,none,high,,,,,,,,,,,,
SAMPLE-1361,test2026/test/normal_id_01_00000250.wav,,,,,normal,none,high,,,,,,,,,,,,
SAMPLE-1362,test2026/test/normal_id_01_00000251.wav,,,,,normal,none,high,,,,,,,,,,,,
SAMPLE-1363,test2026/test/normal_id_01_00000252.wav,,,,,normal,none,high,,,,,,,,,,,,
SAMPLE-1364,test2026/test/normal_id_01_00000253.wav,,,,,normal,none,high,,,,,,,,,,,,
SAMPLE-1365,test2026/test/normal_id_01_00000254.wav,,,,,normal,none,high,,,,,,,,,,,,
SAMPLE-1366,test2026/test/normal_id_01_00000255.wav,,,,,normal,none,high,,,,,,,,,,,,
SAMPLE-1367,test2026/test/normal_id_01_00000256.wav,,,,,normal,none,high,,,,,,,,,,,,
SAMPLE-1368,test2026/test/normal_id_01_00000257.wav,,,,,normal,none,high,,,,,,,,,,,,
SAMPLE-1369,test2026/test/normal_id_01_00000258.wav,,,,,normal,none,high,,,,,,,,,,,,
SAMPLE-1370,test2026/test/normal_id_01_00000259.wav,,,,,normal,none,high,,,,,,,,,,,,
SAMPLE-1371,test2026/test/normal_id_01_00000260.wav,,,,,normal,none,high,,,,,,,,,,,,
SAMPLE-1372,test2026/test/normal_id_01_00000261.wav,,,,,normal,none,high,,,,,,,,,,,,
SAMPLE-1373,test2026/test/normal_id_01_00000262.wav,,,,,normal,none,high,,,,,,,,,,,,
SAMPLE-1374,test2026/test/normal_id_01_00000263.wav,,,,,normal,none,high,,,,,,,,,,,,
SAMPLE-1375,test2026/test/normal_id_01_00000264.wav,,,,,normal,none,high,,,,,,,,,,,,
SAMPLE-1376,test2026/test/normal_id_01_00000265.wav,,,,,normal,none,high,,,,,,,,,,,,
SAMPLE-1377,test2026/test/normal_id_01_00000266.wav,,,,,normal,none,high,,,,,,,,,,,,
SAMPLE-1378,test2026/test/normal_id_01_00000267.wav,,,,,normal,none,high,,,,,,,,,,,,
SAMPLE-1379,test2026/test/normal_id_01_00000268.wav,,,,,normal,none,high,,,,,,,,,,,,
SAMPLE-1380,test2026/test/normal_id_01_00000269.wav,,,,,normal,none,high,,,,,,,,,,,,
SAMPLE-1381,test2026/test/normal_id_01_00000270.wav,,,,,normal,none,high,,,,,,,,,,,,
SAMPLE-1382,test2026/test/normal_id_01_00000271.wav,,,,,normal,none,high,,,,,,,,,,,,
SAMPLE-1383,test2026/test/normal_id_01_00000272.wav,,,,,normal,none,high,,,,,,,,,,,,
SAMPLE-1384,test2026/test/normal_id_01_00000273.wav,,,,,normal,none,high,,,,,,,,,,,,
SAMPLE-1385,test2026/test/normal_id_01_00000274.wav,,,,,normal,none,high,,,,,,,,,,,,
SAMPLE-1386,test2026/test/normal_id_01_00000275.wav,,,,,normal,none,high,,,,,,,,,,,,
SAMPLE-1387,test2026/test/normal_id_01_00000276.wav,,,,,normal,none,high,,,,,,,,,,,,
SAMPLE-1388,test2026/test/normal_id_01_00000277.wav,,,,,normal,none,high,,,,,,,,,,,,
SAMPLE-1389,test2026/test/normal_id_01_00000278.wav,,,,,normal,none,high,,,,,,,,,,,,
SAMPLE-1390,test2026/test/normal_id_01_00000279.wav,,,,,normal,none,high,,,,,,,,,,,,
SAMPLE-1391,test2026/test/normal_id_01_00000280.wav,,,,,normal,none,high,,,,,,,,,,,,
SAMPLE-1392,test2026/test/normal_id_01_00000281.wav,,,,,normal,none,high,,,,,,,,,,,,
SAMPLE-1393,test2026/test/normal_id_01_00000282.wav,,,,,normal,none,high,,,,,,,,,,,,
SAMPLE-1394,test2026/test/normal_id_01_00000283.wav,,,,,normal,none,high,,,,,,,,,,,,
SAMPLE-1395,test2026/test/normal_id_01_00000284.wav,,,,,normal,none,high,,,,,,,,,,,,
SAMPLE-1396,test2026/test/normal_id_01_00000285.wav,,,,,normal,none,high,,,,,,,,,,,,
SAMPLE-1397,test2026/test/normal_id_01_00000286.wav,,,,,normal,none,high,,,,,,,,,,,,
SAMPLE-1398,test2026/test/normal_id_01_00000287.wav,,,,,normal,none,high,,,,,,,,,,,,
SAMPLE-1399,test2026/test/normal_id_01_00000288.wav,,,,,normal,none,high,,,,,,,,,,,,
SAMPLE-1400,test2026/test/normal_id_01_00000289.wav,,,,,normal,none,high,,,,,,,,,,,,
SAMPLE-1401,test2026/test/normal_id_01_00000290.wav,,,,,normal,none,high,,,,,,,,,,,,
SAMPLE-1402,test2026/test/normal_id_01_00000291.wav,,,,,normal,none,high,,,,,,,,,,,,
SAMPLE-1403,test2026/test/normal_id_01_00000292.wav,,,,,normal,none,high,,,,,,,,,,,,
SAMPLE-1404,test2026/test/normal_id_01_00000293.wav,,,,,normal,none,high,,,,,,,,,,,,
SAMPLE-1405,test2026/test/normal_id_01_00000294.wav,,,,,normal,none,high,,,,,,,,,,,,
SAMPLE-1406,test2026/test/normal_id_01_00000295.wav,,,,,normal,none,high,,,,,,,,,,,,
SAMPLE-1407,test2026/test/normal_id_01_00000296.wav,,,,,normal,none,high,,,,,,,,,,,,
SAMPLE-1408,test2026/test/normal_id_01_00000297.wav,,,,,normal,none,high,,,,,,,,,,,,
SAMPLE-1409,test2026/test/normal_id_01_00000298.wav,,,,,normal,none,high,,,,,,,,,,,,
SAMPLE-1410,test2026/test/normal_id_01_00000299.wav,,,,,normal,none,high,,,,,,,,,,,,
SAMPLE-1411,test2026/test/normal_id_01_00000300.wav,,,,,normal,none,high,,,,,,,,,,,,
SAMPLE-1412,test2026/test/normal_id_01_00000301.wav,,,,,normal,none,high,,,,,,,,,,,,
SAMPLE-1413,test2026/test/normal_id_01_00000302.wav,,,,,normal,none,high,,,,,,,,,,,,
SAMPLE-1414,test2026/test/normal_id_01_00000303.wav,,,,,normal,none,high,,,,,,,,,,,,
SAMPLE-1415,test2026/test/normal_id_01_00000304.wav,,,,,normal,none,high,,,,,,,,,,,,
SAMPLE-1416,test2026/test/normal_id_01_00000305.wav,,,,,normal,none,high,,,,,,,,,,,,
SAMPLE-1417,test2026/test/normal_id_01_00000306.wav,,,,,normal,none,high,,,,,,,,,,,,
SAMPLE-1418,test2026/test/normal_id_01_00000307.wav,,,,,normal,none,high,,,,,,,,,,,,
SAMPLE-1419,test2026/test/normal_id_01_00000308.wav,,,,,normal,none,high,,,,,,,,,,,,
SAMPLE-1420,test2026/test/normal_id_01_00000309.wav,,,,,normal,none,high,,,,,,,,,,,,
SAMPLE-1421,test2026/test/normal_id_01_00000310.wav,,,,,normal,none,high,,,,,,,,,,,,
SAMPLE-1422,test2026/test/normal_id_01_00000311.wav,,,,,normal,none,high,,,,,,,,,,,,
SAMPLE-1423,test2026/test/normal_id_01_00000312.wav,,,,,normal,none,high,,,,,,,,,,,,
SAMPLE-1424,test2026/test/normal_id_01_00000313.wav,,,,,normal,none,high,,,,,,,,,,,,
SAMPLE-1425,test2026/test/normal_id_01_00000314.wav,,,,,normal,none,high,,,,,,,,,,,,
SAMPLE-1426,test2026/test/normal_id_01_00000315.wav,,,,,normal,none,high,,,,,,,,,,,,
SAMPLE-1427,test2026/test/normal_id_01_00000316.wav,,,,,normal,none,high,,,,,,,,,,,,
SAMPLE-1428,test2026/test/normal_id_01_00000317.wav,,,,,normal,none,high,,,,,,,,,,,,
SAMPLE-1429,test2026/test/normal_id_01_00000318.wav,,,,,normal,none,high,,,,,,,,,,,,
SAMPLE-1430,test2026/test/normal_id_01_00000319.wav,,,,,normal,none,high,,,,,,,,,,,,
SAMPLE-1431,test2026/test/normal_id_01_00000320.wav,,,,,normal,none,high,,,,,,,,,,,,
SAMPLE-1432,test2026/test/normal_id_01_00000321.wav,,,,,normal,none,high,,,,,,,,,,,,
SAMPLE-1433,test2026/test/normal_id_01_00000322.wav,,,,,normal,none,high,,,,,,,,,,,,
SAMPLE-1434,test2026/test/normal_id_01_00000323.wav,,,,,normal,none,high,,,,,,,,,,,,
SAMPLE-1435,test2026/test/normal_id_01_00000324.wav,,,,,normal,none,high,,,,,,,,,,,,
SAMPLE-1436,test2026/test/normal_id_01_00000325.wav,,,,,normal,none,high,,,,,,,,,,,,
SAMPLE-1437,test2026/test/normal_id_01_00000326.wav,,,,,normal,none,high,,,,,,,,,,,,
SAMPLE-1438,test2026/test/normal_id_01_00000327.wav,,,,,normal,none,high,,,,,,,,,,,,
SAMPLE-1439,test2026/test/normal_id_01_00000328.wav,,,,,normal,none,high,,,,,,,,,,,,
SAMPLE-1440,test2026/test/normal_id_01_00000329.wav,,,,,normal,none,high,,,,,,,,,,,,
SAMPLE-1441,test2026/test/normal_id_01_00000330.wav,,,,,normal,none,high,,,,,,,,,,,,
SAMPLE-1442,test2026/test/normal_id_01_00000331.wav,,,,,normal,none,high,,,,,,,,,,,,
SAMPLE-1443,test2026/test/normal_id_01_00000332.wav,,,,,normal,none,high,,,,,,,,,,,,
SAMPLE-1444,test2026/test/normal_id_01_00000333.wav,,,,,normal,none,high,,,,,,,,,,,,
SAMPLE-1445,test2026/test/normal_id_01_00000334.wav,,,,,normal,none,high,,,,,,,,,,,,
SAMPLE-1446,test2026/test/normal_id_01_00000335.wav,,,,,normal,none,high,,,,,,,,,,,,
SAMPLE-1447,test2026/test/normal_id_01_00000336.wav,,,,,normal,none,high,,,,,,,,,,,,
SAMPLE-1448,test2026/test/normal_id_01_00000337.wav,,,,,normal,none,high,,,,,,,,,,,,
SAMPLE-1449,test2026/test/normal_id_01_00000338.wav,,,,,normal,none,high,,,,,,,,,,,,
SAMPLE-1450,test2026/test/normal_id_01_00000339.wav,,,,,normal,none,high,,,,,,,,,,,,
SAMPLE-1451,test2026/test/normal_id_01_00000340.wav,,,,,normal,none,high,,,,,,,,,,,,
SAMPLE-1452,test2026/test/normal_id_01_00000341.wav,,,,,normal,none,high,,,,,,,,,,,,
SAMPLE-1453,test2026/test/normal_id_01_00000342.wav,,,,,normal,none,high,,,,,,,,,,,,
SAMPLE-1454,test2026/test/normal_id_01_00000343.wav,,,,,normal,none,high,,,,,,,,,,,,
SAMPLE-1455,test2026/test/normal_id_01_00000344.wav,,,,,normal,none,high,,,,,,,,,,,,
SAMPLE-1456,test2026/test/normal_id_01_00000345.wav,,,,,normal,none,high,,,,,,,,,,,,
SAMPLE-1457,test2026/test/normal_id_01_00000346.wav,,,,,normal,none,high,,,,,,,,,,,,
SAMPLE-1458,test2026/test/normal_id_01_00000347.wav,,,,,normal,none,high,,,,,,,,,,,,
SAMPLE-1459,test2026/test/normal_id_01_00000348.wav,,,,,normal,none,high,,,,,,,,,,,,
SAMPLE-1460,test2026/test/normal_id_01_00000349.wav,,,,,normal,none,high,,,,,,,,,,,,
SAMPLE-1461,test2026/test/normal_id_01_00000350.wav,,,,,normal,none,high,,,,,,,,,,,,
SAMPLE-1462,test2026/test/normal_id_01_00000351.wav,,,,,normal,none,high,,,,,,,,,,,,
SAMPLE-1463,test2026/test/normal_id_01_00000352.wav,,,,,normal,none,high,,,,,,,,,,,,
SAMPLE-1464,test2026/test/normal_id_01_00000353.wav,,,,,normal,none,high,,,,,,,,,,,,
SAMPLE-1465,test2026/test/normal_id_01_00000354.wav,,,,,normal,none,high,,,,,,,,,,,,
SAMPLE-1466,test2026/test/normal_id_01_00000355.wav,,,,,normal,none,high,,,,,,,,,,,,
SAMPLE-1467,test2026/test/normal_id_01_00000356.wav,,,,,normal,none,high,,,,,,,,,,,,
SAMPLE-1468,test2026/test/normal_id_01_00000357.wav,,,,,normal,none,high,,,,,,,,,,,,
SAMPLE-1469,test2026/test/normal_id_01_00000358.wav,,,,,normal,none,high,,,,,,,,,,,,
SAMPLE-1470,test2026/test/normal_id_01_00000359.wav,,,,,normal,none,high,,,,,,,,,,,,
SAMPLE-1471,test2026/test/normal_id_01_00000360.wav,,,,,normal,none,high,,,,,,,,,,,,
SAMPLE-1472,test2026/test/normal_id_01_00000361.wav,,,,,normal,none,high,,,,,,,,,,,,
SAMPLE-1473,test2026/test/normal_id_01_00000362.wav,,,,,normal,none,high,,,,,,,,,,,,
SAMPLE-1474,test2026/test/normal_id_01_00000363.wav,,,,,normal,none,high,,,,,,,,,,,,
SAMPLE-1475,test2026/test/normal_id_01_00000364.wav,,,,,normal,none,high,,,,,,,,,,,,
SAMPLE-1476,test2026/test/normal_id_01_00000365.wav,,,,,normal,none,high,,,,,,,,,,,,
SAMPLE-1477,test2026/test/normal_id_01_00000366.wav,,,,,normal,none,high,,,,,,,,,,,,
SAMPLE-1478,test2026/test/normal_id_01_00000367.wav,,,,,normal,none,high,,,,,,,,,,,,
SAMPLE-1479,test2026/test/normal_id_01_00000368.wav,,,,,normal,none,high,,,,,,,,,,,,
SAMPLE-1480,test2026/test/normal_id_01_00000369.wav,,,,,normal,none,high,,,,,,,,,,,,
SAMPLE-1481,test2026/test/normal_id_01_00000370.wav,,,,,normal,none,high,,,,,,,,,,,,
SAMPLE-1482,test2026/test/normal_id_01_00000371.wav,,,,,normal,none,high,,,,,,,,,,,,
SAMPLE-1483,test2026/test/normal_id_01_00000372.wav,,,,,normal,none,high,,,,,,,,,,,,
SAMPLE-1484,test2026/test/normal_id_01_00000373.wav,,,,,normal,none,high,,,,,,,,,,,,
SAMPLE-1485,test2026/test/normal_id_01_00000374.wav,,,,,normal,none,high,,,,,,,,,,,,
SAMPLE-1486,test2026/test/normal_id_01_00000375.wav,,,,,normal,none,high,,,,,,,,,,,,
SAMPLE-1487,test2026/test/normal_id_01_00000376.wav,,,,,normal,none,high,,,,,,,,,,,,
SAMPLE-1488,test2026/test/normal_id_01_00000377.wav,,,,,normal,none,high,,,,,,,,,,,,
SAMPLE-1489,test2026/test/normal_id_01_00000378.wav,,,,,normal,none,high,,,,,,,,,,,,
SAMPLE-1490,test2026/test/normal_id_01_00000379.wav,,,,,normal,none,high,,,,,,,,,,,,
SAMPLE-1491,test2026/test/normal_id_01_00000380.wav,,,,,normal,none,high,,,,,,,,,,,,
SAMPLE-1492,test2026/test/normal_id_01_00000381.wav,,,,,normal,none,high,,,,,,,,,,,,
SAMPLE-1493,test2026/test/normal_id_01_00000382.wav,,,,,normal,none,high,,,,,,,,,,,,
SAMPLE-1494,test2026/test/normal_id_01_00000383.wav,,,,,normal,none,high,,,,,,,,,,,,
SAMPLE-1495,test2026/test/normal_id_01_00000384.wav,,,,,normal,none,high,,,,,,,,,,,,
SAMPLE-1496,test2026/test/normal_id_01_00000385.wav,,,,,normal,none,high,,,,,,,,,,,,
SAMPLE-1497,test2026/test/normal_id_01_00000386.wav,,,,,normal,none,high,,,,,,,,,,,,
SAMPLE-1498,test2026/test/normal_id_01_00000387.wav,,,,,normal,none,high,,,,,,,,,,,,
SAMPLE-1499,test2026/test/normal_id_01_00000388.wav,,,,,normal,none,high,,,,,,,,,,,,
SAMPLE-1500,test2026/test/normal_id_01_00000389.wav,,,,,normal,none,high,,,,,,,,,,,,
SAMPLE-1501,test2026/test/normal_id_01_00000390.wav,,,,,normal,none,high,,,,,,,,,,,,
SAMPLE-1502,test2026/test/normal_id_01_00000391.wav,,,,,normal,none,high,,,,,,,,,,,,
SAMPLE-1503,test2026/test/normal_id_01_00000392.wav,,,,,normal,none,high,,,,,,,,,,,,
SAMPLE-1504,test2026/test/normal_id_01_00000393.wav,,,,,normal,none,high,,,,,,,,,,,,
SAMPLE-1505,test2026/test/normal_id_01_00000394.wav,,,,,normal,none,high,,,,,,,,,,,,
SAMPLE-1506,test2026/test/normal_id_01_00000395.wav,,,,,normal,none,high,,,,,,,,,,,,
SAMPLE-1507,test2026/test/normal_id_01_00000396.wav,,,,,normal,none,high,,,,,,,,,,,,
SAMPLE-1508,test2026/test/normal_id_01_00000397.wav,,,,,normal,none,high,,,,,,,,,,,,
SAMPLE-1509,test2026/test/normal_id_01_00000398.wav,,,,,normal,none,high,,,,,,,,,,,,
SAMPLE-1510,test2026/test/normal_id_01_00000399.wav,,,,,normal,none,high,,,,,,,,,,,,
SAMPLE-1511,test2026/test/normal_id_01_00000400.wav,,,,,normal,none,high,,,,,,,,,,,,
SAMPLE-1512,test2026/test/normal_id_01_00000401.wav,,,,,normal,none,high,,,,,,,,,,,,
SAMPLE-1513,test2026/test/normal_id_01_00000402.wav,,,,,normal,none,high,,,,,,,,,,,,
SAMPLE-1514,test2026/test/normal_id_01_00000403.wav,,,,,normal,none,high,,,,,,,,,,,,
SAMPLE-1515,test2026/test/normal_id_01_00000404.wav,,,,,normal,none,high,,,,,,,,,,,,
SAMPLE-1516,test2026/test/normal_id_01_00000405.wav,,,,,normal,none,high,,,,,,,,,,,,
SAMPLE-1517,test2026/test/normal_id_01_00000406.wav,,,,,normal,none,high,,,,,,,,,,,,
SAMPLE-1518,test2026/test/normal_id_01_00000407.wav,,,,,normal,none,high,,,,,,,,,,,,
SAMPLE-1519,test2026/test/normal_id_01_00000408.wav,,,,,normal,none,high,,,,,,,,,,,,
SAMPLE-1520,test2026/test/normal_id_01_00000409.wav,,,,,normal,none,high,,,,,,,,,,,,
SAMPLE-1521,test2026/test/normal_id_01_00000410.wav,,,,,normal,none,high,,,,,,,,,,,,
SAMPLE-1522,test2026/test/normal_id_01_00000411.wav,,,,,normal,none,high,,,,,,,,,,,,
SAMPLE-1523,test2026/test/normal_id_01_00000412.wav,,,,,normal,none,high,,,,,,,,,,,,
SAMPLE-1524,test2026/test/normal_id_01_00000413.wav,,,,,normal,none,high,,,,,,,,,,,,
SAMPLE-1525,test2026/test/normal_id_01_00000414.wav,,,,,normal,none,high,,,,,,,,,,,,
SAMPLE-1526,test2026/test/normal_id_01_00000415.wav,,,,,normal,none,high,,,,,,,,,,,,
SAMPLE-1527,test2026/test/normal_id_01_00000416.wav,,,,,normal,none,high,,,,,,,,,,,,
SAMPLE-1528,test2026/test/normal_id_01_00000417.wav,,,,,normal,none,high,,,,,,,,,,,,
SAMPLE-1529,test2026/test/normal_id_01_00000418.wav,,,,,normal,none,high,,,,,,,,,,,,
SAMPLE-1530,test2026/test/normal_id_01_00000419.wav,,,,,normal,none,high,,,,,,,,,,,,
SAMPLE-1531,test2026/test/normal_id_01_00000420.wav,,,,,normal,none,high,,,,,,,,,,,,
SAMPLE-1532,test2026/test/normal_id_01_00000421.wav,,,,,normal,none,high,,,,,,,,,,,,
SAMPLE-1533,test2026/test/normal_id_01_00000422.wav,,,,,normal,none,high,,,,,,,,,,,,
SAMPLE-1534,test2026/test/normal_id_01_00000423.wav,,,,,normal,none,high,,,,,,,,,,,,
SAMPLE-1535,test2026/test/normal_id_01_00000424.wav,,,,,normal,none,high,,,,,,,,,,,,
SAMPLE-1536,test2026/test/normal_id_01_00000425.wav,,,,,normal,none,high,,,,,,,,,,,,
SAMPLE-1537,test2026/test/normal_id_01_00000426.wav,,,,,normal,none,high,,,,,,,,,,,,
SAMPLE-1538,test2026/test/normal_id_01_00000427.wav,,,,,normal,none,high,,,,,,,,,,,,
SAMPLE-1539,test2026/test/normal_id_01_00000428.wav,,,,,normal,none,high,,,,,,,,,,,,
SAMPLE-1540,test2026/test/normal_id_01_00000429.wav,,,,,normal,none,high,,,,,,,,,,,,
SAMPLE-1541,test2026/test/normal_id_01_00000430.wav,,,,,normal,none,high,,,,,,,,,,,,
SAMPLE-1542,test2026/test/normal_id_01_00000431.wav,,,,,normal,none,high,,,,,,,,,,,,
SAMPLE-1543,test2026/test/normal_id_01_00000432.wav,,,,,normal,none,high,,,,,,,,,,,,
SAMPLE-1544,test2026/test/normal_id_01_00000433.wav,,,,,normal,none,high,,,,,,,,,,,,
SAMPLE-1545,test2026/test/normal_id_01_00000434.wav,,,,,normal,none,high,,,,,,,,,,,,
SAMPLE-1546,test2026/test/normal_id_01_00000435.wav,,,,,normal,none,high,,,,,,,,,,,,
SAMPLE-1547,test2026/test/normal_id_01_00000436.wav,,,,,normal,none,high,,,,,,,,,,,,
SAMPLE-1548,test2026/test/normal_id_01_00000437.wav,,,,,normal,none,high,,,,,,,,,,,,
SAMPLE-1549,test2026/test/normal_id_01_00000438.wav,,,,,normal,none,high,,,,,,,,,,,,
SAMPLE-1550,test2026/test/normal_id_01_00000439.wav,,,,,normal,none,high,,,,,,,,,,,,
SAMPLE-1551,test2026/test/normal_id_01_00000440.wav,,,,,normal,none,high,,,,,,,,,,,,
SAMPLE-1552,test2026/test/normal_id_01_00000441.wav,,,,,normal,none,high,,,,,,,,,,,,
SAMPLE-1553,test2026/test/normal_id_01_00000442.wav,,,,,normal,none,high,,,,,,,,,,,,
SAMPLE-1554,test2026/test/normal_id_01_00000443.wav,,,,,normal,none,high,,,,,,,,,,,,
SAMPLE-1555,test2026/test/normal_id_01_00000444.wav,,,,,normal,none,high,,,,,,,,,,,,
SAMPLE-1556,test2026/test/normal_id_01_00000445.wav,,,,,normal,none,high,,,,,,,,,,,,
SAMPLE-1557,test2026/test/normal_id_01_00000446.wav,,,,,normal,none,high,,,,,,,,,,,,
SAMPLE-1558,test2026/test/normal_id_01_00000447.wav,,,,,normal,none,high,,,,,,,,,,,,
SAMPLE-1559,test2026/test/normal_id_01_00000448.wav,,,,,normal,none,high,,,,,,,,,,,,
SAMPLE-1560,test2026/test/normal_id_01_00000449.wav,,,,,normal,none,high,,,,,,,,,,,,
SAMPLE-1561,test2026/test/normal_id_01_00000450.wav,,,,,normal,none,high,,,,,,,,,,,,
SAMPLE-1562,test2026/test/normal_id_01_00000451.wav,,,,,normal,none,high,,,,,,,,,,,,
SAMPLE-1563,test2026/test/normal_id_01_00000452.wav,,,,,normal,none,high,,,,,,,,,,,,
SAMPLE-1564,test2026/test/normal_id_01_00000453.wav,,,,,normal,none,high,,,,,,,,,,,,
SAMPLE-1565,test2026/test/normal_id_01_00000454.wav,,,,,normal,none,high,,,,,,,,,,,,
SAMPLE-1566,test2026/test/normal_id_01_00000455.wav,,,,,normal,none,high,,,,,,,,,,,,
SAMPLE-1567,test2026/test/normal_id_01_00000456.wav,,,,,normal,none,high,,,,,,,,,,,,
SAMPLE-1568,test2026/test/normal_id_01_00000457.wav,,,,,normal,none,high,,,,,,,,,,,,
SAMPLE-1569,test2026/test/normal_id_01_00000458.wav,,,,,normal,none,high,,,,,,,,,,,,
SAMPLE-1570,test2026/test/normal_id_01_00000459.wav,,,,,normal,none,high,,,,,,,,,,,,
SAMPLE-1571,test2026/test/normal_id_01_00000460.wav,,,,,normal,none,high,,,,,,,,,,,,
SAMPLE-1572,test2026/test/normal_id_01_00000461.wav,,,,,normal,none,high,,,,,,,,,,,,
SAMPLE-1573,test2026/test/normal_id_01_00000462.wav,,,,,normal,none,high,,,,,,,,,,,,
SAMPLE-1574,test2026/test/normal_id_01_00000463.wav,,,,,normal,none,high,,,,,,,,,,,,
SAMPLE-1575,test2026/test/normal_id_01_00000464.wav,,,,,normal,none,high,,,,,,,,,,,,
SAMPLE-1576,test2026/test/normal_id_01_00000465.wav,,,,,normal,none,high,,,,,,,,,,,,
SAMPLE-1577,test2026/test/normal_id_01_00000466.wav,,,,,normal,none,high,,,,,,,,,,,,
SAMPLE-1578,test2026/test/normal_id_01_00000467.wav,,,,,normal,none,high,,,,,,,,,,,,
SAMPLE-1579,test2026/test/normal_id_01_00000468.wav,,,,,normal,none,high,,,,,,,,,,,,
SAMPLE-1580,test2026/test/normal_id_01_00000469.wav,,,,,normal,none,high,,,,,,,,,,,,
SAMPLE-1581,test2026/test/normal_id_01_00000470.wav,,,,,normal,none,high,,,,,,,,,,,,
SAMPLE-1582,test2026/test/normal_id_01_00000471.wav,,,,,normal,none,high,,,,,,,,,,,,
SAMPLE-1583,test2026/test/normal_id_01_00000472.wav,,,,,normal,none,high,,,,,,,,,,,,
SAMPLE-1584,test2026/test/normal_id_01_00000473.wav,,,,,normal,none,high,,,,,,,,,,,,
SAMPLE-1585,test2026/test/normal_id_01_00000474.wav,,,,,normal,none,high,,,,,,,,,,,,
SAMPLE-1586,test2026/test/normal_id_01_00000475.wav,,,,,normal,none,high,,,,,,,,,,,,
SAMPLE-1587,test2026/test/normal_id_01_00000476.wav,,,,,normal,none,high,,,,,,,,,,,,
SAMPLE-1588,test2026/test/normal_id_01_00000477.wav,,,,,normal,none,high,,,,,,,,,,,,
SAMPLE-1589,test2026/test/normal_id_01_00000478.wav,,,,,normal,none,high,,,,,,,,,,,,
SAMPLE-1590,test2026/test/normal_id_01_00000479.wav,,,,,normal,none,high,,,,,,,,,,,,
SAMPLE-1591,test2026/test/normal_id_01_00000480.wav,,,,,normal,none,high,,,,,,,,,,,,
SAMPLE-1592,test2026/test/normal_id_01_00000481.wav,,,,,normal,none,high,,,,,,,,,,,,
SAMPLE-1593,test2026/test/normal_id_01_00000482.wav,,,,,normal,none,high,,,,,,,,,,,,
SAMPLE-1594,test2026/test/normal_id_01_00000483.wav,,,,,normal,none,high,,,,,,,,,,,,
SAMPLE-1595,test2026/test/normal_id_01_00000484.wav,,,,,normal,none,high,,,,,,,,,,,,
SAMPLE-1596,test2026/test/normal_id_01_00000485.wav,,,,,normal,none,high,,,,,,,,,,,,
SAMPLE-1597,test2026/test/normal_id_01_00000486.wav,,,,,normal,none,high,,,,,,,,,,,,
SAMPLE-1598,test2026/test/normal_id_01_00000487.wav,,,,,normal,none,high,,,,,,,,,,,,
SAMPLE-1599,test2026/test/normal_id_01_00000488.wav,,,,,normal,none,high,,,,,,,,,,,,
SAMPLE-1600,test2026/test/normal_id_01_00000489.wav,,,,,normal,none,high,,,,,,,,,,,,
SAMPLE-1601,test2026/test/normal_id_01_00000490.wav,,,,,normal,none,high,,,,,,,,,,,,
SAMPLE-1602,test2026/test/normal_id_01_00000491.wav,,,,,normal,none,high,,,,,,,,,,,,
SAMPLE-1603,test2026/test/normal_id_01_00000492.wav,,,,,normal,none,high,,,,,,,,,,,,
SAMPLE-1604,test2026/test/normal_id_01_00000493.wav,,,,,normal,none,high,,,,,,,,,,,,
SAMPLE-1605,test2026/test/normal_id_01_00000494.wav,,,,,normal,none,high,,,,,,,,,,,,
SAMPLE-1606,test2026/test/normal_id_01_00000495.wav,,,,,normal,none,high,,,,,,,,,,,,
SAMPLE-1607,test2026/test/normal_id_01_00000496.wav,,,,,normal,none,high,,,,,,,,,,,,
SAMPLE-1608,test2026/test/normal_id_01_00000497.wav,,,,,normal,none,high,,,,,,,,,,,,
SAMPLE-1609,test2026/test/normal_id_01_00000498.wav,,,,,normal,none,high,,,,,,,,,,,,
SAMPLE-1610,test2026/test/normal_id_01_00000499.wav,,,,,normal,none,high,,,,,,,,,,,,
SAMPLE-1611,test2026/test/normal_id_01_00000500.wav,,,,,normal,none,high,,,,,,,,,,,,
SAMPLE-1612,test2026/test/normal_id_01_00000501.wav,,,,,normal,none,high,,,,,,,,,,,,
SAMPLE-1613,test2026/test/normal_id_01_00000502.wav,,,,,normal,none,high,,,,,,,,,,,,
SAMPLE-1614,test2026/test/normal_id_01_00000503.wav,,,,,normal,none,high,,,,,,,,,,,,
SAMPLE-1615,test2026/test/normal_id_01_00000504.wav,,,,,normal,none,high,,,,,,,,,,,,
SAMPLE-1616,test2026/test/normal_id_01_00000505.wav,,,,,normal,none,high,,,,,,,,,,,,
SAMPLE-1617,test2026/test/normal_id_01_00000506.wav,,,,,normal,none,high,,,,,,,,,,,,
SAMPLE-1618,test2026/test/normal_id_01_00000507.wav,,,,,normal,none,high,,,,,,,,,,,,
SAMPLE-1619,test2026/test/normal_id_01_00000508.wav,,,,,normal,none,high,,,,,,,,,,,,
SAMPLE-1620,test2026/test/normal_id_01_00000509.wav,,,,,normal,none,high,,,,,,,,,,,,
SAMPLE-1621,test2026/test/normal_id_01_00000510.wav,,,,,normal,none,high,,,,,,,,,,,,
SAMPLE-1622,test2026/test/normal_id_01_00000511.wav,,,,,normal,none,high,,,,,,,,,,,,
SAMPLE-1623,test2026/test/normal_id_01_00000512.wav,,,,,normal,none,high,,,,,,,,,,,,
SAMPLE-1624,test2026/test/normal_id_01_00000513.wav,,,,,normal,none,high,,,,,,,,,,,,
SAMPLE-1625,test2026/test/normal_id_01_00000514.wav,,,,,normal,none,high,,,,,,,,,,,,
SAMPLE-1626,test2026/test/normal_id_01_00000515.wav,,,,,normal,none,high,,,,,,,,,,,,
SAMPLE-1627,test2026/test/normal_id_01_00000516.wav,,,,,normal,none,high,,,,,,,,,,,,
SAMPLE-1628,test2026/test/normal_id_01_00000517.wav,,,,,normal,none,high,,,,,,,,,,,,
SAMPLE-1629,test2026/test/normal_id_01_00000518.wav,,,,,normal,none,high,,,,,,,,,,,,
SAMPLE-1630,test2026/test/normal_id_01_00000519.wav,,,,,normal,none,high,,,,,,,,,,,,
SAMPLE-1631,test2026/test/normal_id_01_00000520.wav,,,,,normal,none,high,,,,,,,,,,,,
SAMPLE-1632,test2026/test/normal_id_01_00000521.wav,,,,,normal,none,high,,,,,,,,,,,,
SAMPLE-1633,test2026/test/normal_id_01_00000522.wav,,,,,normal,none,high,,,,,,,,,,,,
SAMPLE-1634,test2026/test/normal_id_01_00000523.wav,,,,,normal,none,high,,,,,,,,,,,,
SAMPLE-1635,test2026/test/normal_id_01_00000524.wav,,,,,normal,none,high,,,,,,,,,,,,
SAMPLE-1636,test2026/test/normal_id_01_00000525.wav,,,,,normal,none,high,,,,,,,,,,,,
SAMPLE-1637,test2026/test/normal_id_01_00000526.wav,,,,,normal,none,high,,,,,,,,,,,,
SAMPLE-1638,test2026/test/normal_id_01_00000527.wav,,,,,normal,none,high,,,,,,,,,,,,
SAMPLE-1639,test2026/test/normal_id_01_00000528.wav,,,,,normal,none,high,,,,,,,,,,,,
SAMPLE-1640,test2026/test/normal_id_01_00000529.wav,,,,,normal,none,high,,,,,,,,,,,,
SAMPLE-1641,test2026/test/normal_id_01_00000530.wav,,,,,normal,none,high,,,,,,,,,,,,
SAMPLE-1642,test2026/test/normal_id_01_00000531.wav,,,,,normal,none,high,,,,,,,,,,,,
SAMPLE-1643,test2026/test/normal_id_01_00000532.wav,,,,,normal,none,high,,,,,,,,,,,,
SAMPLE-1644,test2026/test/normal_id_01_00000533.wav,,,,,normal,none,high,,,,,,,,,,,,
SAMPLE-1645,test2026/test/normal_id_01_00000534.wav,,,,,normal,none,high,,,,,,,,,,,,
SAMPLE-1646,test2026/test/normal_id_01_00000535.wav,,,,,normal,none,high,,,,,,,,,,,,
SAMPLE-1647,test2026/test/normal_id_01_00000536.wav,,,,,normal,none,high,,,,,,,,,,,,
SAMPLE-1648,test2026/test/normal_id_01_00000537.wav,,,,,normal,none,high,,,,,,,,,,,,
SAMPLE-1649,test2026/test/normal_id_01_00000538.wav,,,,,normal,none,high,,,,,,,,,,,,
SAMPLE-1650,test2026/test/normal_id_01_00000539.wav,,,,,normal,none,high,,,,,,,,,,,,
SAMPLE-1651,test2026/test/normal_id_01_00000540.wav,,,,,normal,none,high,,,,,,,,,,,,
SAMPLE-1652,test2026/test/normal_id_01_00000541.wav,,,,,normal,none,high,,,,,,,,,,,,
SAMPLE-1653,test2026/test/normal_id_01_00000542.wav,,,,,normal,none,high,,,,,,,,,,,,
SAMPLE-1654,test2026/test/normal_id_01_00000543.wav,,,,,normal,none,high,,,,,,,,,,,,
SAMPLE-1655,test2026/test/normal_id_01_00000544.wav,,,,,normal,none,high,,,,,,,,,,,,
SAMPLE-1656,test2026/test/normal_id_01_00000545.wav,,,,,normal,none,high,,,,,,,,,,,,
SAMPLE-1657,test2026/test/normal_id_01_00000546.wav,,,,,normal,none,high,,,,,,,,,,,,
SAMPLE-1658,test2026/test/normal_id_01_00000547.wav,,,,,normal,none,high,,,,,,,,,,,,
SAMPLE-1659,test2026/test/normal_id_01_00000548.wav,,,,,normal,none,high,,,,,,,,,,,,
SAMPLE-1660,test2026/test/normal_id_01_00000549.wav,,,,,normal,none,high,,,,,,,,,,,,
SAMPLE-1661,test2026/test/normal_id_01_00000550.wav,,,,,normal,none,high,,,,,,,,,,,,
SAMPLE-1662,test2026/test/normal_id_01_00000551.wav,,,,,normal,none,high,,,,,,,,,,,,
SAMPLE-1663,test2026/test/normal_id_01_00000552.wav,,,,,normal,none,high,,,,,,,,,,,,
SAMPLE-1664,test2026/test/normal_id_01_00000553.wav,,,,,normal,none,high,,,,,,,,,,,,
SAMPLE-1665,test2026/test/normal_id_01_00000554.wav,,,,,normal,none,high,,,,,,,,,,,,
SAMPLE-1666,test2026/test/normal_id_01_00000555.wav,,,,,normal,none,high,,,,,,,,,,,,
SAMPLE-1667,test2026/test/normal_id_01_00000556.wav,,,,,normal,none,high,,,,,,,,,,,,
SAMPLE-1668,test2026/test/normal_id_01_00000557.wav,,,,,normal,none,high,,,,,,,,,,,,
SAMPLE-1669,test2026/test/normal_id_01_00000558.wav,,,,,normal,none,high,,,,,,,,,,,,
SAMPLE-1670,test2026/test/normal_id_01_00000559.wav,,,,,normal,none,high,,,,,,,,,,,,
SAMPLE-1671,test2026/test/normal_id_01_00000560.wav,,,,,normal,none,high,,,,,,,,,,,,
SAMPLE-1672,test2026/test/normal_id_01_00000561.wav,,,,,normal,none,high,,,,,,,,,,,,
SAMPLE-1673,test2026/test/normal_id_01_00000562.wav,,,,,normal,none,high,,,,,,,,,,,,
SAMPLE-1674,test2026/test/normal_id_01_00000563.wav,,,,,normal,none,high,,,,,,,,,,,,
SAMPLE-1675,test2026/test/normal_id_01_00000564.wav,,,,,normal,none,high,,,,,,,,,,,,
SAMPLE-1676,test2026/test/normal_id_01_00000565.wav,,,,,normal,none,high,,,,,,,,,,,,
SAMPLE-1677,test2026/test/normal_id_01_00000566.wav,,,,,normal,none,high,,,,,,,,,,,,
SAMPLE-1678,test2026/test/normal_id_01_00000567.wav,,,,,normal,none,high,,,,,,,,,,,,
SAMPLE-1679,test2026/test/normal_id_01_00000568.wav,,,,,normal,none,high,,,,,,,,,,,,
SAMPLE-1680,test2026/test/normal_id_01_00000569.wav,,,,,normal,none,high,,,,,,,,,,,,
SAMPLE-1681,test2026/test/normal_id_01_00000570.wav,,,,,normal,none,high,,,,,,,,,,,,
SAMPLE-1682,test2026/test/normal_id_01_00000571.wav,,,,,normal,none,high,,,,,,,,,,,,
SAMPLE-1683,test2026/test/normal_id_01_00000572.wav,,,,,normal,none,high,,,,,,,,,,,,
SAMPLE-1684,test2026/test/normal_id_01_00000573.wav,,,,,normal,none,high,,,,,,,,,,,,
SAMPLE-1685,test2026/test/normal_id_01_00000574.wav,,,,,normal,none,high,,,,,,,,,,,,
SAMPLE-1686,test2026/test/normal_id_01_00000575.wav,,,,,normal,none,high,,,,,,,,,,,,
SAMPLE-1687,test2026/test/normal_id_01_00000576.wav,,,,,normal,none,high,,,,,,,,,,,,
SAMPLE-1688,test2026/test/normal_id_01_00000577.wav,,,,,normal,none,high,,,,,,,,,,,,
SAMPLE-1689,test2026/test/normal_id_01_00000578.wav,,,,,normal,none,high,,,,,,,,,,,,
SAMPLE-1690,test2026/test/normal_id_01_00000579.wav,,,,,normal,none,high,,,,,,,,,,,,
SAMPLE-1691,test2026/test/normal_id_01_00000580.wav,,,,,normal,none,high,,,,,,,,,,,,
SAMPLE-1692,test2026/test/normal_id_01_00000581.wav,,,,,normal,none,high,,,,,,,,,,,,
SAMPLE-1693,test2026/test/normal_id_01_00000582.wav,,,,,normal,none,high,,,,,,,,,,,,
SAMPLE-1694,test2026/test/normal_id_01_00000583.wav,,,,,normal,none,high,,,,,,,,,,,,
SAMPLE-1695,test2026/test/normal_id_01_00000584.wav,,,,,normal,none,high,,,,,,,,,,,,
SAMPLE-1696,test2026/test/normal_id_01_00000585.wav,,,,,normal,none,high,,,,,,,,,,,,
SAMPLE-1697,test2026/test/normal_id_01_00000586.wav,,,,,normal,none,high,,,,,,,,,,,,
SAMPLE-1698,test2026/test/normal_id_01_00000587.wav,,,,,normal,none,high,,,,,,,,,,,,
SAMPLE-1699,test2026/test/normal_id_01_00000588.wav,,,,,normal,none,high,,,,,,,,,,,,
SAMPLE-1700,test2026/test/normal_id_01_00000589.wav,,,,,normal,none,high,,,,,,,,,,,,
SAMPLE-1701,test2026/test/normal_id_01_00000590.wav,,,,,normal,none,high,,,,,,,,,,,,
SAMPLE-1702,test2026/test/normal_id_01_00000591.wav,,,,,normal,none,high,,,,,,,,,,,,
SAMPLE-1703,test2026/test/normal_id_01_00000592.wav,,,,,normal,none,high,,,,,,,,,,,,
SAMPLE-1704,test2026/test/normal_id_01_00000593.wav,,,,,normal,none,high,,,,,,,,,,,,
SAMPLE-1705,test2026/test/normal_id_01_00000594.wav,,,,,normal,none,high,,,,,,,,,,,,
SAMPLE-1706,test2026/test/normal_id_01_00000595.wav,,,,,normal,none,high,,,,,,,,,,,,
SAMPLE-1707,test2026/test/normal_id_01_00000596.wav,,,,,normal,none,high,,,,,,,,,,,,
SAMPLE-1708,test2026/test/normal_id_01_00000597.wav,,,,,normal,none,high,,,,,,,,,,,,
SAMPLE-1709,test2026/test/normal_id_01_00000598.wav,,,,,normal,none,high,,,,,,,,,,,,
SAMPLE-1710,test2026/test/normal_id_01_00000599.wav,,,,,normal,none,high,,,,,,,,,,,,
SAMPLE-1711,test2026/test/normal_id_01_00000600.wav,,,,,normal,none,high,,,,,,,,,,,,
SAMPLE-1712,test2026/test/normal_id_01_00000601.wav,,,,,normal,none,high,,,,,,,,,,,,
SAMPLE-1713,test2026/test/normal_id_01_00000602.wav,,,,,normal,none,high,,,,,,,,,,,,
SAMPLE-1714,test2026/test/normal_id_01_00000603.wav,,,,,normal,none,high,,,,,,,,,,,,
SAMPLE-1715,test2026/test/normal_id_01_00000604.wav,,,,,normal,none,high,,,,,,,,,,,,
SAMPLE-1716,test2026/test/normal_id_01_00000605.wav,,,,,normal,none,high,,,,,,,,,,,,
SAMPLE-1717,test2026/test/normal_id_01_00000606.wav,,,,,normal,none,high,,,,,,,,,,,,
SAMPLE-1718,test2026/test/normal_id_01_00000607.wav,,,,,normal,none,high,,,,,,,,,,,,
SAMPLE-1719,test2026/test/normal_id_01_00000608.wav,,,,,normal,none,high,,,,,,,,,,,,
SAMPLE-1720,test2026/test/normal_id_01_00000609.wav,,,,,normal,none,high,,,,,,,,,,,,
SAMPLE-1721,test2026/test/normal_id_01_00000610.wav,,,,,normal,none,high,,,,,,,,,,,,
SAMPLE-1722,test2026/test/normal_id_01_00000611.wav,,,,,normal,none,high,,,,,,,,,,,,
SAMPLE-1723,test2026/test/normal_id_01_00000612.wav,,,,,normal,none,high,,,,,,,,,,,,
SAMPLE-1724,test2026/test/normal_id_01_00000613.wav,,,,,normal,none,high,,,,,,,,,,,,
SAMPLE-1725,test2026/test/normal_id_01_00000614.wav,,,,,normal,none,high,,,,,,,,,,,,
SAMPLE-1726,test2026/test/normal_id_01_00000615.wav,,,,,normal,none,high,,,,,,,,,,,,
SAMPLE-1727,test2026/test/normal_id_01_00000616.wav,,,,,normal,none,high,,,,,,,,,,,,
SAMPLE-1728,test2026/test/normal_id_01_00000617.wav,,,,,normal,none,high,,,,,,,,,,,,
SAMPLE-1729,test2026/test/normal_id_01_00000618.wav,,,,,normal,none,high,,,,,,,,,,,,
SAMPLE-1730,test2026/test/normal_id_01_00000619.wav,,,,,normal,none,high,,,,,,,,,,,,
SAMPLE-1731,test2026/test/normal_id_01_00000620.wav,,,,,normal,none,high,,,,,,,,,,,,
SAMPLE-1732,test2026/test/normal_id_01_00000621.wav,,,,,normal,none,high,,,,,,,,,,,,
SAMPLE-1733,test2026/test/normal_id_01_00000622.wav,,,,,normal,none,high,,,,,,,,,,,,
SAMPLE-1734,test2026/test/normal_id_01_00000623.wav,,,,,normal,none,high,,,,,,,,,,,,
SAMPLE-1735,test2026/test/normal_id_01_00000624.wav,,,,,normal,none,high,,,,,,,,,,,,
SAMPLE-1736,test2026/test/normal_id_01_00000625.wav,,,,,normal,none,high,,,,,,,,,,,,
SAMPLE-1737,test2026/test/normal_id_01_00000626.wav,,,,,normal,none,high,,,,,,,,,,,,
SAMPLE-1738,test2026/test/normal_id_01_00000627.wav,,,,,normal,none,high,,,,,,,,,,,,
SAMPLE-1739,test2026/test/normal_id_01_00000628.wav,,,,,normal,none,high,,,,,,,,,,,,
SAMPLE-1740,test2026/test/normal_id_01_00000629.wav,,,,,normal,none,high,,,,,,,,,,,,
SAMPLE-1741,test2026/test/normal_id_01_00000630.wav,,,,,normal,none,high,,,,,,,,,,,,
SAMPLE-1742,test2026/test/normal_id_01_00000631.wav,,,,,normal,none,high,,,,,,,,,,,,
SAMPLE-1743,test2026/test/normal_id_01_00000632.wav,,,,,normal,none,high,,,,,,,,,,,,
SAMPLE-1744,test2026/test/normal_id_01_00000633.wav,,,,,normal,none,high,,,,,,,,,,,,
SAMPLE-1745,test2026/test/normal_id_01_00000634.wav,,,,,normal,none,high,,,,,,,,,,,,
SAMPLE-1746,test2026/test/normal_id_01_00000635.wav,,,,,normal,none,high,,,,,,,,,,,,
SAMPLE-1747,test2026/test/normal_id_01_00000636.wav,,,,,normal,none,high,,,,,,,,,,,,
SAMPLE-1748,test2026/test/normal_id_01_00000637.wav,,,,,normal,none,high,,,,,,,,,,,,
SAMPLE-1749,test2026/test/normal_id_01_00000638.wav,,,,,normal,none,high,,,,,,,,,,,,
SAMPLE-1750,test2026/test/normal_id_01_00000639.wav,,,,,normal,none,high,,,,,,,,,,,,
SAMPLE-1751,test2026/test/normal_id_01_00000640.wav,,,,,normal,none,high,,,,,,,,,,,,
SAMPLE-1752,test2026/test/normal_id_01_00000641.wav,,,,,normal,none,high,,,,,,,,,,,,
SAMPLE-1753,test2026/test/normal_id_01_00000642.wav,,,,,normal,none,high,,,,,,,,,,,,
SAMPLE-1754,test2026/test/normal_id_01_00000643.wav,,,,,normal,none,high,,,,,,,,,,,,
SAMPLE-1755,test2026/test/normal_id_01_00000644.wav,,,,,normal,none,high,,,,,,,,,,,,
SAMPLE-1756,test2026/test/normal_id_01_00000645.wav,,,,,normal,none,high,,,,,,,,,,,,
SAMPLE-1757,test2026/test/normal_id_01_00000646.wav,,,,,normal,none,high,,,,,,,,,,,,
SAMPLE-1758,test2026/test/normal_id_01_00000647.wav,,,,,normal,none,high,,,,,,,,,,,,
SAMPLE-1759,test2026/test/normal_id_01_00000648.wav,,,,,normal,none,high,,,,,,,,,,,,
SAMPLE-1760,test2026/test/normal_id_01_00000649.wav,,,,,normal,none,high,,,,,,,,,,,,
SAMPLE-1761,test2026/test/normal_id_01_00000650.wav,,,,,normal,none,high,,,,,,,,,,,,
SAMPLE-1762,test2026/test/normal_id_01_00000651.wav,,,,,normal,none,high,,,,,,,,,,,,
SAMPLE-1763,test2026/test/normal_id_01_00000652.wav,,,,,normal,none,high,,,,,,,,,,,,
SAMPLE-1764,test2026/test/normal_id_01_00000653.wav,,,,,normal,none,high,,,,,,,,,,,,
SAMPLE-1765,test2026/test/normal_id_01_00000654.wav,,,,,normal,none,high,,,,,,,,,,,,
SAMPLE-1766,test2026/test/normal_id_01_00000655.wav,,,,,normal,none,high,,,,,,,,,,,,
SAMPLE-1767,test2026/test/normal_id_01_00000656.wav,,,,,normal,none,high,,,,,,,,,,,,
SAMPLE-1768,test2026/test/normal_id_01_00000657.wav,,,,,normal,none,high,,,,,,,,,,,,
SAMPLE-1769,test2026/test/normal_id_01_00000658.wav,,,,,normal,none,high,,,,,,,,,,,,
SAMPLE-1770,test2026/test/normal_id_01_00000659.wav,,,,,normal,none,high,,,,,,,,,,,,
SAMPLE-1771,test2026/test/normal_id_01_00000660.wav,,,,,normal,none,high,,,,,,,,,,,,
SAMPLE-1772,test2026/test/normal_id_01_00000661.wav,,,,,normal,none,high,,,,,,,,,,,,
SAMPLE-1773,test2026/test/normal_id_01_00000662.wav,,,,,normal,none,high,,,,,,,,,,,,
SAMPLE-1774,test2026/test/normal_id_01_00000663.wav,,,,,normal,none,high,,,,,,,,,,,,
SAMPLE-1775,test2026/test/normal_id_01_00000664.wav,,,,,normal,none,high,,,,,,,,,,,,
SAMPLE-1776,test2026/test/normal_id_01_00000665.wav,,,,,normal,none,high,,,,,,,,,,,,
SAMPLE-1777,test2026/test/normal_id_01_00000666.wav,,,,,normal,none,high,,,,,,,,,,,,
SAMPLE-1778,test2026/test/normal_id_01_00000667.wav,,,,,normal,none,high,,,,,,,,,,,,
SAMPLE-1779,test2026/test/normal_id_01_00000668.wav,,,,,normal,none,high,,,,,,,,,,,,
SAMPLE-1780,test2026/test/normal_id_01_00000669.wav,,,,,normal,none,high,,,,,,,,,,,,
SAMPLE-1781,test2026/test/normal_id_01_00000670.wav,,,,,normal,none,high,,,,,,,,,,,,
SAMPLE-1782,test2026/test/normal_id_01_00000671.wav,,,,,normal,none,high,,,,,,,,,,,,
SAMPLE-1783,test2026/test/normal_id_01_00000672.wav,,,,,normal,none,high,,,,,,,,,,,,
SAMPLE-1784,test2026/test/normal_id_01_00000673.wav,,,,,normal,none,high,,,,,,,,,,,,
SAMPLE-1785,test2026/test/normal_id_01_00000674.wav,,,,,normal,none,high,,,,,,,,,,,,
SAMPLE-1786,test2026/test/normal_id_01_00000675.wav,,,,,normal,none,high,,,,,,,,,,,,
SAMPLE-1787,test2026/test/normal_id_01_00000676.wav,,,,,normal,none,high,,,,,,,,,,,,
SAMPLE-1788,test2026/test/normal_id_01_00000677.wav,,,,,normal,none,high,,,,,,,,,,,,
SAMPLE-1789,test2026/test/normal_id_01_00000678.wav,,,,,normal,none,high,,,,,,,,,,,,
SAMPLE-1790,test2026/test/normal_id_01_00000679.wav,,,,,normal,none,high,,,,,,,,,,,,
SAMPLE-1791,test2026/test/normal_id_01_00000680.wav,,,,,normal,none,high,,,,,,,,,,,,
SAMPLE-1792,test2026/test/normal_id_01_00000681.wav,,,,,normal,none,high,,,,,,,,,,,,
SAMPLE-1793,test2026/test/normal_id_01_00000682.wav,,,,,normal,none,high,,,,,,,,,,,,
SAMPLE-1794,test2026/test/normal_id_01_00000683.wav,,,,,normal,none,high,,,,,,,,,,,,
SAMPLE-1795,test2026/test/normal_id_01_00000684.wav,,,,,normal,none,high,,,,,,,,,,,,
SAMPLE-1796,test2026/test/normal_id_01_00000685.wav,,,,,normal,none,high,,,,,,,,,,,,
SAMPLE-1797,test2026/test/normal_id_01_00000686.wav,,,,,normal,none,high,,,,,,,,,,,,
SAMPLE-1798,test2026/test/normal_id_01_00000687.wav,,,,,normal,none,high,,,,,,,,,,,,
SAMPLE-1799,test2026/test/normal_id_01_00000688.wav,,,,,normal,none,high,,,,,,,,,,,,
SAMPLE-1800,test2026/test/normal_id_01_00000689.wav,,,,,normal,none,high,,,,,,,,,,,,
SAMPLE-1801,test2026/test/normal_id_01_00000690.wav,,,,,normal,none,high,,,,,,,,,,,,
SAMPLE-1802,test2026/test/normal_id_01_00000691.wav,,,,,normal,none,high,,,,,,,,,,,,
SAMPLE-1803,test2026/test/normal_id_01_00000692.wav,,,,,normal,none,high,,,,,,,,,,,,
SAMPLE-1804,test2026/test/normal_id_01_00000693.wav,,,,,normal,none,high,,,,,,,,,,,,
SAMPLE-1805,test2026/test/normal_id_01_00000694.wav,,,,,normal,none,high,,,,,,,,,,,,
SAMPLE-1806,test2026/test/normal_id_01_00000695.wav,,,,,normal,none,high,,,,,,,,,,,,
SAMPLE-1807,test2026/test/normal_id_01_00000696.wav,,,,,normal,none,high,,,,,,,,,,,,
SAMPLE-1808,test2026/test/normal_id_01_00000697.wav,,,,,normal,none,high,,,,,,,,,,,,
SAMPLE-1809,test2026/test/normal_id_01_00000698.wav,,,,,normal,none,high,,,,,,,,,,,,
SAMPLE-1810,test2026/test/normal_id_01_00000699.wav,,,,,normal,none,high,,,,,,,,,,,,
SAMPLE-1811,test2026/test/normal_id_01_00000700.wav,,,,,normal,none,high,,,,,,,,,,,,
SAMPLE-1812,test2026/test/normal_id_01_00000701.wav,,,,,normal,none,high,,,,,,,,,,,,
SAMPLE-1813,test2026/test/normal_id_01_00000702.wav,,,,,normal,none,high,,,,,,,,,,,,
SAMPLE-1814,test2026/test/normal_id_01_00000703.wav,,,,,normal,none,high,,,,,,,,,,,,
SAMPLE-1815,test2026/test/normal_id_01_00000704.wav,,,,,normal,none,high,,,,,,,,,,,,
SAMPLE-1816,test2026/test/normal_id_01_00000705.wav,,,,,normal,none,high,,,,,,,,,,,,
SAMPLE-1817,test2026/test/normal_id_01_00000706.wav,,,,,normal,none,high,,,,,,,,,,,,
SAMPLE-1818,test2026/test/normal_id_01_00000707.wav,,,,,normal,none,high,,,,,,,,,,,,
SAMPLE-1819,test2026/test/normal_id_01_00000708.wav,,,,,normal,none,high,,,,,,,,,,,,
SAMPLE-1820,test2026/test/normal_id_01_00000709.wav,,,,,normal,none,high,,,,,,,,,,,,
SAMPLE-1821,test2026/test/normal_id_01_00000710.wav,,,,,normal,none,high,,,,,,,,,,,,
SAMPLE-1822,test2026/test/normal_id_01_00000711.wav,,,,,normal,none,high,,,,,,,,,,,,
SAMPLE-1823,test2026/test/normal_id_01_00000712.wav,,,,,normal,none,high,,,,,,,,,,,,
SAMPLE-1824,test2026/test/normal_id_01_00000713.wav,,,,,normal,none,high,,,,,,,,,,,,
SAMPLE-1825,test2026/test/normal_id_01_00000714.wav,,,,,normal,none,high,,,,,,,,,,,,
SAMPLE-1826,test2026/test/normal_id_01_00000715.wav,,,,,normal,none,high,,,,,,,,,,,,
SAMPLE-1827,test2026/test/normal_id_01_00000716.wav,,,,,normal,none,high,,,,,,,,,,,,
SAMPLE-1828,test2026/test/normal_id_01_00000717.wav,,,,,normal,none,high,,,,,,,,,,,,
SAMPLE-1829,test2026/test/normal_id_01_00000718.wav,,,,,normal,none,high,,,,,,,,,,,,
SAMPLE-1830,test2026/test/normal_id_01_00000719.wav,,,,,normal,none,high,,,,,,,,,,,,
SAMPLE-1831,test2026/test/normal_id_01_00000720.wav,,,,,normal,none,high,,,,,,,,,,,,
SAMPLE-1832,test2026/test/normal_id_01_00000721.wav,,,,,normal,none,high,,,,,,,,,,,,
SAMPLE-1833,test2026/test/normal_id_01_00000722.wav,,,,,normal,none,high,,,,,,,,,,,,
SAMPLE-1834,test2026/test/normal_id_01_00000723.wav,,,,,normal,none,high,,,,,,,,,,,,
SAMPLE-1835,test2026/test/normal_id_01_00000724.wav,,,,,normal,none,high,,,,,,,,,,,,
SAMPLE-1836,test2026/test/normal_id_01_00000725.wav,,,,,normal,none,high,,,,,,,,,,,,
SAMPLE-1837,test2026/test/normal_id_01_00000726.wav,,,,,normal,none,high,,,,,,,,,,,,
SAMPLE-1838,test2026/test/normal_id_01_00000727.wav,,,,,normal,none,high,,,,,,,,,,,,
SAMPLE-1839,test2026/test/normal_id_01_00000728.wav,,,,,normal,none,high,,,,,,,,,,,,
SAMPLE-1840,test2026/test/normal_id_01_00000729.wav,,,,,normal,none,high,,,,,,,,,,,,
SAMPLE-1841,test2026/test/normal_id_01_00000730.wav,,,,,normal,none,high,,,,,,,,,,,,
SAMPLE-1842,test2026/test/normal_id_01_00000731.wav,,,,,normal,none,high,,,,,,,,,,,,
SAMPLE-1843,test2026/test/normal_id_01_00000732.wav,,,,,normal,none,high,,,,,,,,,,,,
SAMPLE-1844,test2026/test/normal_id_01_00000733.wav,,,,,normal,none,high,,,,,,,,,,,,
SAMPLE-1845,test2026/test/normal_id_01_00000734.wav,,,,,normal,none,high,,,,,,,,,,,,
SAMPLE-1846,test2026/test/normal_id_01_00000735.wav,,,,,normal,none,high,,,,,,,,,,,,
SAMPLE-1847,test2026/test/normal_id_01_00000736.wav,,,,,normal,none,high,,,,,,,,,,,,
SAMPLE-1848,test2026/test/normal_id_01_00000737.wav,,,,,normal,none,high,,,,,,,,,,,,
SAMPLE-1849,test2026/test/normal_id_01_00000738.wav,,,,,normal,none,high,,,,,,,,,,,,
SAMPLE-1850,test2026/test/normal_id_01_00000739.wav,,,,,normal,none,high,,,,,,,,,,,,
SAMPLE-1851,test2026/test/normal_id_01_00000740.wav,,,,,normal,none,high,,,,,,,,,,,,
SAMPLE-1852,test2026/test/normal_id_01_00000741.wav,,,,,normal,none,high,,,,,,,,,,,,
SAMPLE-1853,test2026/test/normal_id_01_00000742.wav,,,,,normal,none,high,,,,,,,,,,,,
SAMPLE-1854,test2026/test/normal_id_01_00000743.wav,,,,,normal,none,high,,,,,,,,,,,,
SAMPLE-1855,test2026/test/normal_id_01_00000744.wav,,,,,normal,none,high,,,,,,,,,,,,
SAMPLE-1856,test2026/test/normal_id_01_00000745.wav,,,,,normal,none,high,,,,,,,,,,,,
SAMPLE-1857,test2026/test/normal_id_01_00000746.wav,,,,,normal,none,high,,,,,,,,,,,,
SAMPLE-1858,test2026/test/normal_id_01_00000747.wav,,,,,normal,none,high,,,,,,,,,,,,
SAMPLE-1859,test2026/test/normal_id_01_00000748.wav,,,,,normal,none,high,,,,,,,,,,,,
SAMPLE-1860,test2026/test/normal_id_01_00000749.wav,,,,,normal,none,high,,,,,,,,,,,,
SAMPLE-1861,test2026/test/normal_id_01_00000750.wav,,,,,normal,none,high,,,,,,,,,,,,
SAMPLE-1862,test2026/test/normal_id_01_00000751.wav,,,,,normal,none,high,,,,,,,,,,,,
SAMPLE-1863,test2026/test/normal_id_01_00000752.wav,,,,,normal,none,high,,,,,,,,,,,,
SAMPLE-1864,test2026/test/normal_id_01_00000753.wav,,,,,normal,none,high,,,,,,,,,,,,
SAMPLE-1865,test2026/test/normal_id_01_00000754.wav,,,,,normal,none,high,,,,,,,,,,,,
SAMPLE-1866,test2026/test/normal_id_01_00000755.wav,,,,,normal,none,high,,,,,,,,,,,,
SAMPLE-1867,test2026/test/normal_id_01_00000756.wav,,,,,normal,none,high,,,,,,,,,,,,
SAMPLE-1868,test2026/test/normal_id_01_00000757.wav,,,,,normal,none,high,,,,,,,,,,,,
SAMPLE-1869,test2026/test/normal_id_01_00000758.wav,,,,,normal,none,high,,,,,,,,,,,,
SAMPLE-1870,test2026/test/normal_id_01_00000759.wav,,,,,normal,none,high,,,,,,,,,,,,
SAMPLE-1871,test2026/test/normal_id_01_00000760.wav,,,,,normal,none,high,,,,,,,,,,,,
SAMPLE-1872,test2026/test/normal_id_01_00000761.wav,,,,,normal,none,high,,,,,,,,,,,,
SAMPLE-1873,test2026/test/normal_id_01_00000762.wav,,,,,normal,none,high,,,,,,,,,,,,
SAMPLE-1874,test2026/test/normal_id_01_00000763.wav,,,,,normal,none,high,,,,,,,,,,,,
SAMPLE-1875,test2026/test/normal_id_01_00000764.wav,,,,,normal,none,high,,,,,,,,,,,,
SAMPLE-1876,test2026/test/normal_id_01_00000765.wav,,,,,normal,none,high,,,,,,,,,,,,
SAMPLE-1877,test2026/test/normal_id_01_00000766.wav,,,,,normal,none,high,,,,,,,,,,,,
SAMPLE-1878,test2026/test/normal_id_01_00000767.wav,,,,,normal,none,high,,,,,,,,,,,,
SAMPLE-1879,test2026/test/normal_id_01_00000768.wav,,,,,normal,none,high,,,,,,,,,,,,
SAMPLE-1880,test2026/test/normal_id_01_00000769.wav,,,,,normal,none,high,,,,,,,,,,,,
SAMPLE-1881,test2026/test/normal_id_01_00000770.wav,,,,,normal,none,high,,,,,,,,,,,,
SAMPLE-1882,test2026/test/normal_id_01_00000771.wav,,,,,normal,none,high,,,,,,,,,,,,
SAMPLE-1883,test2026/test/normal_id_01_00000772.wav,,,,,normal,none,high,,,,,,,,,,,,
SAMPLE-1884,test2026/test/normal_id_01_00000773.wav,,,,,normal,none,high,,,,,,,,,,,,
SAMPLE-1885,test2026/test/normal_id_01_00000774.wav,,,,,normal,none,high,,,,,,,,,,,,
SAMPLE-1886,test2026/test/normal_id_01_00000775.wav,,,,,normal,none,high,,,,,,,,,,,,
SAMPLE-1887,test2026/test/normal_id_01_00000776.wav,,,,,normal,none,high,,,,,,,,,,,,
SAMPLE-1888,test2026/test/normal_id_01_00000777.wav,,,,,normal,none,high,,,,,,,,,,,,
SAMPLE-1889,test2026/test/normal_id_01_00000778.wav,,,,,normal,none,high,,,,,,,,,,,,
SAMPLE-1890,test2026/test/normal_id_01_00000779.wav,,,,,normal,none,high,,,,,,,,,,,,
SAMPLE-1891,test2026/test/normal_id_01_00000780.wav,,,,,normal,none,high,,,,,,,,,,,,
SAMPLE-1892,test2026/test/normal_id_01_00000781.wav,,,,,normal,none,high,,,,,,,,,,,,
SAMPLE-1893,test2026/test/normal_id_01_00000782.wav,,,,,normal,none,high,,,,,,,,,,,,
SAMPLE-1894,test2026/test/normal_id_01_00000783.wav,,,,,normal,none,high,,,,,,,,,,,,
SAMPLE-1895,test2026/test/normal_id_01_00000784.wav,,,,,normal,none,high,,,,,,,,,,,,
SAMPLE-1896,test2026/test/normal_id_01_00000785.wav,,,,,normal,none,high,,,,,,,,,,,,
SAMPLE-1897,test2026/test/normal_id_01_00000786.wav,,,,,normal,none,high,,,,,,,,,,,,
SAMPLE-1898,test2026/test/normal_id_01_00000787.wav,,,,,normal,none,high,,,,,,,,,,,,
SAMPLE-1899,test2026/test/normal_id_01_00000788.wav,,,,,normal,none,high,,,,,,,,,,,,
SAMPLE-1900,test2026/test/normal_id_01_00000789.wav,,,,,normal,none,high,,,,,,,,,,,,
SAMPLE-1901,test2026/test/normal_id_01_00000790.wav,,,,,normal,none,high,,,,,,,,,,,,
SAMPLE-1902,test2026/test/normal_id_01_00000791.wav,,,,,normal,none,high,,,,,,,,,,,,
SAMPLE-1903,test2026/test/normal_id_01_00000792.wav,,,,,normal,none,high,,,,,,,,,,,,
SAMPLE-1904,test2026/test/normal_id_01_00000793.wav,,,,,normal,none,high,,,,,,,,,,,,
SAMPLE-1905,test2026/test/normal_id_01_00000794.wav,,,,,normal,none,high,,,,,,,,,,,,
SAMPLE-1906,test2026/test/normal_id_01_00000795.wav,,,,,normal,none,high,,,,,,,,,,,,
SAMPLE-1907,test2026/test/normal_id_01_00000796.wav,,,,,normal,none,high,,,,,,,,,,,,
SAMPLE-1908,test2026/test/normal_id_01_00000797.wav,,,,,normal,none,high,,,,,,,,,,,,
SAMPLE-1909,test2026/test/normal_id_01_00000798.wav,,,,,normal,none,high,,,,,,,,,,,,
SAMPLE-1910,test2026/test/normal_id_01_00000799.wav,,,,,normal,none,high,,,,,,,,,,,,
SAMPLE-1911,test2026/test/normal_id_02_00000000.wav,,,,,normal,none,high,,,,,,,,,,,,
SAMPLE-1912,test2026/test/normal_id_02_00000001.wav,,,,,normal,none,high,,,,,,,,,,,,
SAMPLE-1913,test2026/test/normal_id_02_00000002.wav,,,,,normal,none,high,,,,,,,,,,,,
SAMPLE-1914,test2026/test/normal_id_02_00000003.wav,,,,,normal,none,high,,,,,,,,,,,,
SAMPLE-1915,test2026/test/normal_id_02_00000004.wav,,,,,normal,none,high,,,,,,,,,,,,
SAMPLE-1916,test2026/test/normal_id_02_00000005.wav,,,,,normal,none,high,,,,,,,,,,,,
SAMPLE-1917,test2026/test/normal_id_02_00000006.wav,,,,,normal,none,high,,,,,,,,,,,,
SAMPLE-1918,test2026/test/normal_id_02_00000007.wav,,,,,normal,none,high,,,,,,,,,,,,
SAMPLE-1919,test2026/test/normal_id_02_00000008.wav,,,,,normal,none,high,,,,,,,,,,,,
SAMPLE-1920,test2026/test/normal_id_02_00000009.wav,,,,,normal,none,high,,,,,,,,,,,,
SAMPLE-1921,test2026/test/normal_id_02_00000010.wav,,,,,normal,none,high,,,,,,,,,,,,
SAMPLE-1922,test2026/test/normal_id_02_00000011.wav,,,,,normal,none,high,,,,,,,,,,,,
SAMPLE-1923,test2026/test/normal_id_02_00000012.wav,,,,,normal,none,high,,,,,,,,,,,,
SAMPLE-1924,test2026/test/normal_id_02_00000013.wav,,,,,normal,none,high,,,,,,,,,,,,
SAMPLE-1925,test2026/test/normal_id_02_00000014.wav,,,,,normal,none,high,,,,,,,,,,,,
SAMPLE-1926,test2026/test/normal_id_02_00000015.wav,,,,,normal,none,high,,,,,,,,,,,,
SAMPLE-1927,test2026/test/normal_id_02_00000016.wav,,,,,normal,none,high,,,,,,,,,,,,
SAMPLE-1928,test2026/test/normal_id_02_00000017.wav,,,,,normal,none,high,,,,,,,,,,,,
SAMPLE-1929,test2026/test/normal_id_02_00000018.wav,,,,,normal,none,high,,,,,,,,,,,,
SAMPLE-1930,test2026/test/normal_id_02_00000019.wav,,,,,normal,none,high,,,,,,,,,,,,
SAMPLE-1931,test2026/test/normal_id_02_00000020.wav,,,,,normal,none,high,,,,,,,,,,,,
SAMPLE-1932,test2026/test/normal_id_02_00000021.wav,,,,,normal,none,high,,,,,,,,,,,,
SAMPLE-1933,test2026/test/normal_id_02_00000022.wav,,,,,normal,none,high,,,,,,,,,,,,
SAMPLE-1934,test2026/test/normal_id_02_00000023.wav,,,,,normal,none,high,,,,,,,,,,,,
SAMPLE-1935,test2026/test/normal_id_02_00000024.wav,,,,,normal,none,high,,,,,,,,,,,,
SAMPLE-1936,test2026/test/normal_id_02_00000025.wav,,,,,normal,none,high,,,,,,,,,,,,
SAMPLE-1937,test2026/test/normal_id_02_00000026.wav,,,,,normal,none,high,,,,,,,,,,,,
SAMPLE-1938,test2026/test/normal_id_02_00000027.wav,,,,,normal,none,high,,,,,,,,,,,,
SAMPLE-1939,test2026/test/normal_id_02_00000028.wav,,,,,normal,none,high,,,,,,,,,,,,
SAMPLE-1940,test2026/test/normal_id_02_00000029.wav,,,,,normal,none,high,,,,,,,,,,,,
SAMPLE-1941,test2026/test/normal_id_02_00000030.wav,,,,,normal,none,high,,,,,,,,,,,,
SAMPLE-1942,test2026/test/normal_id_02_00000031.wav,,,,,normal,none,high,,,,,,,,,,,,
SAMPLE-1943,test2026/test/normal_id_02_00000032.wav,,,,,normal,none,high,,,,,,,,,,,,
SAMPLE-1944,test2026/test/normal_id_02_00000033.wav,,,,,normal,none,high,,,,,,,,,,,,
SAMPLE-1945,test2026/test/normal_id_02_00000034.wav,,,,,normal,none,high,,,,,,,,,,,,
SAMPLE-1946,test2026/test/normal_id_02_00000035.wav,,,,,normal,none,high,,,,,,,,,,,,
SAMPLE-1947,test2026/test/normal_id_02_00000036.wav,,,,,normal,none,high,,,,,,,,,,,,
SAMPLE-1948,test2026/test/normal_id_02_00000037.wav,,,,,normal,none,high,,,,,,,,,,,,
SAMPLE-1949,test2026/test/normal_id_02_00000038.wav,,,,,normal,none,high,,,,,,,,,,,,
SAMPLE-1950,test2026/test/normal_id_02_00000039.wav,,,,,normal,none,high,,,,,,,,,,,,
SAMPLE-1951,test2026/test/normal_id_02_00000040.wav,,,,,normal,none,high,,,,,,,,,,,,
SAMPLE-1952,test2026/test/normal_id_02_00000041.wav,,,,,normal,none,high,,,,,,,,,,,,
SAMPLE-1953,test2026/test/normal_id_02_00000042.wav,,,,,normal,none,high,,,,,,,,,,,,
SAMPLE-1954,test2026/test/normal_id_02_00000043.wav,,,,,normal,none,high,,,,,,,,,,,,
SAMPLE-1955,test2026/test/normal_id_02_00000044.wav,,,,,normal,none,high,,,,,,,,,,,,
SAMPLE-1956,test2026/test/normal_id_02_00000045.wav,,,,,normal,none,high,,,,,,,,,,,,
SAMPLE-1957,test2026/test/normal_id_02_00000046.wav,,,,,normal,none,high,,,,,,,,,,,,
SAMPLE-1958,test2026/test/normal_id_02_00000047.wav,,,,,normal,none,high,,,,,,,,,,,,
SAMPLE-1959,test2026/test/normal_id_02_00000048.wav,,,,,normal,none,high,,,,,,,,,,,,
SAMPLE-1960,test2026/test/normal_id_02_00000049.wav,,,,,normal,none,high,,,,,,,,,,,,
SAMPLE-1961,test2026/test/normal_id_02_00000050.wav,,,,,normal,none,high,,,,,,,,,,,,
SAMPLE-1962,test2026/test/normal_id_02_00000051.wav,,,,,normal,none,high,,,,,,,,,,,,
SAMPLE-1963,test2026/test/normal_id_02_00000052.wav,,,,,normal,none,high,,,,,,,,,,,,
SAMPLE-1964,test2026/test/normal_id_02_00000053.wav,,,,,normal,none,high,,,,,,,,,,,,
SAMPLE-1965,test2026/test/normal_id_02_00000054.wav,,,,,normal,none,high,,,,,,,,,,,,
SAMPLE-1966,test2026/test/normal_id_02_00000055.wav,,,,,normal,none,high,,,,,,,,,,,,
SAMPLE-1967,test2026/test/normal_id_02_00000056.wav,,,,,normal,none,high,,,,,,,,,,,,
SAMPLE-1968,test2026/test/normal_id_02_00000057.wav,,,,,normal,none,high,,,,,,,,,,,,
SAMPLE-1969,test2026/test/normal_id_02_00000058.wav,,,,,normal,none,high,,,,,,,,,,,,
SAMPLE-1970,test2026/test/normal_id_02_00000059.wav,,,,,normal,none,high,,,,,,,,,,,,
SAMPLE-1971,test2026/test/normal_id_02_00000060.wav,,,,,normal,none,high,,,,,,,,,,,,
SAMPLE-1972,test2026/test/normal_id_02_00000061.wav,,,,,normal,none,high,,,,,,,,,,,,
SAMPLE-1973,test2026/test/normal_id_02_00000062.wav,,,,,normal,none,high,,,,,,,,,,,,
SAMPLE-1974,test2026/test/normal_id_02_00000063.wav,,,,,normal,none,high,,,,,,,,,,,,
SAMPLE-1975,test2026/test/normal_id_02_00000064.wav,,,,,normal,none,high,,,,,,,,,,,,
SAMPLE-1976,test2026/test/normal_id_02_00000065.wav,,,,,normal,none,high,,,,,,,,,,,,
SAMPLE-1977,test2026/test/normal_id_02_00000066.wav,,,,,normal,none,high,,,,,,,,,,,,
SAMPLE-1978,test2026/test/normal_id_02_00000067.wav,,,,,normal,none,high,,,,,,,,,,,,
SAMPLE-1979,test2026/test/normal_id_02_00000068.wav,,,,,normal,none,high,,,,,,,,,,,,
SAMPLE-1980,test2026/test/normal_id_02_00000069.wav,,,,,normal,none,high,,,,,,,,,,,,
SAMPLE-1981,test2026/test/normal_id_02_00000070.wav,,,,,normal,none,high,,,,,,,,,,,,
SAMPLE-1982,test2026/test/normal_id_02_00000071.wav,,,,,normal,none,high,,,,,,,,,,,,
SAMPLE-1983,test2026/test/normal_id_02_00000072.wav,,,,,normal,none,high,,,,,,,,,,,,
SAMPLE-1984,test2026/test/normal_id_02_00000073.wav,,,,,normal,none,high,,,,,,,,,,,,
SAMPLE-1985,test2026/test/normal_id_02_00000074.wav,,,,,normal,none,high,,,,,,,,,,,,
SAMPLE-1986,test2026/test/normal_id_02_00000075.wav,,,,,normal,none,high,,,,,,,,,,,,
SAMPLE-1987,test2026/test/normal_id_02_00000076.wav,,,,,normal,none,high,,,,,,,,,,,,
SAMPLE-1988,test2026/test/normal_id_02_00000077.wav,,,,,normal,none,high,,,,,,,,,,,,
SAMPLE-1989,test2026/test/normal_id_02_00000078.wav,,,,,normal,none,high,,,,,,,,,,,,
SAMPLE-1990,test2026/test/normal_id_02_00000079.wav,,,,,normal,none,high,,,,,,,,,,,,
SAMPLE-1991,test2026/test/normal_id_02_00000080.wav,,,,,normal,none,high,,,,,,,,,,,,
SAMPLE-1992,test2026/test/normal_id_02_00000081.wav,,,,,normal,none,high,,,,,,,,,,,,
SAMPLE-1993,test2026/test/normal_id_02_00000082.wav,,,,,normal,none,high,,,,,,,,,,,,
SAMPLE-1994,test2026/test/normal_id_02_00000083.wav,,,,,normal,none,high,,,,,,,,,,,,
SAMPLE-1995,test2026/test/normal_id_02_00000084.wav,,,,,normal,none,high,,,,,,,,,,,,
SAMPLE-1996,test2026/test/normal_id_02_00000085.wav,,,,,normal,none,high,,,,,,,,,,,,
SAMPLE-1997,test2026/test/normal_id_02_00000086.wav,,,,,normal,none,high,,,,,,,,,,,,
SAMPLE-1998,test2026/test/normal_id_02_00000087.wav,,,,,normal,none,high,,,,,,,,,,,,
SAMPLE-1999,test2026/test/normal_id_02_00000088.wav,,,,,normal,none,high,,,,,,,,,,,,
SAMPLE-2000,test2026/test/normal_id_02_00000089.wav,,,,,normal,none,high,,,,,,,,,,,,
SAMPLE-2001,test2026/test/normal_id_02_00000090.wav,,,,,normal,none,high,,,,,,,,,,,,
SAMPLE-2002,test2026/test/normal_id_02_00000091.wav,,,,,normal,none,high,,,,,,,,,,,,
SAMPLE-2003,test2026/test/normal_id_02_00000092.wav,,,,,normal,none,high,,,,,,,,,,,,
SAMPLE-2004,test2026/test/normal_id_02_00000093.wav,,,,,normal,none,high,,,,,,,,,,,,
SAMPLE-2005,test2026/test/normal_id_02_00000094.wav,,,,,normal,none,high,,,,,,,,,,,,
SAMPLE-2006,test2026/test/normal_id_02_00000095.wav,,,,,normal,none,high,,,,,,,,,,,,
SAMPLE-2007,test2026/test/normal_id_02_00000096.wav,,,,,normal,none,high,,,,,,,,,,,,
SAMPLE-2008,test2026/test/normal_id_02_00000097.wav,,,,,normal,none,high,,,,,,,,,,,,
SAMPLE-2009,test2026/test/normal_id_02_00000098.wav,,,,,normal,none,high,,,,,,,,,,,,
SAMPLE-2010,test2026/test/normal_id_02_00000099.wav,,,,,normal,none,high,,,,,,,,,,,,
SAMPLE-2011,test2026/test/normal_id_02_00000100.wav,,,,,normal,none,high,,,,,,,,,,,,
SAMPLE-2012,test2026/test/normal_id_02_00000101.wav,,,,,normal,none,high,,,,,,,,,,,,
SAMPLE-2013,test2026/test/normal_id_02_00000102.wav,,,,,normal,none,high,,,,,,,,,,,,
SAMPLE-2014,test2026/test/normal_id_02_00000103.wav,,,,,normal,none,high,,,,,,,,,,,,
SAMPLE-2015,test2026/test/normal_id_02_00000104.wav,,,,,normal,none,high,,,,,,,,,,,,
SAMPLE-2016,test2026/test/normal_id_02_00000105.wav,,,,,normal,none,high,,,,,,,,,,,,
SAMPLE-2017,test2026/test/normal_id_02_00000106.wav,,,,,normal,none,high,,,,,,,,,,,,
SAMPLE-2018,test2026/test/normal_id_02_00000107.wav,,,,,normal,none,high,,,,,,,,,,,,
SAMPLE-2019,test2026/test/normal_id_02_00000108.wav,,,,,normal,none,high,,,,,,,,,,,,
SAMPLE-2020,test2026/test/normal_id_02_00000109.wav,,,,,normal,none,high,,,,,,,,,,,,
SAMPLE-2021,test2026/test/normal_id_02_00000110.wav,,,,,normal,none,high,,,,,,,,,,,,
SAMPLE-2022,test2026/test/normal_id_02_00000111.wav,,,,,normal,none,high,,,,,,,,,,,,
SAMPLE-2023,test2026/test/normal_id_02_00000112.wav,,,,,normal,none,high,,,,,,,,,,,,
SAMPLE-2024,test2026/test/normal_id_02_00000113.wav,,,,,normal,none,high,,,,,,,,,,,,
SAMPLE-2025,test2026/test/normal_id_02_00000114.wav,,,,,normal,none,high,,,,,,,,,,,,
SAMPLE-2026,test2026/test/normal_id_02_00000115.wav,,,,,normal,none,high,,,,,,,,,,,,
SAMPLE-2027,test2026/test/normal_id_02_00000116.wav,,,,,normal,none,high,,,,,,,,,,,,
SAMPLE-2028,test2026/test/normal_id_02_00000117.wav,,,,,normal,none,high,,,,,,,,,,,,
SAMPLE-2029,test2026/test/normal_id_02_00000118.wav,,,,,normal,none,high,,,,,,,,,,,,
SAMPLE-2030,test2026/test/normal_id_02_00000119.wav,,,,,normal,none,high,,,,,,,,,,,,
SAMPLE-2031,test2026/test/normal_id_02_00000120.wav,,,,,normal,none,high,,,,,,,,,,,,
SAMPLE-2032,test2026/test/normal_id_02_00000121.wav,,,,,normal,none,high,,,,,,,,,,,,
SAMPLE-2033,test2026/test/normal_id_02_00000122.wav,,,,,normal,none,high,,,,,,,,,,,,
SAMPLE-2034,test2026/test/normal_id_02_00000123.wav,,,,,normal,none,high,,,,,,,,,,,,
SAMPLE-2035,test2026/test/normal_id_02_00000124.wav,,,,,normal,none,high,,,,,,,,,,,,
SAMPLE-2036,test2026/test/normal_id_02_00000125.wav,,,,,normal,none,high,,,,,,,,,,,,
SAMPLE-2037,test2026/test/normal_id_02_00000126.wav,,,,,normal,none,high,,,,,,,,,,,,
SAMPLE-2038,test2026/test/normal_id_02_00000127.wav,,,,,normal,none,high,,,,,,,,,,,,
SAMPLE-2039,test2026/test/normal_id_02_00000128.wav,,,,,normal,none,high,,,,,,,,,,,,
SAMPLE-2040,test2026/test/normal_id_02_00000129.wav,,,,,normal,none,high,,,,,,,,,,,,
SAMPLE-2041,test2026/test/normal_id_02_00000130.wav,,,,,normal,none,high,,,,,,,,,,,,
SAMPLE-2042,test2026/test/normal_id_02_00000131.wav,,,,,normal,none,high,,,,,,,,,,,,
SAMPLE-2043,test2026/test/normal_id_02_00000132.wav,,,,,normal,none,high,,,,,,,,,,,,
SAMPLE-2044,test2026/test/normal_id_02_00000133.wav,,,,,normal,none,high,,,,,,,,,,,,
SAMPLE-2045,test2026/test/normal_id_02_00000134.wav,,,,,normal,none,high,,,,,,,,,,,,
SAMPLE-2046,test2026/test/normal_id_02_00000135.wav,,,,,normal,none,high,,,,,,,,,,,,
SAMPLE-2047,test2026/test/normal_id_02_00000136.wav,,,,,normal,none,high,,,,,,,,,,,,
SAMPLE-2048,test2026/test/normal_id_02_00000137.wav,,,,,normal,none,high,,,,,,,,,,,,
SAMPLE-2049,test2026/test/normal_id_02_00000138.wav,,,,,normal,none,high,,,,,,,,,,,,
SAMPLE-2050,test2026/test/normal_id_02_00000139.wav,,,,,normal,none,high,,,,,,,,,,,,
SAMPLE-2051,test2026/test/normal_id_02_00000140.wav,,,,,normal,none,high,,,,,,,,,,,,
SAMPLE-2052,test2026/test/normal_id_02_00000141.wav,,,,,normal,none,high,,,,,,,,,,,,
SAMPLE-2053,test2026/test/normal_id_02_00000142.wav,,,,,normal,none,high,,,,,,,,,,,,
SAMPLE-2054,test2026/test/normal_id_02_00000143.wav,,,,,normal,none,high,,,,,,,,,,,,
SAMPLE-2055,test2026/test/normal_id_02_00000144.wav,,,,,normal,none,high,,,,,,,,,,,,
SAMPLE-2056,test2026/test/normal_id_02_00000145.wav,,,,,normal,none,high,,,,,,,,,,,,
SAMPLE-2057,test2026/test/normal_id_02_00000146.wav,,,,,normal,none,high,,,,,,,,,,,,
SAMPLE-2058,test2026/test/normal_id_02_00000147.wav,,,,,normal,none,high,,,,,,,,,,,,
SAMPLE-2059,test2026/test/normal_id_02_00000148.wav,,,,,normal,none,high,,,,,,,,,,,,
SAMPLE-2060,test2026/test/normal_id_02_00000149.wav,,,,,normal,none,high,,,,,,,,,,,,
SAMPLE-2061,test2026/test/normal_id_02_00000150.wav,,,,,normal,none,high,,,,,,,,,,,,
SAMPLE-2062,test2026/test/normal_id_02_00000151.wav,,,,,normal,none,high,,,,,,,,,,,,
SAMPLE-2063,test2026/test/normal_id_02_00000152.wav,,,,,normal,none,high,,,,,,,,,,,,
SAMPLE-2064,test2026/test/normal_id_02_00000153.wav,,,,,normal,none,high,,,,,,,,,,,,
SAMPLE-2065,test2026/test/normal_id_02_00000154.wav,,,,,normal,none,high,,,,,,,,,,,,
SAMPLE-2066,test2026/test/normal_id_02_00000155.wav,,,,,normal,none,high,,,,,,,,,,,,
SAMPLE-2067,test2026/test/normal_id_02_00000156.wav,,,,,normal,none,high,,,,,,,,,,,,
SAMPLE-2068,test2026/test/normal_id_02_00000157.wav,,,,,normal,none,high,,,,,,,,,,,,
SAMPLE-2069,test2026/test/normal_id_02_00000158.wav,,,,,normal,none,high,,,,,,,,,,,,
SAMPLE-2070,test2026/test/normal_id_02_00000159.wav,,,,,normal,none,high,,,,,,,,,,,,
SAMPLE-2071,test2026/test/normal_id_02_00000160.wav,,,,,normal,none,high,,,,,,,,,,,,
SAMPLE-2072,test2026/test/normal_id_02_00000161.wav,,,,,normal,none,high,,,,,,,,,,,,
SAMPLE-2073,test2026/test/normal_id_02_00000162.wav,,,,,normal,none,high,,,,,,,,,,,,
SAMPLE-2074,test2026/test/normal_id_02_00000163.wav,,,,,normal,none,high,,,,,,,,,,,,
SAMPLE-2075,test2026/test/normal_id_02_00000164.wav,,,,,normal,none,high,,,,,,,,,,,,
SAMPLE-2076,test2026/test/normal_id_02_00000165.wav,,,,,normal,none,high,,,,,,,,,,,,
SAMPLE-2077,test2026/test/normal_id_02_00000166.wav,,,,,normal,none,high,,,,,,,,,,,,
SAMPLE-2078,test2026/test/normal_id_02_00000167.wav,,,,,normal,none,high,,,,,,,,,,,,
SAMPLE-2079,test2026/test/normal_id_02_00000168.wav,,,,,normal,none,high,,,,,,,,,,,,
SAMPLE-2080,test2026/test/normal_id_02_00000169.wav,,,,,normal,none,high,,,,,,,,,,,,
SAMPLE-2081,test2026/test/normal_id_02_00000170.wav,,,,,normal,none,high,,,,,,,,,,,,
SAMPLE-2082,test2026/test/normal_id_02_00000171.wav,,,,,normal,none,high,,,,,,,,,,,,
SAMPLE-2083,test2026/test/normal_id_02_00000172.wav,,,,,normal,none,high,,,,,,,,,,,,
SAMPLE-2084,test2026/test/normal_id_02_00000173.wav,,,,,normal,none,high,,,,,,,,,,,,
SAMPLE-2085,test2026/test/normal_id_02_00000174.wav,,,,,normal,none,high,,,,,,,,,,,,
SAMPLE-2086,test2026/test/normal_id_02_00000175.wav,,,,,normal,none,high,,,,,,,,,,,,
SAMPLE-2087,test2026/test/normal_id_02_00000176.wav,,,,,normal,none,high,,,,,,,,,,,,
SAMPLE-2088,test2026/test/normal_id_02_00000177.wav,,,,,normal,none,high,,,,,,,,,,,,
SAMPLE-2089,test2026/test/normal_id_02_00000178.wav,,,,,normal,none,high,,,,,,,,,,,,
SAMPLE-2090,test2026/test/normal_id_02_00000179.wav,,,,,normal,none,high,,,,,,,,,,,,
SAMPLE-2091,test2026/test/normal_id_02_00000180.wav,,,,,normal,none,high,,,,,,,,,,,,
SAMPLE-2092,test2026/test/normal_id_02_00000181.wav,,,,,normal,none,high,,,,,,,,,,,,
SAMPLE-2093,test2026/test/normal_id_02_00000182.wav,,,,,normal,none,high,,,,,,,,,,,,
SAMPLE-2094,test2026/test/normal_id_02_00000183.wav,,,,,normal,none,high,,,,,,,,,,,,
SAMPLE-2095,test2026/test/normal_id_02_00000184.wav,,,,,normal,none,high,,,,,,,,,,,,
SAMPLE-2096,test2026/test/normal_id_02_00000185.wav,,,,,normal,none,high,,,,,,,,,,,,
SAMPLE-2097,test2026/test/normal_id_02_00000186.wav,,,,,normal,none,high,,,,,,,,,,,,
SAMPLE-2098,test2026/test/normal_id_02_00000187.wav,,,,,normal,none,high,,,,,,,,,,,,
SAMPLE-2099,test2026/test/normal_id_02_00000188.wav,,,,,normal,none,high,,,,,,,,,,,,
SAMPLE-2100,test2026/test/normal_id_02_00000189.wav,,,,,normal,none,high,,,,,,,,,,,,
SAMPLE-2101,test2026/test/normal_id_02_00000190.wav,,,,,normal,none,high,,,,,,,,,,,,
SAMPLE-2102,test2026/test/normal_id_02_00000191.wav,,,,,normal,none,high,,,,,,,,,,,,
SAMPLE-2103,test2026/test/normal_id_02_00000192.wav,,,,,normal,none,high,,,,,,,,,,,,
SAMPLE-2104,test2026/test/normal_id_02_00000193.wav,,,,,normal,none,high,,,,,,,,,,,,
SAMPLE-2105,test2026/test/normal_id_02_00000194.wav,,,,,normal,none,high,,,,,,,,,,,,
SAMPLE-2106,test2026/test/normal_id_02_00000195.wav,,,,,normal,none,high,,,,,,,,,,,,
SAMPLE-2107,test2026/test/normal_id_02_00000196.wav,,,,,normal,none,high,,,,,,,,,,,,
SAMPLE-2108,test2026/test/normal_id_02_00000197.wav,,,,,normal,none,high,,,,,,,,,,,,
SAMPLE-2109,test2026/test/normal_id_02_00000198.wav,,,,,normal,none,high,,,,,,,,,,,,
SAMPLE-2110,test2026/test/normal_id_02_00000199.wav,,,,,normal,none,high,,,,,,,,,,,,
SAMPLE-2111,test2026/test/normal_id_02_00000200.wav,,,,,normal,none,high,,,,,,,,,,,,
SAMPLE-2112,test2026/test/normal_id_02_00000201.wav,,,,,normal,none,high,,,,,,,,,,,,
SAMPLE-2113,test2026/test/normal_id_02_00000202.wav,,,,,normal,none,high,,,,,,,,,,,,
SAMPLE-2114,test2026/test/normal_id_02_00000203.wav,,,,,normal,none,high,,,,,,,,,,,,
SAMPLE-2115,test2026/test/normal_id_02_00000204.wav,,,,,normal,none,high,,,,,,,,,,,,
SAMPLE-2116,test2026/test/normal_id_02_00000205.wav,,,,,normal,none,high,,,,,,,,,,,,
SAMPLE-2117,test2026/test/normal_id_02_00000206.wav,,,,,normal,none,high,,,,,,,,,,,,
SAMPLE-2118,test2026/test/normal_id_02_00000207.wav,,,,,normal,none,high,,,,,,,,,,,,
SAMPLE-2119,test2026/test/normal_id_02_00000208.wav,,,,,normal,none,high,,,,,,,,,,,,
SAMPLE-2120,test2026/test/normal_id_02_00000209.wav,,,,,normal,none,high,,,,,,,,,,,,
SAMPLE-2121,test2026/test/normal_id_02_00000210.wav,,,,,normal,none,high,,,,,,,,,,,,
SAMPLE-2122,test2026/test/normal_id_02_00000211.wav,,,,,normal,none,high,,,,,,,,,,,,
SAMPLE-2123,test2026/test/normal_id_02_00000212.wav,,,,,normal,none,high,,,,,,,,,,,,
SAMPLE-2124,test2026/test/normal_id_02_00000213.wav,,,,,normal,none,high,,,,,,,,,,,,
SAMPLE-2125,test2026/test/normal_id_02_00000214.wav,,,,,normal,none,high,,,,,,,,,,,,
SAMPLE-2126,test2026/test/normal_id_02_00000215.wav,,,,,normal,none,high,,,,,,,,,,,,
SAMPLE-2127,test2026/test/normal_id_02_00000216.wav,,,,,normal,none,high,,,,,,,,,,,,
SAMPLE-2128,test2026/test/normal_id_02_00000217.wav,,,,,normal,none,high,,,,,,,,,,,,
SAMPLE-2129,test2026/test/normal_id_02_00000218.wav,,,,,normal,none,high,,,,,,,,,,,,
SAMPLE-2130,test2026/test/normal_id_02_00000219.wav,,,,,normal,none,high,,,,,,,,,,,,
SAMPLE-2131,test2026/test/normal_id_02_00000220.wav,,,,,normal,none,high,,,,,,,,,,,,
SAMPLE-2132,test2026/test/normal_id_02_00000221.wav,,,,,normal,none,high,,,,,,,,,,,,
SAMPLE-2133,test2026/test/normal_id_02_00000222.wav,,,,,normal,none,high,,,,,,,,,,,,
SAMPLE-2134,test2026/test/normal_id_02_00000223.wav,,,,,normal,none,high,,,,,,,,,,,,
SAMPLE-2135,test2026/test/normal_id_02_00000224.wav,,,,,normal,none,high,,,,,,,,,,,,
SAMPLE-2136,test2026/test/normal_id_02_00000225.wav,,,,,normal,none,high,,,,,,,,,,,,
SAMPLE-2137,test2026/test/normal_id_02_00000226.wav,,,,,normal,none,high,,,,,,,,,,,,
SAMPLE-2138,test2026/test/normal_id_02_00000227.wav,,,,,normal,none,high,,,,,,,,,,,,
SAMPLE-2139,test2026/test/normal_id_02_00000228.wav,,,,,normal,none,high,,,,,,,,,,,,
SAMPLE-2140,test2026/test/normal_id_02_00000229.wav,,,,,normal,none,high,,,,,,,,,,,,
SAMPLE-2141,test2026/test/normal_id_02_00000230.wav,,,,,normal,none,high,,,,,,,,,,,,
SAMPLE-2142,test2026/test/normal_id_02_00000231.wav,,,,,normal,none,high,,,,,,,,,,,,
SAMPLE-2143,test2026/test/normal_id_02_00000232.wav,,,,,normal,none,high,,,,,,,,,,,,
SAMPLE-2144,test2026/test/normal_id_02_00000233.wav,,,,,normal,none,high,,,,,,,,,,,,
SAMPLE-2145,test2026/test/normal_id_02_00000234.wav,,,,,normal,none,high,,,,,,,,,,,,
SAMPLE-2146,test2026/test/normal_id_02_00000235.wav,,,,,normal,none,high,,,,,,,,,,,,
SAMPLE-2147,test2026/test/normal_id_02_00000236.wav,,,,,normal,none,high,,,,,,,,,,,,
SAMPLE-2148,test2026/test/normal_id_02_00000237.wav,,,,,normal,none,high,,,,,,,,,,,,
SAMPLE-2149,test2026/test/normal_id_02_00000238.wav,,,,,normal,none,high,,,,,,,,,,,,
SAMPLE-2150,test2026/test/normal_id_02_00000239.wav,,,,,normal,none,high,,,,,,,,,,,,
SAMPLE-2151,test2026/test/normal_id_02_00000240.wav,,,,,normal,none,high,,,,,,,,,,,,
SAMPLE-2152,test2026/test/normal_id_02_00000241.wav,,,,,normal,none,high,,,,,,,,,,,,
SAMPLE-2153,test2026/test/normal_id_02_00000242.wav,,,,,normal,none,high,,,,,,,,,,,,
SAMPLE-2154,test2026/test/normal_id_02_00000243.wav,,,,,normal,none,high,,,,,,,,,,,,
SAMPLE-2155,test2026/test/normal_id_02_00000244.wav,,,,,normal,none,high,,,,,,,,,,,,
SAMPLE-2156,test2026/test/normal_id_02_00000245.wav,,,,,normal,none,high,,,,,,,,,,,,
SAMPLE-2157,test2026/test/normal_id_02_00000246.wav,,,,,normal,none,high,,,,,,,,,,,,
SAMPLE-2158,test2026/test/normal_id_02_00000247.wav,,,,,normal,none,high,,,,,,,,,,,,
SAMPLE-2159,test2026/test/normal_id_02_00000248.wav,,,,,normal,none,high,,,,,,,,,,,,
SAMPLE-2160,test2026/test/normal_id_02_00000249.wav,,,,,normal,none,high,,,,,,,,,,,,
SAMPLE-2161,test2026/test/normal_id_02_00000250.wav,,,,,normal,none,high,,,,,,,,,,,,
SAMPLE-2162,test2026/test/normal_id_02_00000251.wav,,,,,normal,none,high,,,,,,,,,,,,
SAMPLE-2163,test2026/test/normal_id_02_00000252.wav,,,,,normal,none,high,,,,,,,,,,,,
SAMPLE-2164,test2026/test/normal_id_02_00000253.wav,,,,,normal,none,high,,,,,,,,,,,,
SAMPLE-2165,test2026/test/normal_id_02_00000254.wav,,,,,normal,none,high,,,,,,,,,,,,
SAMPLE-2166,test2026/test/normal_id_02_00000255.wav,,,,,normal,none,high,,,,,,,,,,,,
SAMPLE-2167,test2026/test/normal_id_02_00000256.wav,,,,,normal,none,high,,,,,,,,,,,,
SAMPLE-2168,test2026/test/normal_id_02_00000257.wav,,,,,normal,none,high,,,,,,,,,,,,
SAMPLE-2169,test2026/test/normal_id_02_00000258.wav,,,,,normal,none,high,,,,,,,,,,,,
SAMPLE-2170,test2026/test/normal_id_02_00000259.wav,,,,,normal,none,high,,,,,,,,,,,,
SAMPLE-2171,test2026/test/normal_id_02_00000260.wav,,,,,normal,none,high,,,,,,,,,,,,
SAMPLE-2172,test2026/test/normal_id_02_00000261.wav,,,,,normal,none,high,,,,,,,,,,,,
SAMPLE-2173,test2026/test/normal_id_02_00000262.wav,,,,,normal,none,high,,,,,,,,,,,,
SAMPLE-2174,test2026/test/normal_id_02_00000263.wav,,,,,normal,none,high,,,,,,,,,,,,
SAMPLE-2175,test2026/test/normal_id_02_00000264.wav,,,,,normal,none,high,,,,,,,,,,,,
SAMPLE-2176,test2026/test/normal_id_02_00000265.wav,,,,,normal,none,high,,,,,,,,,,,,
SAMPLE-2177,test2026/test/normal_id_02_00000266.wav,,,,,normal,none,high,,,,,,,,,,,,
SAMPLE-2178,test2026/test/normal_id_02_00000267.wav,,,,,normal,none,high,,,,,,,,,,,,
SAMPLE-2179,test2026/test/normal_id_02_00000268.wav,,,,,normal,none,high,,,,,,,,,,,,
SAMPLE-2180,test2026/test/normal_id_02_00000269.wav,,,,,normal,none,high,,,,,,,,,,,,
SAMPLE-2181,test2026/test/normal_id_02_00000270.wav,,,,,normal,none,high,,,,,,,,,,,,
SAMPLE-2182,test2026/test/normal_id_02_00000271.wav,,,,,normal,none,high,,,,,,,,,,,,
SAMPLE-2183,test2026/test/normal_id_02_00000272.wav,,,,,normal,none,high,,,,,,,,,,,,
SAMPLE-2184,test2026/test/normal_id_02_00000273.wav,,,,,normal,none,high,,,,,,,,,,,,
SAMPLE-2185,test2026/test/normal_id_02_00000274.wav,,,,,normal,none,high,,,,,,,,,,,,
SAMPLE-2186,test2026/test/normal_id_02_00000275.wav,,,,,normal,none,high,,,,,,,,,,,,
SAMPLE-2187,test2026/test/normal_id_02_00000276.wav,,,,,normal,none,high,,,,,,,,,,,,
SAMPLE-2188,test2026/test/normal_id_02_00000277.wav,,,,,normal,none,high,,,,,,,,,,,,
SAMPLE-2189,test2026/test/normal_id_02_00000278.wav,,,,,normal,none,high,,,,,,,,,,,,
SAMPLE-2190,test2026/test/normal_id_02_00000279.wav,,,,,normal,none,high,,,,,,,,,,,,
SAMPLE-2191,test2026/test/normal_id_02_00000280.wav,,,,,normal,none,high,,,,,,,,,,,,
SAMPLE-2192,test2026/test/normal_id_02_00000281.wav,,,,,normal,none,high,,,,,,,,,,,,
SAMPLE-2193,test2026/test/normal_id_02_00000282.wav,,,,,normal,none,high,,,,,,,,,,,,
SAMPLE-2194,test2026/test/normal_id_02_00000283.wav,,,,,normal,none,high,,,,,,,,,,,,
SAMPLE-2195,test2026/test/normal_id_02_00000284.wav,,,,,normal,none,high,,,,,,,,,,,,
SAMPLE-2196,test2026/test/normal_id_02_00000285.wav,,,,,normal,none,high,,,,,,,,,,,,
SAMPLE-2197,test2026/test/normal_id_02_00000286.wav,,,,,normal,none,high,,,,,,,,,,,,
SAMPLE-2198,test2026/test/normal_id_02_00000287.wav,,,,,normal,none,high,,,,,,,,,,,,
SAMPLE-2199,test2026/test/normal_id_02_00000288.wav,,,,,normal,none,high,,,,,,,,,,,,
SAMPLE-2200,test2026/test/normal_id_02_00000289.wav,,,,,normal,none,high,,,,,,,,,,,,
SAMPLE-2201,test2026/test/normal_id_02_00000290.wav,,,,,normal,none,high,,,,,,,,,,,,
SAMPLE-2202,test2026/test/normal_id_02_00000291.wav,,,,,normal,none,high,,,,,,,,,,,,
SAMPLE-2203,test2026/test/normal_id_02_00000292.wav,,,,,normal,none,high,,,,,,,,,,,,
SAMPLE-2204,test2026/test/normal_id_02_00000293.wav,,,,,normal,none,high,,,,,,,,,,,,
SAMPLE-2205,test2026/test/normal_id_02_00000294.wav,,,,,normal,none,high,,,,,,,,,,,,
SAMPLE-2206,test2026/test/normal_id_02_00000295.wav,,,,,normal,none,high,,,,,,,,,,,,
SAMPLE-2207,test2026/test/normal_id_02_00000296.wav,,,,,normal,none,high,,,,,,,,,,,,
SAMPLE-2208,test2026/test/normal_id_02_00000297.wav,,,,,normal,none,high,,,,,,,,,,,,
SAMPLE-2209,test2026/test/normal_id_02_00000298.wav,,,,,normal,none,high,,,,,,,,,,,,
SAMPLE-2210,test2026/test/normal_id_02_00000299.wav,,,,,normal,none,high,,,,,,,,,,,,
SAMPLE-2211,test2026/test/normal_id_02_00000300.wav,,,,,normal,none,high,,,,,,,,,,,,
SAMPLE-2212,test2026/test/normal_id_02_00000301.wav,,,,,normal,none,high,,,,,,,,,,,,
SAMPLE-2213,test2026/test/normal_id_02_00000302.wav,,,,,normal,none,high,,,,,,,,,,,,
SAMPLE-2214,test2026/test/normal_id_02_00000303.wav,,,,,normal,none,high,,,,,,,,,,,,
SAMPLE-2215,test2026/test/normal_id_02_00000304.wav,,,,,normal,none,high,,,,,,,,,,,,
SAMPLE-2216,test2026/test/normal_id_02_00000305.wav,,,,,normal,none,high,,,,,,,,,,,,
SAMPLE-2217,test2026/test/normal_id_02_00000306.wav,,,,,normal,none,high,,,,,,,,,,,,
SAMPLE-2218,test2026/test/normal_id_02_00000307.wav,,,,,normal,none,high,,,,,,,,,,,,
SAMPLE-2219,test2026/test/normal_id_02_00000308.wav,,,,,normal,none,high,,,,,,,,,,,,
SAMPLE-2220,test2026/test/normal_id_02_00000309.wav,,,,,normal,none,high,,,,,,,,,,,,
SAMPLE-2221,test2026/test/normal_id_02_00000310.wav,,,,,normal,none,high,,,,,,,,,,,,
SAMPLE-2222,test2026/test/normal_id_02_00000311.wav,,,,,normal,none,high,,,,,,,,,,,,
SAMPLE-2223,test2026/test/normal_id_02_00000312.wav,,,,,normal,none,high,,,,,,,,,,,,
SAMPLE-2224,test2026/test/normal_id_02_00000313.wav,,,,,normal,none,high,,,,,,,,,,,,
SAMPLE-2225,test2026/test/normal_id_02_00000314.wav,,,,,normal,none,high,,,,,,,,,,,,
SAMPLE-2226,test2026/test/normal_id_02_00000315.wav,,,,,normal,none,high,,,,,,,,,,,,
SAMPLE-2227,test2026/test/normal_id_02_00000316.wav,,,,,normal,none,high,,,,,,,,,,,,
SAMPLE-2228,test2026/test/normal_id_02_00000317.wav,,,,,normal,none,high,,,,,,,,,,,,
SAMPLE-2229,test2026/test/normal_id_02_00000318.wav,,,,,normal,none,high,,,,,,,,,,,,
SAMPLE-2230,test2026/test/normal_id_02_00000319.wav,,,,,normal,none,high,,,,,,,,,,,,
SAMPLE-2231,test2026/test/normal_id_02_00000320.wav,,,,,normal,none,high,,,,,,,,,,,,
SAMPLE-2232,test2026/test/normal_id_02_00000321.wav,,,,,normal,none,high,,,,,,,,,,,,
SAMPLE-2233,test2026/test/normal_id_02_00000322.wav,,,,,normal,none,high,,,,,,,,,,,,
SAMPLE-2234,test2026/test/normal_id_02_00000323.wav,,,,,normal,none,high,,,,,,,,,,,,
SAMPLE-2235,test2026/test/normal_id_02_00000324.wav,,,,,normal,none,high,,,,,,,,,,,,
SAMPLE-2236,test2026/test/normal_id_02_00000325.wav,,,,,normal,none,high,,,,,,,,,,,,
SAMPLE-2237,test2026/test/normal_id_02_00000326.wav,,,,,normal,none,high,,,,,,,,,,,,
SAMPLE-2238,test2026/test/normal_id_02_00000327.wav,,,,,normal,none,high,,,,,,,,,,,,
SAMPLE-2239,test2026/test/normal_id_02_00000328.wav,,,,,normal,none,high,,,,,,,,,,,,
SAMPLE-2240,test2026/test/normal_id_02_00000329.wav,,,,,normal,none,high,,,,,,,,,,,,
SAMPLE-2241,test2026/test/normal_id_02_00000330.wav,,,,,normal,none,high,,,,,,,,,,,,
SAMPLE-2242,test2026/test/normal_id_02_00000331.wav,,,,,normal,none,high,,,,,,,,,,,,
SAMPLE-2243,test2026/test/normal_id_02_00000332.wav,,,,,normal,none,high,,,,,,,,,,,,
SAMPLE-2244,test2026/test/normal_id_02_00000333.wav,,,,,normal,none,high,,,,,,,,,,,,
SAMPLE-2245,test2026/test/normal_id_02_00000334.wav,,,,,normal,none,high,,,,,,,,,,,,
SAMPLE-2246,test2026/test/normal_id_02_00000335.wav,,,,,normal,none,high,,,,,,,,,,,,
SAMPLE-2247,test2026/test/normal_id_02_00000336.wav,,,,,normal,none,high,,,,,,,,,,,,
SAMPLE-2248,test2026/test/normal_id_02_00000337.wav,,,,,normal,none,high,,,,,,,,,,,,
SAMPLE-2249,test2026/test/normal_id_02_00000338.wav,,,,,normal,none,high,,,,,,,,,,,,
SAMPLE-2250,test2026/test/normal_id_02_00000339.wav,,,,,normal,none,high,,,,,,,,,,,,
SAMPLE-2251,test2026/test/normal_id_02_00000340.wav,,,,,normal,none,high,,,,,,,,,,,,
SAMPLE-2252,test2026/test/normal_id_02_00000341.wav,,,,,normal,none,high,,,,,,,,,,,,
SAMPLE-2253,test2026/test/normal_id_02_00000342.wav,,,,,normal,none,high,,,,,,,,,,,,
SAMPLE-2254,test2026/test/normal_id_02_00000343.wav,,,,,normal,none,high,,,,,,,,,,,,
SAMPLE-2255,test2026/test/normal_id_02_00000344.wav,,,,,normal,none,high,,,,,,,,,,,,
SAMPLE-2256,test2026/test/normal_id_02_00000345.wav,,,,,normal,none,high,,,,,,,,,,,,
SAMPLE-2257,test2026/test/normal_id_02_00000346.wav,,,,,normal,none,high,,,,,,,,,,,,
SAMPLE-2258,test2026/test/normal_id_02_00000347.wav,,,,,normal,none,high,,,,,,,,,,,,
SAMPLE-2259,test2026/test/normal_id_02_00000348.wav,,,,,normal,none,high,,,,,,,,,,,,
SAMPLE-2260,test2026/test/normal_id_02_00000349.wav,,,,,normal,none,high,,,,,,,,,,,,
SAMPLE-2261,test2026/test/normal_id_02_00000350.wav,,,,,normal,none,high,,,,,,,,,,,,
SAMPLE-2262,test2026/test/normal_id_02_00000351.wav,,,,,normal,none,high,,,,,,,,,,,,
SAMPLE-2263,test2026/test/normal_id_02_00000352.wav,,,,,normal,none,high,,,,,,,,,,,,
SAMPLE-2264,test2026/test/normal_id_02_00000353.wav,,,,,normal,none,high,,,,,,,,,,,,
SAMPLE-2265,test2026/test/normal_id_02_00000354.wav,,,,,normal,none,high,,,,,,,,,,,,
SAMPLE-2266,test2026/test/normal_id_02_00000355.wav,,,,,normal,none,high,,,,,,,,,,,,
SAMPLE-2267,test2026/test/normal_id_02_00000356.wav,,,,,normal,none,high,,,,,,,,,,,,
SAMPLE-2268,test2026/test/normal_id_02_00000357.wav,,,,,normal,none,high,,,,,,,,,,,,
SAMPLE-2269,test2026/test/normal_id_02_00000358.wav,,,,,normal,none,high,,,,,,,,,,,,
SAMPLE-2270,test2026/test/normal_id_02_00000359.wav,,,,,normal,none,high,,,,,,,,,,,,
SAMPLE-2271,test2026/test/normal_id_02_00000360.wav,,,,,normal,none,high,,,,,,,,,,,,
SAMPLE-2272,test2026/test/normal_id_02_00000361.wav,,,,,normal,none,high,,,,,,,,,,,,
SAMPLE-2273,test2026/test/normal_id_02_00000362.wav,,,,,normal,none,high,,,,,,,,,,,,
SAMPLE-2274,test2026/test/normal_id_02_00000363.wav,,,,,normal,none,high,,,,,,,,,,,,
SAMPLE-2275,test2026/test/normal_id_02_00000364.wav,,,,,normal,none,high,,,,,,,,,,,,
SAMPLE-2276,test2026/test/normal_id_02_00000365.wav,,,,,normal,none,high,,,,,,,,,,,,
SAMPLE-2277,test2026/test/normal_id_02_00000366.wav,,,,,normal,none,high,,,,,,,,,,,,
SAMPLE-2278,test2026/test/normal_id_02_00000367.wav,,,,,normal,none,high,,,,,,,,,,,,
SAMPLE-2279,test2026/test/normal_id_02_00000368.wav,,,,,normal,none,high,,,,,,,,,,,,
SAMPLE-2280,test2026/test/normal_id_02_00000369.wav,,,,,normal,none,high,,,,,,,,,,,,
SAMPLE-2281,test2026/test/normal_id_02_00000370.wav,,,,,normal,none,high,,,,,,,,,,,,
SAMPLE-2282,test2026/test/normal_id_02_00000371.wav,,,,,normal,none,high,,,,,,,,,,,,
SAMPLE-2283,test2026/test/normal_id_02_00000372.wav,,,,,normal,none,high,,,,,,,,,,,,
SAMPLE-2284,test2026/test/normal_id_02_00000373.wav,,,,,normal,none,high,,,,,,,,,,,,
SAMPLE-2285,test2026/test/normal_id_02_00000374.wav,,,,,normal,none,high,,,,,,,,,,,,
SAMPLE-2286,test2026/test/normal_id_02_00000375.wav,,,,,normal,none,high,,,,,,,,,,,,
SAMPLE-2287,test2026/test/normal_id_02_00000376.wav,,,,,normal,none,high,,,,,,,,,,,,
SAMPLE-2288,test2026/test/normal_id_02_00000377.wav,,,,,normal,none,high,,,,,,,,,,,,
SAMPLE-2289,test2026/test/normal_id_02_00000378.wav,,,,,normal,none,high,,,,,,,,,,,,
SAMPLE-2290,test2026/test/normal_id_02_00000379.wav,,,,,normal,none,high,,,,,,,,,,,,
SAMPLE-2291,test2026/test/normal_id_02_00000380.wav,,,,,normal,none,high,,,,,,,,,,,,
SAMPLE-2292,test2026/test/normal_id_02_00000381.wav,,,,,normal,none,high,,,,,,,,,,,,
SAMPLE-2293,test2026/test/normal_id_02_00000382.wav,,,,,normal,none,high,,,,,,,,,,,,
SAMPLE-2294,test2026/test/normal_id_02_00000383.wav,,,,,normal,none,high,,,,,,,,,,,,
SAMPLE-2295,test2026/test/normal_id_02_00000384.wav,,,,,normal,none,high,,,,,,,,,,,,
SAMPLE-2296,test2026/test/normal_id_02_00000385.wav,,,,,normal,none,high,,,,,,,,,,,,
SAMPLE-2297,test2026/test/normal_id_02_00000386.wav,,,,,normal,none,high,,,,,,,,,,,,
SAMPLE-2298,test2026/test/normal_id_02_00000387.wav,,,,,normal,none,high,,,,,,,,,,,,
SAMPLE-2299,test2026/test/normal_id_02_00000388.wav,,,,,normal,none,high,,,,,,,,,,,,
SAMPLE-2300,test2026/test/normal_id_02_00000389.wav,,,,,normal,none,high,,,,,,,,,,,,
SAMPLE-2301,test2026/test/normal_id_02_00000390.wav,,,,,normal,none,high,,,,,,,,,,,,
SAMPLE-2302,test2026/test/normal_id_02_00000391.wav,,,,,normal,none,high,,,,,,,,,,,,
SAMPLE-2303,test2026/test/normal_id_02_00000392.wav,,,,,normal,none,high,,,,,,,,,,,,
SAMPLE-2304,test2026/test/normal_id_02_00000393.wav,,,,,normal,none,high,,,,,,,,,,,,
SAMPLE-2305,test2026/test/normal_id_02_00000394.wav,,,,,normal,none,high,,,,,,,,,,,,
SAMPLE-2306,test2026/test/normal_id_02_00000395.wav,,,,,normal,none,high,,,,,,,,,,,,
SAMPLE-2307,test2026/test/normal_id_02_00000396.wav,,,,,normal,none,high,,,,,,,,,,,,
SAMPLE-2308,test2026/test/normal_id_02_00000397.wav,,,,,normal,none,high,,,,,,,,,,,,
SAMPLE-2309,test2026/test/normal_id_02_00000398.wav,,,,,normal,none,high,,,,,,,,,,,,
SAMPLE-2310,test2026/test/normal_id_02_00000399.wav,,,,,normal,none,high,,,,,,,,,,,,
SAMPLE-2311,test2026/test/normal_id_02_00000400.wav,,,,,normal,none,high,,,,,,,,,,,,
SAMPLE-2312,test2026/test/normal_id_02_00000401.wav,,,,,normal,none,high,,,,,,,,,,,,
SAMPLE-2313,test2026/test/normal_id_02_00000402.wav,,,,,normal,none,high,,,,,,,,,,,,
SAMPLE-2314,test2026/test/normal_id_02_00000403.wav,,,,,normal,none,high,,,,,,,,,,,,
SAMPLE-2315,test2026/test/normal_id_02_00000404.wav,,,,,normal,none,high,,,,,,,,,,,,
SAMPLE-2316,test2026/test/normal_id_02_00000405.wav,,,,,normal,none,high,,,,,,,,,,,,
SAMPLE-2317,test2026/test/normal_id_02_00000406.wav,,,,,normal,none,high,,,,,,,,,,,,
SAMPLE-2318,test2026/test/normal_id_02_00000407.wav,,,,,normal,none,high,,,,,,,,,,,,
SAMPLE-2319,test2026/test/normal_id_02_00000408.wav,,,,,normal,none,high,,,,,,,,,,,,
SAMPLE-2320,test2026/test/normal_id_02_00000409.wav,,,,,normal,none,high,,,,,,,,,,,,
SAMPLE-2321,test2026/test/normal_id_02_00000410.wav,,,,,normal,none,high,,,,,,,,,,,,
SAMPLE-2322,test2026/test/normal_id_02_00000411.wav,,,,,normal,none,high,,,,,,,,,,,,
SAMPLE-2323,test2026/test/normal_id_02_00000412.wav,,,,,normal,none,high,,,,,,,,,,,,
SAMPLE-2324,test2026/test/normal_id_02_00000413.wav,,,,,normal,none,high,,,,,,,,,,,,
SAMPLE-2325,test2026/test/normal_id_02_00000414.wav,,,,,normal,none,high,,,,,,,,,,,,
SAMPLE-2326,test2026/test/normal_id_02_00000415.wav,,,,,normal,none,high,,,,,,,,,,,,
SAMPLE-2327,test2026/test/normal_id_02_00000416.wav,,,,,normal,none,high,,,,,,,,,,,,
SAMPLE-2328,test2026/test/normal_id_02_00000417.wav,,,,,normal,none,high,,,,,,,,,,,,
SAMPLE-2329,test2026/test/normal_id_02_00000418.wav,,,,,normal,none,high,,,,,,,,,,,,
SAMPLE-2330,test2026/test/normal_id_02_00000419.wav,,,,,normal,none,high,,,,,,,,,,,,
SAMPLE-2331,test2026/test/normal_id_02_00000420.wav,,,,,normal,none,high,,,,,,,,,,,,
SAMPLE-2332,test2026/test/normal_id_02_00000421.wav,,,,,normal,none,high,,,,,,,,,,,,
SAMPLE-2333,test2026/test/normal_id_02_00000422.wav,,,,,normal,none,high,,,,,,,,,,,,
SAMPLE-2334,test2026/test/normal_id_02_00000423.wav,,,,,normal,none,high,,,,,,,,,,,,
SAMPLE-2335,test2026/test/normal_id_02_00000424.wav,,,,,normal,none,high,,,,,,,,,,,,
SAMPLE-2336,test2026/test/normal_id_02_00000425.wav,,,,,normal,none,high,,,,,,,,,,,,
SAMPLE-2337,test2026/test/normal_id_02_00000426.wav,,,,,normal,none,high,,,,,,,,,,,,
SAMPLE-2338,test2026/test/normal_id_02_00000427.wav,,,,,normal,none,high,,,,,,,,,,,,
SAMPLE-2339,test2026/test/normal_id_02_00000428.wav,,,,,normal,none,high,,,,,,,,,,,,
SAMPLE-2340,test2026/test/normal_id_02_00000429.wav,,,,,normal,none,high,,,,,,,,,,,,
SAMPLE-2341,test2026/test/normal_id_02_00000430.wav,,,,,normal,none,high,,,,,,,,,,,,
SAMPLE-2342,test2026/test/normal_id_02_00000431.wav,,,,,normal,none,high,,,,,,,,,,,,
SAMPLE-2343,test2026/test/normal_id_02_00000432.wav,,,,,normal,none,high,,,,,,,,,,,,
SAMPLE-2344,test2026/test/normal_id_02_00000433.wav,,,,,normal,none,high,,,,,,,,,,,,
SAMPLE-2345,test2026/test/normal_id_02_00000434.wav,,,,,normal,none,high,,,,,,,,,,,,
SAMPLE-2346,test2026/test/normal_id_02_00000435.wav,,,,,normal,none,high,,,,,,,,,,,,
SAMPLE-2347,test2026/test/normal_id_02_00000436.wav,,,,,normal,none,high,,,,,,,,,,,,
SAMPLE-2348,test2026/test/normal_id_02_00000437.wav,,,,,normal,none,high,,,,,,,,,,,,
SAMPLE-2349,test2026/test/normal_id_02_00000438.wav,,,,,normal,none,high,,,,,,,,,,,,
SAMPLE-2350,test2026/test/normal_id_02_00000439.wav,,,,,normal,none,high,,,,,,,,,,,,
SAMPLE-2351,test2026/test/normal_id_02_00000440.wav,,,,,normal,none,high,,,,,,,,,,,,
SAMPLE-2352,test2026/test/normal_id_02_00000441.wav,,,,,normal,none,high,,,,,,,,,,,,
SAMPLE-2353,test2026/test/normal_id_02_00000442.wav,,,,,normal,none,high,,,,,,,,,,,,
SAMPLE-2354,test2026/test/normal_id_02_00000443.wav,,,,,normal,none,high,,,,,,,,,,,,
SAMPLE-2355,test2026/test/normal_id_02_00000444.wav,,,,,normal,none,high,,,,,,,,,,,,
SAMPLE-2356,test2026/test/normal_id_02_00000445.wav,,,,,normal,none,high,,,,,,,,,,,,
SAMPLE-2357,test2026/test/normal_id_02_00000446.wav,,,,,normal,none,high,,,,,,,,,,,,
SAMPLE-2358,test2026/test/normal_id_02_00000447.wav,,,,,normal,none,high,,,,,,,,,,,,
SAMPLE-2359,test2026/test/normal_id_02_00000448.wav,,,,,normal,none,high,,,,,,,,,,,,
SAMPLE-2360,test2026/test/normal_id_02_00000449.wav,,,,,normal,none,high,,,,,,,,,,,,
SAMPLE-2361,test2026/test/normal_id_02_00000450.wav,,,,,normal,none,high,,,,,,,,,,,,
SAMPLE-2362,test2026/test/normal_id_02_00000451.wav,,,,,normal,none,high,,,,,,,,,,,,
SAMPLE-2363,test2026/test/normal_id_02_00000452.wav,,,,,normal,none,high,,,,,,,,,,,,
SAMPLE-2364,test2026/test/normal_id_02_00000453.wav,,,,,normal,none,high,,,,,,,,,,,,
SAMPLE-2365,test2026/test/normal_id_02_00000454.wav,,,,,normal,none,high,,,,,,,,,,,,
SAMPLE-2366,test2026/test/normal_id_02_00000455.wav,,,,,normal,none,high,,,,,,,,,,,,
SAMPLE-2367,test2026/test/normal_id_02_00000456.wav,,,,,normal,none,high,,,,,,,,,,,,
SAMPLE-2368,test2026/test/normal_id_02_00000457.wav,,,,,normal,none,high,,,,,,,,,,,,
SAMPLE-2369,test2026/test/normal_id_02_00000458.wav,,,,,normal,none,high,,,,,,,,,,,,
SAMPLE-2370,test2026/test/normal_id_02_00000459.wav,,,,,normal,none,high,,,,,,,,,,,,
SAMPLE-2371,test2026/test/normal_id_02_00000460.wav,,,,,normal,none,high,,,,,,,,,,,,
SAMPLE-2372,test2026/test/normal_id_02_00000461.wav,,,,,normal,none,high,,,,,,,,,,,,
SAMPLE-2373,test2026/test/normal_id_02_00000462.wav,,,,,normal,none,high,,,,,,,,,,,,
SAMPLE-2374,test2026/test/normal_id_02_00000463.wav,,,,,normal,none,high,,,,,,,,,,,,
SAMPLE-2375,test2026/test/normal_id_02_00000464.wav,,,,,normal,none,high,,,,,,,,,,,,
SAMPLE-2376,test2026/test/normal_id_02_00000465.wav,,,,,normal,none,high,,,,,,,,,,,,
SAMPLE-2377,test2026/test/normal_id_02_00000466.wav,,,,,normal,none,high,,,,,,,,,,,,
SAMPLE-2378,test2026/test/normal_id_02_00000467.wav,,,,,normal,none,high,,,,,,,,,,,,
SAMPLE-2379,test2026/test/normal_id_02_00000468.wav,,,,,normal,none,high,,,,,,,,,,,,
SAMPLE-2380,test2026/test/normal_id_02_00000469.wav,,,,,normal,none,high,,,,,,,,,,,,
SAMPLE-2381,test2026/test/normal_id_02_00000470.wav,,,,,normal,none,high,,,,,,,,,,,,
SAMPLE-2382,test2026/test/normal_id_02_00000471.wav,,,,,normal,none,high,,,,,,,,,,,,
SAMPLE-2383,test2026/test/normal_id_02_00000472.wav,,,,,normal,none,high,,,,,,,,,,,,
SAMPLE-2384,test2026/test/normal_id_02_00000473.wav,,,,,normal,none,high,,,,,,,,,,,,
SAMPLE-2385,test2026/test/normal_id_02_00000474.wav,,,,,normal,none,high,,,,,,,,,,,,
SAMPLE-2386,test2026/test/normal_id_02_00000475.wav,,,,,normal,none,high,,,,,,,,,,,,
SAMPLE-2387,test2026/test/normal_id_02_00000476.wav,,,,,normal,none,high,,,,,,,,,,,,
SAMPLE-2388,test2026/test/normal_id_02_00000477.wav,,,,,normal,none,high,,,,,,,,,,,,
SAMPLE-2389,test2026/test/normal_id_02_00000478.wav,,,,,normal,none,high,,,,,,,,,,,,
SAMPLE-2390,test2026/test/normal_id_02_00000479.wav,,,,,normal,none,high,,,,,,,,,,,,
SAMPLE-2391,test2026/test/normal_id_02_00000480.wav,,,,,normal,none,high,,,,,,,,,,,,
SAMPLE-2392,test2026/test/normal_id_02_00000481.wav,,,,,normal,none,high,,,,,,,,,,,,
SAMPLE-2393,test2026/test/normal_id_02_00000482.wav,,,,,normal,none,high,,,,,,,,,,,,
SAMPLE-2394,test2026/test/normal_id_02_00000483.wav,,,,,normal,none,high,,,,,,,,,,,,
SAMPLE-2395,test2026/test/normal_id_02_00000484.wav,,,,,normal,none,high,,,,,,,,,,,,
SAMPLE-2396,test2026/test/normal_id_02_00000485.wav,,,,,normal,none,high,,,,,,,,,,,,
SAMPLE-2397,test2026/test/normal_id_02_00000486.wav,,,,,normal,none,high,,,,,,,,,,,,
SAMPLE-2398,test2026/test/normal_id_02_00000487.wav,,,,,normal,none,high,,,,,,,,,,,,
SAMPLE-2399,test2026/test/normal_id_02_00000488.wav,,,,,normal,none,high,,,,,,,,,,,,
SAMPLE-2400,test2026/test/normal_id_02_00000489.wav,,,,,normal,none,high,,,,,,,,,,,,
SAMPLE-2401,test2026/test/normal_id_02_00000490.wav,,,,,normal,none,high,,,,,,,,,,,,
SAMPLE-2402,test2026/test/normal_id_02_00000491.wav,,,,,normal,none,high,,,,,,,,,,,,
SAMPLE-2403,test2026/test/normal_id_02_00000492.wav,,,,,normal,none,high,,,,,,,,,,,,
SAMPLE-2404,test2026/test/normal_id_02_00000493.wav,,,,,normal,none,high,,,,,,,,,,,,
SAMPLE-2405,test2026/test/normal_id_02_00000494.wav,,,,,normal,none,high,,,,,,,,,,,,
SAMPLE-2406,test2026/test/normal_id_02_00000495.wav,,,,,normal,none,high,,,,,,,,,,,,
SAMPLE-2407,test2026/test/normal_id_02_00000496.wav,,,,,normal,none,high,,,,,,,,,,,,
SAMPLE-2408,test2026/test/normal_id_02_00000497.wav,,,,,normal,none,high,,,,,,,,,,,,
SAMPLE-2409,test2026/test/normal_id_02_00000498.wav,,,,,normal,none,high,,,,,,,,,,,,
SAMPLE-2410,test2026/test/normal_id_02_00000499.wav,,,,,normal,none,high,,,,,,,,,,,,
SAMPLE-2411,test2026/test/normal_id_02_00000500.wav,,,,,normal,none,high,,,,,,,,,,,,
SAMPLE-2412,test2026/test/normal_id_02_00000501.wav,,,,,normal,none,high,,,,,,,,,,,,
SAMPLE-2413,test2026/test/normal_id_02_00000502.wav,,,,,normal,none,high,,,,,,,,,,,,
SAMPLE-2414,test2026/test/normal_id_02_00000503.wav,,,,,normal,none,high,,,,,,,,,,,,
SAMPLE-2415,test2026/test/normal_id_02_00000504.wav,,,,,normal,none,high,,,,,,,,,,,,
SAMPLE-2416,test2026/test/normal_id_02_00000505.wav,,,,,normal,none,high,,,,,,,,,,,,
SAMPLE-2417,test2026/test/normal_id_02_00000506.wav,,,,,normal,none,high,,,,,,,,,,,,
SAMPLE-2418,test2026/test/normal_id_02_00000507.wav,,,,,normal,none,high,,,,,,,,,,,,
SAMPLE-2419,test2026/test/normal_id_02_00000508.wav,,,,,normal,none,high,,,,,,,,,,,,
SAMPLE-2420,test2026/test/normal_id_02_00000509.wav,,,,,normal,none,high,,,,,,,,,,,,
SAMPLE-2421,test2026/test/normal_id_02_00000510.wav,,,,,normal,none,high,,,,,,,,,,,,
SAMPLE-2422,test2026/test/normal_id_02_00000511.wav,,,,,normal,none,high,,,,,,,,,,,,
SAMPLE-2423,test2026/test/normal_id_02_00000512.wav,,,,,normal,none,high,,,,,,,,,,,,
SAMPLE-2424,test2026/test/normal_id_02_00000513.wav,,,,,normal,none,high,,,,,,,,,,,,
SAMPLE-2425,test2026/test/normal_id_02_00000514.wav,,,,,normal,none,high,,,,,,,,,,,,
SAMPLE-2426,test2026/test/normal_id_02_00000515.wav,,,,,normal,none,high,,,,,,,,,,,,
SAMPLE-2427,test2026/test/normal_id_02_00000516.wav,,,,,normal,none,high,,,,,,,,,,,,
SAMPLE-2428,test2026/test/normal_id_02_00000517.wav,,,,,normal,none,high,,,,,,,,,,,,
SAMPLE-2429,test2026/test/normal_id_02_00000518.wav,,,,,normal,none,high,,,,,,,,,,,,
SAMPLE-2430,test2026/test/normal_id_02_00000519.wav,,,,,normal,none,high,,,,,,,,,,,,
SAMPLE-2431,test2026/test/normal_id_02_00000520.wav,,,,,normal,none,high,,,,,,,,,,,,
SAMPLE-2432,test2026/test/normal_id_02_00000521.wav,,,,,normal,none,high,,,,,,,,,,,,
SAMPLE-2433,test2026/test/normal_id_02_00000522.wav,,,,,normal,none,high,,,,,,,,,,,,
SAMPLE-2434,test2026/test/normal_id_02_00000523.wav,,,,,normal,none,high,,,,,,,,,,,,
SAMPLE-2435,test2026/test/normal_id_02_00000524.wav,,,,,normal,none,high,,,,,,,,,,,,
SAMPLE-2436,test2026/test/normal_id_02_00000525.wav,,,,,normal,none,high,,,,,,,,,,,,
SAMPLE-2437,test2026/test/normal_id_02_00000526.wav,,,,,normal,none,high,,,,,,,,,,,,
SAMPLE-2438,test2026/test/normal_id_02_00000527.wav,,,,,normal,none,high,,,,,,,,,,,,
SAMPLE-2439,test2026/test/normal_id_02_00000528.wav,,,,,normal,none,high,,,,,,,,,,,,
SAMPLE-2440,test2026/test/normal_id_02_00000529.wav,,,,,normal,none,high,,,,,,,,,,,,
SAMPLE-2441,test2026/test/normal_id_02_00000530.wav,,,,,normal,none,high,,,,,,,,,,,,
SAMPLE-2442,test2026/test/normal_id_02_00000531.wav,,,,,normal,none,high,,,,,,,,,,,,
SAMPLE-2443,test2026/test/normal_id_02_00000532.wav,,,,,normal,none,high,,,,,,,,,,,,
SAMPLE-2444,test2026/test/normal_id_02_00000533.wav,,,,,normal,none,high,,,,,,,,,,,,
SAMPLE-2445,test2026/test/normal_id_02_00000534.wav,,,,,normal,none,high,,,,,,,,,,,,
SAMPLE-2446,test2026/test/normal_id_02_00000535.wav,,,,,normal,none,high,,,,,,,,,,,,
SAMPLE-2447,test2026/test/normal_id_02_00000536.wav,,,,,normal,none,high,,,,,,,,,,,,
SAMPLE-2448,test2026/test/normal_id_02_00000537.wav,,,,,normal,none,high,,,,,,,,,,,,
SAMPLE-2449,test2026/test/normal_id_02_00000538.wav,,,,,normal,none,high,,,,,,,,,,,,
SAMPLE-2450,test2026/test/normal_id_02_00000539.wav,,,,,normal,none,high,,,,,,,,,,,,
SAMPLE-2451,test2026/test/normal_id_02_00000540.wav,,,,,normal,none,high,,,,,,,,,,,,
SAMPLE-2452,test2026/test/normal_id_02_00000541.wav,,,,,normal,none,high,,,,,,,,,,,,
SAMPLE-2453,test2026/test/normal_id_02_00000542.wav,,,,,normal,none,high,,,,,,,,,,,,
SAMPLE-2454,test2026/test/normal_id_02_00000543.wav,,,,,normal,none,high,,,,,,,,,,,,
SAMPLE-2455,test2026/test/normal_id_02_00000544.wav,,,,,normal,none,high,,,,,,,,,,,,
SAMPLE-2456,test2026/test/normal_id_02_00000545.wav,,,,,normal,none,high,,,,,,,,,,,,
SAMPLE-2457,test2026/test/normal_id_02_00000546.wav,,,,,normal,none,high,,,,,,,,,,,,
SAMPLE-2458,test2026/test/normal_id_02_00000547.wav,,,,,normal,none,high,,,,,,,,,,,,
SAMPLE-2459,test2026/test/normal_id_02_00000548.wav,,,,,normal,none,high,,,,,,,,,,,,
SAMPLE-2460,test2026/test/normal_id_02_00000549.wav,,,,,normal,none,high,,,,,,,,,,,,
SAMPLE-2461,test2026/test/normal_id_02_00000550.wav,,,,,normal,none,high,,,,,,,,,,,,
SAMPLE-2462,test2026/test/normal_id_02_00000551.wav,,,,,normal,none,high,,,,,,,,,,,,
SAMPLE-2463,test2026/test/normal_id_02_00000552.wav,,,,,normal,none,high,,,,,,,,,,,,
SAMPLE-2464,test2026/test/normal_id_02_00000553.wav,,,,,normal,none,high,,,,,,,,,,,,
SAMPLE-2465,test2026/test/normal_id_02_00000554.wav,,,,,normal,none,high,,,,,,,,,,,,
SAMPLE-2466,test2026/test/normal_id_02_00000555.wav,,,,,normal,none,high,,,,,,,,,,,,
SAMPLE-2467,test2026/test/normal_id_02_00000556.wav,,,,,normal,none,high,,,,,,,,,,,,
SAMPLE-2468,test2026/test/normal_id_02_00000557.wav,,,,,normal,none,high,,,,,,,,,,,,
SAMPLE-2469,test2026/test/normal_id_02_00000558.wav,,,,,normal,none,high,,,,,,,,,,,,
SAMPLE-2470,test2026/test/normal_id_02_00000559.wav,,,,,normal,none,high,,,,,,,,,,,,
SAMPLE-2471,test2026/test/normal_id_02_00000560.wav,,,,,normal,none,high,,,,,,,,,,,,
SAMPLE-2472,test2026/test/normal_id_02_00000561.wav,,,,,normal,none,high,,,,,,,,,,,,
SAMPLE-2473,test2026/test/normal_id_02_00000562.wav,,,,,normal,none,high,,,,,,,,,,,,
SAMPLE-2474,test2026/test/normal_id_02_00000563.wav,,,,,normal,none,high,,,,,,,,,,,,
SAMPLE-2475,test2026/test/normal_id_02_00000564.wav,,,,,normal,none,high,,,,,,,,,,,,
SAMPLE-2476,test2026/test/normal_id_02_00000565.wav,,,,,normal,none,high,,,,,,,,,,,,
SAMPLE-2477,test2026/test/normal_id_02_00000566.wav,,,,,normal,none,high,,,,,,,,,,,,
SAMPLE-2478,test2026/test/normal_id_02_00000567.wav,,,,,normal,none,high,,,,,,,,,,,,
SAMPLE-2479,test2026/test/normal_id_02_00000568.wav,,,,,normal,none,high,,,,,,,,,,,,
SAMPLE-2480,test2026/test/normal_id_02_00000569.wav,,,,,normal,none,high,,,,,,,,,,,,
SAMPLE-2481,test2026/test/normal_id_02_00000570.wav,,,,,normal,none,high,,,,,,,,,,,,
SAMPLE-2482,test2026/test/normal_id_02_00000571.wav,,,,,normal,none,high,,,,,,,,,,,,
SAMPLE-2483,test2026/test/normal_id_02_00000572.wav,,,,,normal,none,high,,,,,,,,,,,,
SAMPLE-2484,test2026/test/normal_id_02_00000573.wav,,,,,normal,none,high,,,,,,,,,,,,
SAMPLE-2485,test2026/test/normal_id_02_00000574.wav,,,,,normal,none,high,,,,,,,,,,,,
SAMPLE-2486,test2026/test/normal_id_02_00000575.wav,,,,,normal,none,high,,,,,,,,,,,,
SAMPLE-2487,test2026/test/normal_id_02_00000576.wav,,,,,normal,none,high,,,,,,,,,,,,
SAMPLE-2488,test2026/test/normal_id_02_00000577.wav,,,,,normal,none,high,,,,,,,,,,,,
SAMPLE-2489,test2026/test/normal_id_02_00000578.wav,,,,,normal,none,high,,,,,,,,,,,,
SAMPLE-2490,test2026/test/normal_id_02_00000579.wav,,,,,normal,none,high,,,,,,,,,,,,
SAMPLE-2491,test2026/test/normal_id_02_00000580.wav,,,,,normal,none,high,,,,,,,,,,,,
SAMPLE-2492,test2026/test/normal_id_02_00000581.wav,,,,,normal,none,high,,,,,,,,,,,,
SAMPLE-2493,test2026/test/normal_id_02_00000582.wav,,,,,normal,none,high,,,,,,,,,,,,
SAMPLE-2494,test2026/test/normal_id_02_00000583.wav,,,,,normal,none,high,,,,,,,,,,,,
SAMPLE-2495,test2026/test/normal_id_02_00000584.wav,,,,,normal,none,high,,,,,,,,,,,,
SAMPLE-2496,test2026/test/normal_id_02_00000585.wav,,,,,normal,none,high,,,,,,,,,,,,
SAMPLE-2497,test2026/test/normal_id_02_00000586.wav,,,,,normal,none,high,,,,,,,,,,,,
SAMPLE-2498,test2026/test/normal_id_02_00000587.wav,,,,,normal,none,high,,,,,,,,,,,,
SAMPLE-2499,test2026/test/normal_id_02_00000588.wav,,,,,normal,none,high,,,,,,,,,,,,
SAMPLE-2500,test2026/test/normal_id_02_00000589.wav,,,,,normal,none,high,,,,,,,,,,,,
SAMPLE-2501,test2026/test/normal_id_02_00000590.wav,,,,,normal,none,high,,,,,,,,,,,,
SAMPLE-2502,test2026/test/normal_id_02_00000591.wav,,,,,normal,none,high,,,,,,,,,,,,
SAMPLE-2503,test2026/test/normal_id_02_00000592.wav,,,,,normal,none,high,,,,,,,,,,,,
SAMPLE-2504,test2026/test/normal_id_02_00000593.wav,,,,,normal,none,high,,,,,,,,,,,,
SAMPLE-2505,test2026/test/normal_id_02_00000594.wav,,,,,normal,none,high,,,,,,,,,,,,
SAMPLE-2506,test2026/test/normal_id_02_00000595.wav,,,,,normal,none,high,,,,,,,,,,,,
SAMPLE-2507,test2026/test/normal_id_02_00000596.wav,,,,,normal,none,high,,,,,,,,,,,,
SAMPLE-2508,test2026/test/normal_id_02_00000597.wav,,,,,normal,none,high,,,,,,,,,,,,
SAMPLE-2509,test2026/test/normal_id_02_00000598.wav,,,,,normal,none,high,,,,,,,,,,,,
SAMPLE-2510,test2026/test/normal_id_02_00000599.wav,,,,,normal,none,high,,,,,,,,,,,,
SAMPLE-2511,test2026/test/normal_id_02_00000600.wav,,,,,normal,none,high,,,,,,,,,,,,
SAMPLE-2512,test2026/test/normal_id_02_00000601.wav,,,,,normal,none,high,,,,,,,,,,,,
SAMPLE-2513,test2026/test/normal_id_02_00000602.wav,,,,,normal,none,high,,,,,,,,,,,,
SAMPLE-2514,test2026/test/normal_id_02_00000603.wav,,,,,normal,none,high,,,,,,,,,,,,
SAMPLE-2515,test2026/test/normal_id_02_00000604.wav,,,,,normal,none,high,,,,,,,,,,,,
SAMPLE-2516,test2026/test/normal_id_02_00000605.wav,,,,,normal,none,high,,,,,,,,,,,,
SAMPLE-2517,test2026/test/normal_id_02_00000606.wav,,,,,normal,none,high,,,,,,,,,,,,
SAMPLE-2518,test2026/test/normal_id_02_00000607.wav,,,,,normal,none,high,,,,,,,,,,,,
SAMPLE-2519,test2026/test/normal_id_02_00000608.wav,,,,,normal,none,high,,,,,,,,,,,,
SAMPLE-2520,test2026/test/normal_id_02_00000609.wav,,,,,normal,none,high,,,,,,,,,,,,
SAMPLE-2521,test2026/test/normal_id_02_00000610.wav,,,,,normal,none,high,,,,,,,,,,,,
SAMPLE-2522,test2026/test/normal_id_02_00000611.wav,,,,,normal,none,high,,,,,,,,,,,,
SAMPLE-2523,test2026/test/normal_id_02_00000612.wav,,,,,normal,none,high,,,,,,,,,,,,
SAMPLE-2524,test2026/test/normal_id_02_00000613.wav,,,,,normal,none,high,,,,,,,,,,,,
SAMPLE-2525,test2026/test/normal_id_02_00000614.wav,,,,,normal,none,high,,,,,,,,,,,,
SAMPLE-2526,test2026/test/normal_id_02_00000615.wav,,,,,normal,none,high,,,,,,,,,,,,
SAMPLE-2527,test2026/test/normal_id_02_00000616.wav,,,,,normal,none,high,,,,,,,,,,,,
SAMPLE-2528,test2026/test/normal_id_02_00000617.wav,,,,,normal,none,high,,,,,,,,,,,,
SAMPLE-2529,test2026/test/normal_id_02_00000618.wav,,,,,normal,none,high,,,,,,,,,,,,
SAMPLE-2530,test2026/test/normal_id_02_00000619.wav,,,,,normal,none,high,,,,,,,,,,,,
SAMPLE-2531,test2026/test/normal_id_02_00000620.wav,,,,,normal,none,high,,,,,,,,,,,,
SAMPLE-2532,test2026/test/normal_id_02_00000621.wav,,,,,normal,none,high,,,,,,,,,,,,
SAMPLE-2533,test2026/test/normal_id_02_00000622.wav,,,,,normal,none,high,,,,,,,,,,,,
SAMPLE-2534,test2026/test/normal_id_02_00000623.wav,,,,,normal,none,high,,,,,,,,,,,,
SAMPLE-2535,test2026/test/normal_id_02_00000624.wav,,,,,normal,none,high,,,,,,,,,,,,
SAMPLE-2536,test2026/test/normal_id_02_00000625.wav,,,,,normal,none,high,,,,,,,,,,,,
SAMPLE-2537,test2026/test/normal_id_02_00000626.wav,,,,,normal,none,high,,,,,,,,,,,,
SAMPLE-2538,test2026/test/normal_id_02_00000627.wav,,,,,normal,none,high,,,,,,,,,,,,
SAMPLE-2539,test2026/test/normal_id_02_00000628.wav,,,,,normal,none,high,,,,,,,,,,,,
SAMPLE-2540,test2026/test/normal_id_02_00000629.wav,,,,,normal,none,high,,,,,,,,,,,,
SAMPLE-2541,test2026/test/normal_id_02_00000630.wav,,,,,normal,none,high,,,,,,,,,,,,
SAMPLE-2542,test2026/test/normal_id_02_00000631.wav,,,,,normal,none,high,,,,,,,,,,,,
SAMPLE-2543,test2026/test/normal_id_02_00000632.wav,,,,,normal,none,high,,,,,,,,,,,,
SAMPLE-2544,test2026/test/normal_id_02_00000633.wav,,,,,normal,none,high,,,,,,,,,,,,
SAMPLE-2545,test2026/test/normal_id_02_00000634.wav,,,,,normal,none,high,,,,,,,,,,,,
SAMPLE-2546,test2026/test/normal_id_02_00000635.wav,,,,,normal,none,high,,,,,,,,,,,,
SAMPLE-2547,test2026/test/normal_id_02_00000636.wav,,,,,normal,none,high,,,,,,,,,,,,
SAMPLE-2548,test2026/test/normal_id_02_00000637.wav,,,,,normal,none,high,,,,,,,,,,,,
SAMPLE-2549,test2026/test/normal_id_02_00000638.wav,,,,,normal,none,high,,,,,,,,,,,,
SAMPLE-2550,test2026/test/normal_id_02_00000639.wav,,,,,normal,none,high,,,,,,,,,,,,
SAMPLE-2551,test2026/test/normal_id_02_00000640.wav,,,,,normal,none,high,,,,,,,,,,,,
SAMPLE-2552,test2026/test/normal_id_02_00000641.wav,,,,,normal,none,high,,,,,,,,,,,,
SAMPLE-2553,test2026/test/normal_id_02_00000642.wav,,,,,normal,none,high,,,,,,,,,,,,
SAMPLE-2554,test2026/test/normal_id_02_00000643.wav,,,,,normal,none,high,,,,,,,,,,,,
SAMPLE-2555,test2026/test/normal_id_02_00000644.wav,,,,,normal,none,high,,,,,,,,,,,,
SAMPLE-2556,test2026/test/normal_id_02_00000645.wav,,,,,normal,none,high,,,,,,,,,,,,
SAMPLE-2557,test2026/test/normal_id_02_00000646.wav,,,,,normal,none,high,,,,,,,,,,,,
SAMPLE-2558,test2026/test/normal_id_02_00000647.wav,,,,,normal,none,high,,,,,,,,,,,,
SAMPLE-2559,test2026/test/normal_id_02_00000648.wav,,,,,normal,none,high,,,,,,,,,,,,
SAMPLE-2560,test2026/test/normal_id_02_00000649.wav,,,,,normal,none,high,,,,,,,,,,,,
SAMPLE-2561,test2026/test/normal_id_02_00000650.wav,,,,,normal,none,high,,,,,,,,,,,,
SAMPLE-2562,test2026/test/normal_id_02_00000651.wav,,,,,normal,none,high,,,,,,,,,,,,
SAMPLE-2563,test2026/test/normal_id_02_00000652.wav,,,,,normal,none,high,,,,,,,,,,,,
SAMPLE-2564,test2026/test/normal_id_02_00000653.wav,,,,,normal,none,high,,,,,,,,,,,,
SAMPLE-2565,test2026/test/normal_id_02_00000654.wav,,,,,normal,none,high,,,,,,,,,,,,
SAMPLE-2566,test2026/test/normal_id_02_00000655.wav,,,,,normal,none,high,,,,,,,,,,,,
SAMPLE-2567,test2026/test/normal_id_02_00000656.wav,,,,,normal,none,high,,,,,,,,,,,,
SAMPLE-2568,test2026/test/normal_id_02_00000657.wav,,,,,normal,none,high,,,,,,,,,,,,
SAMPLE-2569,test2026/test/normal_id_02_00000658.wav,,,,,normal,none,high,,,,,,,,,,,,
SAMPLE-2570,test2026/test/normal_id_02_00000659.wav,,,,,normal,none,high,,,,,,,,,,,,
SAMPLE-2571,test2026/test/normal_id_02_00000660.wav,,,,,normal,none,high,,,,,,,,,,,,
SAMPLE-2572,test2026/test/normal_id_02_00000661.wav,,,,,normal,none,high,,,,,,,,,,,,
SAMPLE-2573,test2026/test/normal_id_02_00000662.wav,,,,,normal,none,high,,,,,,,,,,,,
SAMPLE-2574,test2026/test/normal_id_02_00000663.wav,,,,,normal,none,high,,,,,,,,,,,,
SAMPLE-2575,test2026/test/normal_id_02_00000664.wav,,,,,normal,none,high,,,,,,,,,,,,
SAMPLE-2576,test2026/test/normal_id_02_00000665.wav,,,,,normal,none,high,,,,,,,,,,,,
SAMPLE-2577,test2026/test/normal_id_02_00000666.wav,,,,,normal,none,high,,,,,,,,,,,,
SAMPLE-2578,test2026/test/normal_id_02_00000667.wav,,,,,normal,none,high,,,,,,,,,,,,
SAMPLE-2579,test2026/test/normal_id_02_00000668.wav,,,,,normal,none,high,,,,,,,,,,,,
SAMPLE-2580,test2026/test/normal_id_02_00000669.wav,,,,,normal,none,high,,,,,,,,,,,,
SAMPLE-2581,test2026/test/normal_id_02_00000670.wav,,,,,normal,none,high,,,,,,,,,,,,
SAMPLE-2582,test2026/test/normal_id_02_00000671.wav,,,,,normal,none,high,,,,,,,,,,,,
SAMPLE-2583,test2026/test/normal_id_02_00000672.wav,,,,,normal,none,high,,,,,,,,,,,,
SAMPLE-2584,test2026/test/normal_id_02_00000673.wav,,,,,normal,none,high,,,,,,,,,,,,
SAMPLE-2585,test2026/test/normal_id_02_00000674.wav,,,,,normal,none,high,,,,,,,,,,,,
SAMPLE-2586,test2026/test/normal_id_02_00000675.wav,,,,,normal,none,high,,,,,,,,,,,,
SAMPLE-2587,test2026/test/normal_id_02_00000676.wav,,,,,normal,none,high,,,,,,,,,,,,
SAMPLE-2588,test2026/test/normal_id_02_00000677.wav,,,,,normal,none,high,,,,,,,,,,,,
SAMPLE-2589,test2026/test/normal_id_02_00000678.wav,,,,,normal,none,high,,,,,,,,,,,,
SAMPLE-2590,test2026/test/normal_id_02_00000679.wav,,,,,normal,none,high,,,,,,,,,,,,
SAMPLE-2591,test2026/test/normal_id_02_00000680.wav,,,,,normal,none,high,,,,,,,,,,,,
SAMPLE-2592,test2026/test/normal_id_02_00000681.wav,,,,,normal,none,high,,,,,,,,,,,,
SAMPLE-2593,test2026/test/normal_id_02_00000682.wav,,,,,normal,none,high,,,,,,,,,,,,
SAMPLE-2594,test2026/test/normal_id_02_00000683.wav,,,,,normal,none,high,,,,,,,,,,,,
SAMPLE-2595,test2026/test/normal_id_02_00000684.wav,,,,,normal,none,high,,,,,,,,,,,,
SAMPLE-2596,test2026/test/normal_id_02_00000685.wav,,,,,normal,none,high,,,,,,,,,,,,
SAMPLE-2597,test2026/test/normal_id_02_00000686.wav,,,,,normal,none,high,,,,,,,,,,,,
SAMPLE-2598,test2026/test/normal_id_02_00000687.wav,,,,,normal,none,high,,,,,,,,,,,,
SAMPLE-2599,test2026/test/normal_id_02_00000688.wav,,,,,normal,none,high,,,,,,,,,,,,
SAMPLE-2600,test2026/test/normal_id_02_00000689.wav,,,,,normal,none,high,,,,,,,,,,,,
SAMPLE-2601,test2026/test/normal_id_02_00000690.wav,,,,,normal,none,high,,,,,,,,,,,,
SAMPLE-2602,test2026/test/normal_id_02_00000691.wav,,,,,normal,none,high,,,,,,,,,,,,
SAMPLE-2603,test2026/test/normal_id_02_00000692.wav,,,,,normal,none,high,,,,,,,,,,,,
SAMPLE-2604,test2026/test/normal_id_02_00000693.wav,,,,,normal,none,high,,,,,,,,,,,,
SAMPLE-2605,test2026/test/normal_id_02_00000694.wav,,,,,normal,none,high,,,,,,,,,,,,
SAMPLE-2606,test2026/test/normal_id_02_00000695.wav,,,,,normal,none,high,,,,,,,,,,,,
SAMPLE-2607,test2026/test/normal_id_02_00000696.wav,,,,,normal,none,high,,,,,,,,,,,,
SAMPLE-2608,test2026/test/normal_id_02_00000697.wav,,,,,normal,none,high,,,,,,,,,,,,
SAMPLE-2609,test2026/test/normal_id_02_00000698.wav,,,,,normal,none,high,,,,,,,,,,,,
SAMPLE-2610,test2026/test/normal_id_02_00000699.wav,,,,,normal,none,high,,,,,,,,,,,,
SAMPLE-2611,test2026/test/normal_id_02_00000700.wav,,,,,normal,none,high,,,,,,,,,,,,
SAMPLE-2612,test2026/test/normal_id_02_00000701.wav,,,,,normal,none,high,,,,,,,,,,,,
SAMPLE-2613,test2026/test/normal_id_02_00000702.wav,,,,,normal,none,high,,,,,,,,,,,,
SAMPLE-2614,test2026/test/normal_id_02_00000703.wav,,,,,normal,none,high,,,,,,,,,,,,
SAMPLE-2615,test2026/test/normal_id_02_00000704.wav,,,,,normal,none,high,,,,,,,,,,,,
SAMPLE-2616,test2026/test/normal_id_02_00000705.wav,,,,,normal,none,high,,,,,,,,,,,,
SAMPLE-2617,test2026/test/normal_id_02_00000706.wav,,,,,normal,none,high,,,,,,,,,,,,
SAMPLE-2618,test2026/test/normal_id_02_00000707.wav,,,,,normal,none,high,,,,,,,,,,,,
SAMPLE-2619,test2026/test/normal_id_02_00000708.wav,,,,,normal,none,high,,,,,,,,,,,,
SAMPLE-2620,test2026/test/normal_id_02_00000709.wav,,,,,normal,none,high,,,,,,,,,,,,
SAMPLE-2621,test2026/test/normal_id_02_00000710.wav,,,,,normal,none,high,,,,,,,,,,,,
SAMPLE-2622,test2026/test/normal_id_02_00000711.wav,,,,,normal,none,high,,,,,,,,,,,,
SAMPLE-2623,test2026/test/normal_id_02_00000712.wav,,,,,normal,none,high,,,,,,,,,,,,
SAMPLE-2624,test2026/test/normal_id_02_00000713.wav,,,,,normal,none,high,,,,,,,,,,,,
SAMPLE-2625,test2026/test/normal_id_02_00000714.wav,,,,,normal,none,high,,,,,,,,,,,,
SAMPLE-2626,test2026/test/normal_id_02_00000715.wav,,,,,normal,none,high,,,,,,,,,,,,
SAMPLE-2627,test2026/test/normal_id_02_00000716.wav,,,,,normal,none,high,,,,,,,,,,,,
SAMPLE-2628,test2026/test/normal_id_02_00000717.wav,,,,,normal,none,high,,,,,,,,,,,,
SAMPLE-2629,test2026/test/normal_id_02_00000718.wav,,,,,normal,none,high,,,,,,,,,,,,
SAMPLE-2630,test2026/test/normal_id_02_00000719.wav,,,,,normal,none,high,,,,,,,,,,,,
SAMPLE-2631,test2026/test/normal_id_02_00000720.wav,,,,,normal,none,high,,,,,,,,,,,,
SAMPLE-2632,test2026/test/normal_id_02_00000721.wav,,,,,normal,none,high,,,,,,,,,,,,
SAMPLE-2633,test2026/test/normal_id_02_00000722.wav,,,,,normal,none,high,,,,,,,,,,,,
SAMPLE-2634,test2026/test/normal_id_02_00000723.wav,,,,,normal,none,high,,,,,,,,,,,,
SAMPLE-2635,test2026/test/normal_id_02_00000724.wav,,,,,normal,none,high,,,,,,,,,,,,
SAMPLE-2636,test2026/test/normal_id_02_00000725.wav,,,,,normal,none,high,,,,,,,,,,,,
SAMPLE-2637,test2026/test/normal_id_02_00000726.wav,,,,,normal,none,high,,,,,,,,,,,,
SAMPLE-2638,test2026/test/normal_id_02_00000727.wav,,,,,normal,none,high,,,,,,,,,,,,
SAMPLE-2639,test2026/test/normal_id_02_00000728.wav,,,,,normal,none,high,,,,,,,,,,,,
SAMPLE-2640,test2026/test/normal_id_02_00000729.wav,,,,,normal,none,high,,,,,,,,,,,,
SAMPLE-2641,test2026/test/normal_id_02_00000730.wav,,,,,normal,none,high,,,,,,,,,,,,
SAMPLE-2642,test2026/test/normal_id_02_00000731.wav,,,,,normal,none,high,,,,,,,,,,,,
SAMPLE-2643,test2026/test/normal_id_02_00000732.wav,,,,,normal,none,high,,,,,,,,,,,,
SAMPLE-2644,test2026/test/normal_id_02_00000733.wav,,,,,normal,none,high,,,,,,,,,,,,
SAMPLE-2645,test2026/test/normal_id_02_00000734.wav,,,,,normal,none,high,,,,,,,,,,,,
SAMPLE-2646,test2026/test/normal_id_02_00000735.wav,,,,,normal,none,high,,,,,,,,,,,,
SAMPLE-2647,test2026/test/normal_id_02_00000736.wav,,,,,normal,none,high,,,,,,,,,,,,
SAMPLE-2648,test2026/test/normal_id_02_00000737.wav,,,,,normal,none,high,,,,,,,,,,,,
SAMPLE-2649,test2026/test/normal_id_02_00000738.wav,,,,,normal,none,high,,,,,,,,,,,,
SAMPLE-2650,test2026/test/normal_id_02_00000739.wav,,,,,normal,none,high,,,,,,,,,,,,
SAMPLE-2651,test2026/test/normal_id_02_00000740.wav,,,,,normal,none,high,,,,,,,,,,,,
SAMPLE-2652,test2026/test/normal_id_02_00000741.wav,,,,,normal,none,high,,,,,,,,,,,,
SAMPLE-2653,test2026/test/normal_id_02_00000742.wav,,,,,normal,none,high,,,,,,,,,,,,
SAMPLE-2654,test2026/test/normal_id_02_00000743.wav,,,,,normal,none,high,,,,,,,,,,,,
SAMPLE-2655,test2026/test/normal_id_02_00000744.wav,,,,,normal,none,high,,,,,,,,,,,,
SAMPLE-2656,test2026/test/normal_id_02_00000745.wav,,,,,normal,none,high,,,,,,,,,,,,
SAMPLE-2657,test2026/test/normal_id_02_00000746.wav,,,,,normal,none,high,,,,,,,,,,,,
SAMPLE-2658,test2026/test/normal_id_02_00000747.wav,,,,,normal,none,high,,,,,,,,,,,,
SAMPLE-2659,test2026/test/normal_id_02_00000748.wav,,,,,normal,none,high,,,,,,,,,,,,
SAMPLE-2660,test2026/test/normal_id_02_00000749.wav,,,,,normal,none,high,,,,,,,,,,,,
SAMPLE-2661,test2026/test/normal_id_02_00000750.wav,,,,,normal,none,high,,,,,,,,,,,,
SAMPLE-2662,test2026/test/normal_id_02_00000751.wav,,,,,normal,none,high,,,,,,,,,,,,
SAMPLE-2663,test2026/test/normal_id_02_00000752.wav,,,,,normal,none,high,,,,,,,,,,,,
SAMPLE-2664,test2026/test/normal_id_02_00000753.wav,,,,,normal,none,high,,,,,,,,,,,,
SAMPLE-2665,test2026/test/normal_id_02_00000754.wav,,,,,normal,none,high,,,,,,,,,,,,
SAMPLE-2666,test2026/test/normal_id_02_00000755.wav,,,,,normal,none,high,,,,,,,,,,,,
SAMPLE-2667,test2026/test/normal_id_02_00000756.wav,,,,,normal,none,high,,,,,,,,,,,,
SAMPLE-2668,test2026/test/normal_id_02_00000757.wav,,,,,normal,none,high,,,,,,,,,,,,
SAMPLE-2669,test2026/test/normal_id_02_00000758.wav,,,,,normal,none,high,,,,,,,,,,,,
SAMPLE-2670,test2026/test/normal_id_02_00000759.wav,,,,,normal,none,high,,,,,,,,,,,,
SAMPLE-2671,test2026/test/normal_id_02_00000760.wav,,,,,normal,none,high,,,,,,,,,,,,
SAMPLE-2672,test2026/test/normal_id_02_00000761.wav,,,,,normal,none,high,,,,,,,,,,,,
SAMPLE-2673,test2026/test/normal_id_02_00000762.wav,,,,,normal,none,high,,,,,,,,,,,,
SAMPLE-2674,test2026/test/normal_id_02_00000763.wav,,,,,normal,none,high,,,,,,,,,,,,
SAMPLE-2675,test2026/test/normal_id_02_00000764.wav,,,,,normal,none,high,,,,,,,,,,,,
SAMPLE-2676,test2026/test/normal_id_02_00000765.wav,,,,,normal,none,high,,,,,,,,,,,,
SAMPLE-2677,test2026/test/normal_id_02_00000766.wav,,,,,normal,none,high,,,,,,,,,,,,
SAMPLE-2678,test2026/test/normal_id_02_00000767.wav,,,,,normal,none,high,,,,,,,,,,,,
SAMPLE-2679,test2026/test/normal_id_02_00000768.wav,,,,,normal,none,high,,,,,,,,,,,,
SAMPLE-2680,test2026/test/normal_id_02_00000769.wav,,,,,normal,none,high,,,,,,,,,,,,
SAMPLE-2681,test2026/test/normal_id_02_00000770.wav,,,,,normal,none,high,,,,,,,,,,,,
SAMPLE-2682,test2026/test/normal_id_02_00000771.wav,,,,,normal,none,high,,,,,,,,,,,,
SAMPLE-2683,test2026/test/normal_id_02_00000772.wav,,,,,normal,none,high,,,,,,,,,,,,
SAMPLE-2684,test2026/test/normal_id_02_00000773.wav,,,,,normal,none,high,,,,,,,,,,,,
SAMPLE-2685,test2026/test/normal_id_02_00000774.wav,,,,,normal,none,high,,,,,,,,,,,,
SAMPLE-2686,test2026/test/normal_id_02_00000775.wav,,,,,normal,none,high,,,,,,,,,,,,
SAMPLE-2687,test2026/test/normal_id_02_00000776.wav,,,,,normal,none,high,,,,,,,,,,,,
SAMPLE-2688,test2026/test/normal_id_02_00000777.wav,,,,,normal,none,high,,,,,,,,,,,,
SAMPLE-2689,test2026/test/normal_id_02_00000778.wav,,,,,normal,none,high,,,,,,,,,,,,
SAMPLE-2690,test2026/test/normal_id_02_00000779.wav,,,,,normal,none,high,,,,,,,,,,,,
SAMPLE-2691,test2026/test/normal_id_02_00000780.wav,,,,,normal,none,high,,,,,,,,,,,,
SAMPLE-2692,test2026/test/normal_id_02_00000781.wav,,,,,normal,none,high,,,,,,,,,,,,
SAMPLE-2693,test2026/test/normal_id_02_00000782.wav,,,,,normal,none,high,,,,,,,,,,,,
SAMPLE-2694,test2026/test/normal_id_02_00000783.wav,,,,,normal,none,high,,,,,,,,,,,,
SAMPLE-2695,test2026/test/normal_id_02_00000784.wav,,,,,normal,none,high,,,,,,,,,,,,
SAMPLE-2696,test2026/test/normal_id_02_00000785.wav,,,,,normal,none,high,,,,,,,,,,,,
SAMPLE-2697,test2026/test/normal_id_02_00000786.wav,,,,,normal,none,high,,,,,,,,,,,,
SAMPLE-2698,test2026/test/normal_id_02_00000787.wav,,,,,normal,none,high,,,,,,,,,,,,
SAMPLE-2699,test2026/test/normal_id_02_00000788.wav,,,,,normal,none,high,,,,,,,,,,,,
SAMPLE-2700,test2026/test/normal_id_02_00000789.wav,,,,,normal,none,high,,,,,,,,,,,,
SAMPLE-2701,test2026/test/normal_id_02_00000790.wav,,,,,normal,none,high,,,,,,,,,,,,
SAMPLE-2702,test2026/test/normal_id_02_00000791.wav,,,,,normal,none,high,,,,,,,,,,,,
SAMPLE-2703,test2026/test/normal_id_02_00000792.wav,,,,,normal,none,high,,,,,,,,,,,,
SAMPLE-2704,test2026/test/normal_id_02_00000793.wav,,,,,normal,none,high,,,,,,,,,,,,
SAMPLE-2705,test2026/test/normal_id_02_00000794.wav,,,,,normal,none,high,,,,,,,,,,,,
SAMPLE-2706,test2026/test/normal_id_02_00000795.wav,,,,,normal,none,high,,,,,,,,,,,,
SAMPLE-2707,test2026/test/normal_id_02_00000796.wav,,,,,normal,none,high,,,,,,,,,,,,
SAMPLE-2708,test2026/test/normal_id_02_00000797.wav,,,,,normal,none,high,,,,,,,,,,,,
SAMPLE-2709,test2026/test/normal_id_02_00000798.wav,,,,,normal,none,high,,,,,,,,,,,,
SAMPLE-2710,test2026/test/normal_id_02_00000799.wav,,,,,normal,none,high,,,,,,,,,,,,
SAMPLE-2711,test2026/test/normal_id_03_00000000.wav,,,,,normal,none,high,,,,,,,,,,,,
SAMPLE-2712,test2026/test/normal_id_03_00000001.wav,,,,,normal,none,high,,,,,,,,,,,,
SAMPLE-2713,test2026/test/normal_id_03_00000002.wav,,,,,normal,none,high,,,,,,,,,,,,
SAMPLE-2714,test2026/test/normal_id_03_00000003.wav,,,,,normal,none,high,,,,,,,,,,,,
SAMPLE-2715,test2026/test/normal_id_03_00000004.wav,,,,,normal,none,high,,,,,,,,,,,,
SAMPLE-2716,test2026/test/normal_id_03_00000005.wav,,,,,normal,none,high,,,,,,,,,,,,
SAMPLE-2717,test2026/test/normal_id_03_00000006.wav,,,,,normal,none,high,,,,,,,,,,,,
SAMPLE-2718,test2026/test/normal_id_03_00000007.wav,,,,,normal,none,high,,,,,,,,,,,,
SAMPLE-2719,test2026/test/normal_id_03_00000008.wav,,,,,normal,none,high,,,,,,,,,,,,
SAMPLE-2720,test2026/test/normal_id_03_00000009.wav,,,,,normal,none,high,,,,,,,,,,,,
SAMPLE-2721,test2026/test/normal_id_03_00000010.wav,,,,,normal,none,high,,,,,,,,,,,,
SAMPLE-2722,test2026/test/normal_id_03_00000011.wav,,,,,normal,none,high,,,,,,,,,,,,
SAMPLE-2723,test2026/test/normal_id_03_00000012.wav,,,,,normal,none,high,,,,,,,,,,,,
SAMPLE-2724,test2026/test/normal_id_03_00000013.wav,,,,,normal,none,high,,,,,,,,,,,,
SAMPLE-2725,test2026/test/normal_id_03_00000014.wav,,,,,normal,none,high,,,,,,,,,,,,
SAMPLE-2726,test2026/test/normal_id_03_00000015.wav,,,,,normal,none,high,,,,,,,,,,,,
SAMPLE-2727,test2026/test/normal_id_03_00000016.wav,,,,,normal,none,high,,,,,,,,,,,,
SAMPLE-2728,test2026/test/normal_id_03_00000017.wav,,,,,normal,none,high,,,,,,,,,,,,
SAMPLE-2729,test2026/test/normal_id_03_00000018.wav,,,,,normal,none,high,,,,,,,,,,,,
SAMPLE-2730,test2026/test/normal_id_03_00000019.wav,,,,,normal,none,high,,,,,,,,,,,,
SAMPLE-2731,test2026/test/normal_id_03_00000020.wav,,,,,normal,none,high,,,,,,,,,,,,
SAMPLE-2732,test2026/test/normal_id_03_00000021.wav,,,,,normal,none,high,,,,,,,,,,,,
SAMPLE-2733,test2026/test/normal_id_03_00000022.wav,,,,,normal,none,high,,,,,,,,,,,,
SAMPLE-2734,test2026/test/normal_id_03_00000023.wav,,,,,normal,none,high,,,,,,,,,,,,
SAMPLE-2735,test2026/test/normal_id_03_00000024.wav,,,,,normal,none,high,,,,,,,,,,,,
SAMPLE-2736,test2026/test/normal_id_03_00000025.wav,,,,,normal,none,high,,,,,,,,,,,,
SAMPLE-2737,test2026/test/normal_id_03_00000026.wav,,,,,normal,none,high,,,,,,,,,,,,
SAMPLE-2738,test2026/test/normal_id_03_00000027.wav,,,,,normal,none,high,,,,,,,,,,,,
SAMPLE-2739,test2026/test/normal_id_03_00000028.wav,,,,,normal,none,high,,,,,,,,,,,,
SAMPLE-2740,test2026/test/normal_id_03_00000029.wav,,,,,normal,none,high,,,,,,,,,,,,
SAMPLE-2741,test2026/test/normal_id_03_00000030.wav,,,,,normal,none,high,,,,,,,,,,,,
SAMPLE-2742,test2026/test/normal_id_03_00000031.wav,,,,,normal,none,high,,,,,,,,,,,,
SAMPLE-2743,test2026/test/normal_id_03_00000032.wav,,,,,normal,none,high,,,,,,,,,,,,
SAMPLE-2744,test2026/test/normal_id_03_00000033.wav,,,,,normal,none,high,,,,,,,,,,,,
SAMPLE-2745,test2026/test/normal_id_03_00000034.wav,,,,,normal,none,high,,,,,,,,,,,,
SAMPLE-2746,test2026/test/normal_id_03_00000035.wav,,,,,normal,none,high,,,,,,,,,,,,
SAMPLE-2747,test2026/test/normal_id_03_00000036.wav,,,,,normal,none,high,,,,,,,,,,,,
SAMPLE-2748,test2026/test/normal_id_03_00000037.wav,,,,,normal,none,high,,,,,,,,,,,,
SAMPLE-2749,test2026/test/normal_id_03_00000038.wav,,,,,normal,none,high,,,,,,,,,,,,
SAMPLE-2750,test2026/test/normal_id_03_00000039.wav,,,,,normal,none,high,,,,,,,,,,,,
SAMPLE-2751,test2026/test/normal_id_03_00000040.wav,,,,,normal,none,high,,,,,,,,,,,,
SAMPLE-2752,test2026/test/normal_id_03_00000041.wav,,,,,normal,none,high,,,,,,,,,,,,
SAMPLE-2753,test2026/test/normal_id_03_00000042.wav,,,,,normal,none,high,,,,,,,,,,,,
SAMPLE-2754,test2026/test/normal_id_03_00000043.wav,,,,,normal,none,high,,,,,,,,,,,,
SAMPLE-2755,test2026/test/normal_id_03_00000044.wav,,,,,normal,none,high,,,,,,,,,,,,
SAMPLE-2756,test2026/test/normal_id_03_00000045.wav,,,,,normal,none,high,,,,,,,,,,,,
SAMPLE-2757,test2026/test/normal_id_03_00000046.wav,,,,,normal,none,high,,,,,,,,,,,,
SAMPLE-2758,test2026/test/normal_id_03_00000047.wav,,,,,normal,none,high,,,,,,,,,,,,
SAMPLE-2759,test2026/test/normal_id_03_00000048.wav,,,,,normal,none,high,,,,,,,,,,,,
SAMPLE-2760,test2026/test/normal_id_03_00000049.wav,,,,,normal,none,high,,,,,,,,,,,,
SAMPLE-2761,test2026/test/normal_id_03_00000050.wav,,,,,normal,none,high,,,,,,,,,,,,
SAMPLE-2762,test2026/test/normal_id_03_00000051.wav,,,,,normal,none,high,,,,,,,,,,,,
SAMPLE-2763,test2026/test/normal_id_03_00000052.wav,,,,,normal,none,high,,,,,,,,,,,,
SAMPLE-2764,test2026/test/normal_id_03_00000053.wav,,,,,normal,none,high,,,,,,,,,,,,
SAMPLE-2765,test2026/test/normal_id_03_00000054.wav,,,,,normal,none,high,,,,,,,,,,,,
SAMPLE-2766,test2026/test/normal_id_03_00000055.wav,,,,,normal,none,high,,,,,,,,,,,,
SAMPLE-2767,test2026/test/normal_id_03_00000056.wav,,,,,normal,none,high,,,,,,,,,,,,
SAMPLE-2768,test2026/test/normal_id_03_00000057.wav,,,,,normal,none,high,,,,,,,,,,,,
SAMPLE-2769,test2026/test/normal_id_03_00000058.wav,,,,,normal,none,high,,,,,,,,,,,,
SAMPLE-2770,test2026/test/normal_id_03_00000059.wav,,,,,normal,none,high,,,,,,,,,,,,
SAMPLE-2771,test2026/test/normal_id_03_00000060.wav,,,,,normal,none,high,,,,,,,,,,,,
SAMPLE-2772,test2026/test/normal_id_03_00000061.wav,,,,,normal,none,high,,,,,,,,,,,,
SAMPLE-2773,test2026/test/normal_id_03_00000062.wav,,,,,normal,none,high,,,,,,,,,,,,
SAMPLE-2774,test2026/test/normal_id_03_00000063.wav,,,,,normal,none,high,,,,,,,,,,,,
SAMPLE-2775,test2026/test/normal_id_03_00000064.wav,,,,,normal,none,high,,,,,,,,,,,,
SAMPLE-2776,test2026/test/normal_id_03_00000065.wav,,,,,normal,none,high,,,,,,,,,,,,
SAMPLE-2777,test2026/test/normal_id_03_00000066.wav,,,,,normal,none,high,,,,,,,,,,,,
SAMPLE-2778,test2026/test/normal_id_03_00000067.wav,,,,,normal,none,high,,,,,,,,,,,,
SAMPLE-2779,test2026/test/normal_id_03_00000068.wav,,,,,normal,none,high,,,,,,,,,,,,
SAMPLE-2780,test2026/test/normal_id_03_00000069.wav,,,,,normal,none,high,,,,,,,,,,,,
SAMPLE-2781,test2026/test/normal_id_03_00000070.wav,,,,,normal,none,high,,,,,,,,,,,,
SAMPLE-2782,test2026/test/normal_id_03_00000071.wav,,,,,normal,none,high,,,,,,,,,,,,
SAMPLE-2783,test2026/test/normal_id_03_00000072.wav,,,,,normal,none,high,,,,,,,,,,,,
SAMPLE-2784,test2026/test/normal_id_03_00000073.wav,,,,,normal,none,high,,,,,,,,,,,,
SAMPLE-2785,test2026/test/normal_id_03_00000074.wav,,,,,normal,none,high,,,,,,,,,,,,
SAMPLE-2786,test2026/test/normal_id_03_00000075.wav,,,,,normal,none,high,,,,,,,,,,,,
SAMPLE-2787,test2026/test/normal_id_03_00000076.wav,,,,,normal,none,high,,,,,,,,,,,,
SAMPLE-2788,test2026/test/normal_id_03_00000077.wav,,,,,normal,none,high,,,,,,,,,,,,
SAMPLE-2789,test2026/test/normal_id_03_00000078.wav,,,,,normal,none,high,,,,,,,,,,,,
SAMPLE-2790,test2026/test/normal_id_03_00000079.wav,,,,,normal,none,high,,,,,,,,,,,,
SAMPLE-2791,test2026/test/normal_id_03_00000080.wav,,,,,normal,none,high,,,,,,,,,,,,
SAMPLE-2792,test2026/test/normal_id_03_00000081.wav,,,,,normal,none,high,,,,,,,,,,,,
SAMPLE-2793,test2026/test/normal_id_03_00000082.wav,,,,,normal,none,high,,,,,,,,,,,,
SAMPLE-2794,test2026/test/normal_id_03_00000083.wav,,,,,normal,none,high,,,,,,,,,,,,
SAMPLE-2795,test2026/test/normal_id_03_00000084.wav,,,,,normal,none,high,,,,,,,,,,,,
SAMPLE-2796,test2026/test/normal_id_03_00000085.wav,,,,,normal,none,high,,,,,,,,,,,,
SAMPLE-2797,test2026/test/normal_id_03_00000086.wav,,,,,normal,none,high,,,,,,,,,,,,
SAMPLE-2798,test2026/test/normal_id_03_00000087.wav,,,,,normal,none,high,,,,,,,,,,,,
SAMPLE-2799,test2026/test/normal_id_03_00000088.wav,,,,,normal,none,high,,,,,,,,,,,,
SAMPLE-2800,test2026/test/normal_id_03_00000089.wav,,,,,normal,none,high,,,,,,,,,,,,
SAMPLE-2801,test2026/test/normal_id_03_00000090.wav,,,,,normal,none,high,,,,,,,,,,,,
SAMPLE-2802,test2026/test/normal_id_03_00000091.wav,,,,,normal,none,high,,,,,,,,,,,,
SAMPLE-2803,test2026/test/normal_id_03_00000092.wav,,,,,normal,none,high,,,,,,,,,,,,
SAMPLE-2804,test2026/test/normal_id_03_00000093.wav,,,,,normal,none,high,,,,,,,,,,,,
SAMPLE-2805,test2026/test/normal_id_03_00000094.wav,,,,,normal,none,high,,,,,,,,,,,,
SAMPLE-2806,test2026/test/normal_id_03_00000095.wav,,,,,normal,none,high,,,,,,,,,,,,
SAMPLE-2807,test2026/test/normal_id_03_00000096.wav,,,,,normal,none,high,,,,,,,,,,,,
SAMPLE-2808,test2026/test/normal_id_03_00000097.wav,,,,,normal,none,high,,,,,,,,,,,,
SAMPLE-2809,test2026/test/normal_id_03_00000098.wav,,,,,normal,none,high,,,,,,,,,,,,
SAMPLE-2810,test2026/test/normal_id_03_00000099.wav,,,,,normal,none,high,,,,,,,,,,,,
SAMPLE-2811,test2026/test/normal_id_03_00000100.wav,,,,,normal,none,high,,,,,,,,,,,,
SAMPLE-2812,test2026/test/normal_id_03_00000101.wav,,,,,normal,none,high,,,,,,,,,,,,
SAMPLE-2813,test2026/test/normal_id_03_00000102.wav,,,,,normal,none,high,,,,,,,,,,,,
SAMPLE-2814,test2026/test/normal_id_03_00000103.wav,,,,,normal,none,high,,,,,,,,,,,,
SAMPLE-2815,test2026/test/normal_id_03_00000104.wav,,,,,normal,none,high,,,,,,,,,,,,
SAMPLE-2816,test2026/test/normal_id_03_00000105.wav,,,,,normal,none,high,,,,,,,,,,,,
SAMPLE-2817,test2026/test/normal_id_03_00000106.wav,,,,,normal,none,high,,,,,,,,,,,,
SAMPLE-2818,test2026/test/normal_id_03_00000107.wav,,,,,normal,none,high,,,,,,,,,,,,
SAMPLE-2819,test2026/test/normal_id_03_00000108.wav,,,,,normal,none,high,,,,,,,,,,,,
SAMPLE-2820,test2026/test/normal_id_03_00000109.wav,,,,,normal,none,high,,,,,,,,,,,,
SAMPLE-2821,test2026/test/normal_id_03_00000110.wav,,,,,normal,none,high,,,,,,,,,,,,
SAMPLE-2822,test2026/test/normal_id_03_00000111.wav,,,,,normal,none,high,,,,,,,,,,,,
SAMPLE-2823,test2026/test/normal_id_03_00000112.wav,,,,,normal,none,high,,,,,,,,,,,,
SAMPLE-2824,test2026/test/normal_id_03_00000113.wav,,,,,normal,none,high,,,,,,,,,,,,
SAMPLE-2825,test2026/test/normal_id_03_00000114.wav,,,,,normal,none,high,,,,,,,,,,,,
SAMPLE-2826,test2026/test/normal_id_03_00000115.wav,,,,,normal,none,high,,,,,,,,,,,,
SAMPLE-2827,test2026/test/normal_id_03_00000116.wav,,,,,normal,none,high,,,,,,,,,,,,
SAMPLE-2828,test2026/test/normal_id_03_00000117.wav,,,,,normal,none,high,,,,,,,,,,,,
SAMPLE-2829,test2026/test/normal_id_03_00000118.wav,,,,,normal,none,high,,,,,,,,,,,,
SAMPLE-2830,test2026/test/normal_id_03_00000119.wav,,,,,normal,none,high,,,,,,,,,,,,
SAMPLE-2831,test2026/test/normal_id_03_00000120.wav,,,,,normal,none,high,,,,,,,,,,,,
SAMPLE-2832,test2026/test/normal_id_03_00000121.wav,,,,,normal,none,high,,,,,,,,,,,,
SAMPLE-2833,test2026/test/normal_id_03_00000122.wav,,,,,normal,none,high,,,,,,,,,,,,
SAMPLE-2834,test2026/test/normal_id_03_00000123.wav,,,,,normal,none,high,,,,,,,,,,,,
SAMPLE-2835,test2026/test/normal_id_03_00000124.wav,,,,,normal,none,high,,,,,,,,,,,,
SAMPLE-2836,test2026/test/normal_id_03_00000125.wav,,,,,normal,none,high,,,,,,,,,,,,
SAMPLE-2837,test2026/test/normal_id_03_00000126.wav,,,,,normal,none,high,,,,,,,,,,,,
SAMPLE-2838,test2026/test/normal_id_03_00000127.wav,,,,,normal,none,high,,,,,,,,,,,,
SAMPLE-2839,test2026/test/normal_id_03_00000128.wav,,,,,normal,none,high,,,,,,,,,,,,
SAMPLE-2840,test2026/test/normal_id_03_00000129.wav,,,,,normal,none,high,,,,,,,,,,,,
SAMPLE-2841,test2026/test/normal_id_03_00000130.wav,,,,,normal,none,high,,,,,,,,,,,,
SAMPLE-2842,test2026/test/normal_id_03_00000131.wav,,,,,normal,none,high,,,,,,,,,,,,
SAMPLE-2843,test2026/test/normal_id_03_00000132.wav,,,,,normal,none,high,,,,,,,,,,,,
SAMPLE-2844,test2026/test/normal_id_03_00000133.wav,,,,,normal,none,high,,,,,,,,,,,,
SAMPLE-2845,test2026/test/normal_id_03_00000134.wav,,,,,normal,none,high,,,,,,,,,,,,
SAMPLE-2846,test2026/test/normal_id_03_00000135.wav,,,,,normal,none,high,,,,,,,,,,,,
SAMPLE-2847,test2026/test/normal_id_03_00000136.wav,,,,,normal,none,high,,,,,,,,,,,,
SAMPLE-2848,test2026/test/normal_id_03_00000137.wav,,,,,normal,none,high,,,,,,,,,,,,
SAMPLE-2849,test2026/test/normal_id_03_00000138.wav,,,,,normal,none,high,,,,,,,,,,,,
SAMPLE-2850,test2026/test/normal_id_03_00000139.wav,,,,,normal,none,high,,,,,,,,,,,,
SAMPLE-2851,test2026/test/normal_id_03_00000140.wav,,,,,normal,none,high,,,,,,,,,,,,
SAMPLE-2852,test2026/test/normal_id_03_00000141.wav,,,,,normal,none,high,,,,,,,,,,,,
SAMPLE-2853,test2026/test/normal_id_03_00000142.wav,,,,,normal,none,high,,,,,,,,,,,,
SAMPLE-2854,test2026/test/normal_id_03_00000143.wav,,,,,normal,none,high,,,,,,,,,,,,
SAMPLE-2855,test2026/test/normal_id_03_00000144.wav,,,,,normal,none,high,,,,,,,,,,,,
SAMPLE-2856,test2026/test/normal_id_03_00000145.wav,,,,,normal,none,high,,,,,,,,,,,,
SAMPLE-2857,test2026/test/normal_id_03_00000146.wav,,,,,normal,none,high,,,,,,,,,,,,
SAMPLE-2858,test2026/test/normal_id_03_00000147.wav,,,,,normal,none,high,,,,,,,,,,,,
SAMPLE-2859,test2026/test/normal_id_03_00000148.wav,,,,,normal,none,high,,,,,,,,,,,,
SAMPLE-2860,test2026/test/normal_id_03_00000149.wav,,,,,normal,none,high,,,,,,,,,,,,
SAMPLE-2861,test2026/test/normal_id_03_00000150.wav,,,,,normal,none,high,,,,,,,,,,,,
SAMPLE-2862,test2026/test/normal_id_03_00000151.wav,,,,,normal,none,high,,,,,,,,,,,,
SAMPLE-2863,test2026/test/normal_id_03_00000152.wav,,,,,normal,none,high,,,,,,,,,,,,
SAMPLE-2864,test2026/test/normal_id_03_00000153.wav,,,,,normal,none,high,,,,,,,,,,,,
SAMPLE-2865,test2026/test/normal_id_03_00000154.wav,,,,,normal,none,high,,,,,,,,,,,,
SAMPLE-2866,test2026/test/normal_id_03_00000155.wav,,,,,normal,none,high,,,,,,,,,,,,
SAMPLE-2867,test2026/test/normal_id_03_00000156.wav,,,,,normal,none,high,,,,,,,,,,,,
SAMPLE-2868,test2026/test/normal_id_03_00000157.wav,,,,,normal,none,high,,,,,,,,,,,,
SAMPLE-2869,test2026/test/normal_id_03_00000158.wav,,,,,normal,none,high,,,,,,,,,,,,
SAMPLE-2870,test2026/test/normal_id_03_00000159.wav,,,,,normal,none,high,,,,,,,,,,,,
SAMPLE-2871,test2026/test/normal_id_03_00000160.wav,,,,,normal,none,high,,,,,,,,,,,,
SAMPLE-2872,test2026/test/normal_id_03_00000161.wav,,,,,normal,none,high,,,,,,,,,,,,
SAMPLE-2873,test2026/test/normal_id_03_00000162.wav,,,,,normal,none,high,,,,,,,,,,,,
SAMPLE-2874,test2026/test/normal_id_03_00000163.wav,,,,,normal,none,high,,,,,,,,,,,,
SAMPLE-2875,test2026/test/normal_id_03_00000164.wav,,,,,normal,none,high,,,,,,,,,,,,
SAMPLE-2876,test2026/test/normal_id_03_00000165.wav,,,,,normal,none,high,,,,,,,,,,,,
SAMPLE-2877,test2026/test/normal_id_03_00000166.wav,,,,,normal,none,high,,,,,,,,,,,,
SAMPLE-2878,test2026/test/normal_id_03_00000167.wav,,,,,normal,none,high,,,,,,,,,,,,
SAMPLE-2879,test2026/test/normal_id_03_00000168.wav,,,,,normal,none,high,,,,,,,,,,,,
SAMPLE-2880,test2026/test/normal_id_03_00000169.wav,,,,,normal,none,high,,,,,,,,,,,,
SAMPLE-2881,test2026/test/normal_id_03_00000170.wav,,,,,normal,none,high,,,,,,,,,,,,
SAMPLE-2882,test2026/test/normal_id_03_00000171.wav,,,,,normal,none,high,,,,,,,,,,,,
SAMPLE-2883,test2026/test/normal_id_03_00000172.wav,,,,,normal,none,high,,,,,,,,,,,,
SAMPLE-2884,test2026/test/normal_id_03_00000173.wav,,,,,normal,none,high,,,,,,,,,,,,
SAMPLE-2885,test2026/test/normal_id_03_00000174.wav,,,,,normal,none,high,,,,,,,,,,,,
SAMPLE-2886,test2026/test/normal_id_03_00000175.wav,,,,,normal,none,high,,,,,,,,,,,,
SAMPLE-2887,test2026/test/normal_id_03_00000176.wav,,,,,normal,none,high,,,,,,,,,,,,
SAMPLE-2888,test2026/test/normal_id_03_00000177.wav,,,,,normal,none,high,,,,,,,,,,,,
SAMPLE-2889,test2026/test/normal_id_03_00000178.wav,,,,,normal,none,high,,,,,,,,,,,,
SAMPLE-2890,test2026/test/normal_id_03_00000179.wav,,,,,normal,none,high,,,,,,,,,,,,
SAMPLE-2891,test2026/test/normal_id_03_00000180.wav,,,,,normal,none,high,,,,,,,,,,,,
SAMPLE-2892,test2026/test/normal_id_03_00000181.wav,,,,,normal,none,high,,,,,,,,,,,,
SAMPLE-2893,test2026/test/normal_id_03_00000182.wav,,,,,normal,none,high,,,,,,,,,,,,
SAMPLE-2894,test2026/test/normal_id_03_00000183.wav,,,,,normal,none,high,,,,,,,,,,,,
SAMPLE-2895,test2026/test/normal_id_03_00000184.wav,,,,,normal,none,high,,,,,,,,,,,,
SAMPLE-2896,test2026/test/normal_id_03_00000185.wav,,,,,normal,none,high,,,,,,,,,,,,
SAMPLE-2897,test2026/test/normal_id_03_00000186.wav,,,,,normal,none,high,,,,,,,,,,,,
SAMPLE-2898,test2026/test/normal_id_03_00000187.wav,,,,,normal,none,high,,,,,,,,,,,,
SAMPLE-2899,test2026/test/normal_id_03_00000188.wav,,,,,normal,none,high,,,,,,,,,,,,
SAMPLE-2900,test2026/test/normal_id_03_00000189.wav,,,,,normal,none,high,,,,,,,,,,,,
SAMPLE-2901,test2026/test/normal_id_03_00000190.wav,,,,,normal,none,high,,,,,,,,,,,,
SAMPLE-2902,test2026/test/normal_id_03_00000191.wav,,,,,normal,none,high,,,,,,,,,,,,
SAMPLE-2903,test2026/test/normal_id_03_00000192.wav,,,,,normal,none,high,,,,,,,,,,,,
SAMPLE-2904,test2026/test/normal_id_03_00000193.wav,,,,,normal,none,high,,,,,,,,,,,,
SAMPLE-2905,test2026/test/normal_id_03_00000194.wav,,,,,normal,none,high,,,,,,,,,,,,
SAMPLE-2906,test2026/test/normal_id_03_00000195.wav,,,,,normal,none,high,,,,,,,,,,,,
SAMPLE-2907,test2026/test/normal_id_03_00000196.wav,,,,,normal,none,high,,,,,,,,,,,,
SAMPLE-2908,test2026/test/normal_id_03_00000197.wav,,,,,normal,none,high,,,,,,,,,,,,
SAMPLE-2909,test2026/test/normal_id_03_00000198.wav,,,,,normal,none,high,,,,,,,,,,,,
SAMPLE-2910,test2026/test/normal_id_03_00000199.wav,,,,,normal,none,high,,,,,,,,,,,,
SAMPLE-2911,test2026/test/normal_id_03_00000200.wav,,,,,normal,none,high,,,,,,,,,,,,
SAMPLE-2912,test2026/test/normal_id_03_00000201.wav,,,,,normal,none,high,,,,,,,,,,,,
SAMPLE-2913,test2026/test/normal_id_03_00000202.wav,,,,,normal,none,high,,,,,,,,,,,,
SAMPLE-2914,test2026/test/normal_id_03_00000203.wav,,,,,normal,none,high,,,,,,,,,,,,
SAMPLE-2915,test2026/test/normal_id_03_00000204.wav,,,,,normal,none,high,,,,,,,,,,,,
SAMPLE-2916,test2026/test/normal_id_03_00000205.wav,,,,,normal,none,high,,,,,,,,,,,,
SAMPLE-2917,test2026/test/normal_id_03_00000206.wav,,,,,normal,none,high,,,,,,,,,,,,
SAMPLE-2918,test2026/test/normal_id_03_00000207.wav,,,,,normal,none,high,,,,,,,,,,,,
SAMPLE-2919,test2026/test/normal_id_03_00000208.wav,,,,,normal,none,high,,,,,,,,,,,,
SAMPLE-2920,test2026/test/normal_id_03_00000209.wav,,,,,normal,none,high,,,,,,,,,,,,
SAMPLE-2921,test2026/test/normal_id_03_00000210.wav,,,,,normal,none,high,,,,,,,,,,,,
SAMPLE-2922,test2026/test/normal_id_03_00000211.wav,,,,,normal,none,high,,,,,,,,,,,,
SAMPLE-2923,test2026/test/normal_id_03_00000212.wav,,,,,normal,none,high,,,,,,,,,,,,
SAMPLE-2924,test2026/test/normal_id_03_00000213.wav,,,,,normal,none,high,,,,,,,,,,,,
SAMPLE-2925,test2026/test/normal_id_03_00000214.wav,,,,,normal,none,high,,,,,,,,,,,,
SAMPLE-2926,test2026/test/normal_id_03_00000215.wav,,,,,normal,none,high,,,,,,,,,,,,
SAMPLE-2927,test2026/test/normal_id_03_00000216.wav,,,,,normal,none,high,,,,,,,,,,,,
SAMPLE-2928,test2026/test/normal_id_03_00000217.wav,,,,,normal,none,high,,,,,,,,,,,,
SAMPLE-2929,test2026/test/normal_id_03_00000218.wav,,,,,normal,none,high,,,,,,,,,,,,
SAMPLE-2930,test2026/test/normal_id_03_00000219.wav,,,,,normal,none,high,,,,,,,,,,,,
SAMPLE-2931,test2026/test/normal_id_03_00000220.wav,,,,,normal,none,high,,,,,,,,,,,,
SAMPLE-2932,test2026/test/normal_id_03_00000221.wav,,,,,normal,none,high,,,,,,,,,,,,
SAMPLE-2933,test2026/test/normal_id_03_00000222.wav,,,,,normal,none,high,,,,,,,,,,,,
SAMPLE-2934,test2026/test/normal_id_03_00000223.wav,,,,,normal,none,high,,,,,,,,,,,,
SAMPLE-2935,test2026/test/normal_id_03_00000224.wav,,,,,normal,none,high,,,,,,,,,,,,
SAMPLE-2936,test2026/test/normal_id_03_00000225.wav,,,,,normal,none,high,,,,,,,,,,,,
SAMPLE-2937,test2026/test/normal_id_03_00000226.wav,,,,,normal,none,high,,,,,,,,,,,,
SAMPLE-2938,test2026/test/normal_id_03_00000227.wav,,,,,normal,none,high,,,,,,,,,,,,
SAMPLE-2939,test2026/test/normal_id_03_00000228.wav,,,,,normal,none,high,,,,,,,,,,,,
SAMPLE-2940,test2026/test/normal_id_03_00000229.wav,,,,,normal,none,high,,,,,,,,,,,,
SAMPLE-2941,test2026/test/normal_id_03_00000230.wav,,,,,normal,none,high,,,,,,,,,,,,
SAMPLE-2942,test2026/test/normal_id_03_00000231.wav,,,,,normal,none,high,,,,,,,,,,,,
SAMPLE-2943,test2026/test/normal_id_03_00000232.wav,,,,,normal,none,high,,,,,,,,,,,,
SAMPLE-2944,test2026/test/normal_id_03_00000233.wav,,,,,normal,none,high,,,,,,,,,,,,
SAMPLE-2945,test2026/test/normal_id_03_00000234.wav,,,,,normal,none,high,,,,,,,,,,,,
SAMPLE-2946,test2026/test/normal_id_03_00000235.wav,,,,,normal,none,high,,,,,,,,,,,,
SAMPLE-2947,test2026/test/normal_id_03_00000236.wav,,,,,normal,none,high,,,,,,,,,,,,
SAMPLE-2948,test2026/test/normal_id_03_00000237.wav,,,,,normal,none,high,,,,,,,,,,,,
SAMPLE-2949,test2026/test/normal_id_03_00000238.wav,,,,,normal,none,high,,,,,,,,,,,,
SAMPLE-2950,test2026/test/normal_id_03_00000239.wav,,,,,normal,none,high,,,,,,,,,,,,
SAMPLE-2951,test2026/test/normal_id_03_00000240.wav,,,,,normal,none,high,,,,,,,,,,,,
SAMPLE-2952,test2026/test/normal_id_03_00000241.wav,,,,,normal,none,high,,,,,,,,,,,,
SAMPLE-2953,test2026/test/normal_id_03_00000242.wav,,,,,normal,none,high,,,,,,,,,,,,
SAMPLE-2954,test2026/test/normal_id_03_00000243.wav,,,,,normal,none,high,,,,,,,,,,,,
SAMPLE-2955,test2026/test/normal_id_03_00000244.wav,,,,,normal,none,high,,,,,,,,,,,,
SAMPLE-2956,test2026/test/normal_id_03_00000245.wav,,,,,normal,none,high,,,,,,,,,,,,
SAMPLE-2957,test2026/test/normal_id_03_00000246.wav,,,,,normal,none,high,,,,,,,,,,,,
SAMPLE-2958,test2026/test/normal_id_03_00000247.wav,,,,,normal,none,high,,,,,,,,,,,,
SAMPLE-2959,test2026/test/normal_id_03_00000248.wav,,,,,normal,none,high,,,,,,,,,,,,
SAMPLE-2960,test2026/test/normal_id_03_00000249.wav,,,,,normal,none,high,,,,,,,,,,,,
SAMPLE-2961,test2026/test/normal_id_03_00000250.wav,,,,,normal,none,high,,,,,,,,,,,,
SAMPLE-2962,test2026/test/normal_id_03_00000251.wav,,,,,normal,none,high,,,,,,,,,,,,
SAMPLE-2963,test2026/test/normal_id_03_00000252.wav,,,,,normal,none,high,,,,,,,,,,,,
SAMPLE-2964,test2026/test/normal_id_03_00000253.wav,,,,,normal,none,high,,,,,,,,,,,,
SAMPLE-2965,test2026/test/normal_id_03_00000254.wav,,,,,normal,none,high,,,,,,,,,,,,
SAMPLE-2966,test2026/test/normal_id_03_00000255.wav,,,,,normal,none,high,,,,,,,,,,,,
SAMPLE-2967,test2026/test/normal_id_03_00000256.wav,,,,,normal,none,high,,,,,,,,,,,,
SAMPLE-2968,test2026/test/normal_id_03_00000257.wav,,,,,normal,none,high,,,,,,,,,,,,
SAMPLE-2969,test2026/test/normal_id_03_00000258.wav,,,,,normal,none,high,,,,,,,,,,,,
SAMPLE-2970,test2026/test/normal_id_03_00000259.wav,,,,,normal,none,high,,,,,,,,,,,,
SAMPLE-2971,test2026/test/normal_id_03_00000260.wav,,,,,normal,none,high,,,,,,,,,,,,
SAMPLE-2972,test2026/test/normal_id_03_00000261.wav,,,,,normal,none,high,,,,,,,,,,,,
SAMPLE-2973,test2026/test/normal_id_03_00000262.wav,,,,,normal,none,high,,,,,,,,,,,,
SAMPLE-2974,test2026/test/normal_id_03_00000263.wav,,,,,normal,none,high,,,,,,,,,,,,
SAMPLE-2975,test2026/test/normal_id_03_00000264.wav,,,,,normal,none,high,,,,,,,,,,,,
SAMPLE-2976,test2026/test/normal_id_03_00000265.wav,,,,,normal,none,high,,,,,,,,,,,,
SAMPLE-2977,test2026/test/normal_id_03_00000266.wav,,,,,normal,none,high,,,,,,,,,,,,
SAMPLE-2978,test2026/test/normal_id_03_00000267.wav,,,,,normal,none,high,,,,,,,,,,,,
SAMPLE-2979,test2026/test/normal_id_03_00000268.wav,,,,,normal,none,high,,,,,,,,,,,,
SAMPLE-2980,test2026/test/normal_id_03_00000269.wav,,,,,normal,none,high,,,,,,,,,,,,
SAMPLE-2981,test2026/test/normal_id_03_00000270.wav,,,,,normal,none,high,,,,,,,,,,,,
SAMPLE-2982,test2026/test/normal_id_03_00000271.wav,,,,,normal,none,high,,,,,,,,,,,,
SAMPLE-2983,test2026/test/normal_id_03_00000272.wav,,,,,normal,none,high,,,,,,,,,,,,
SAMPLE-2984,test2026/test/normal_id_03_00000273.wav,,,,,normal,none,high,,,,,,,,,,,,
SAMPLE-2985,test2026/test/normal_id_03_00000274.wav,,,,,normal,none,high,,,,,,,,,,,,
SAMPLE-2986,test2026/test/normal_id_03_00000275.wav,,,,,normal,none,high,,,,,,,,,,,,
SAMPLE-2987,test2026/test/normal_id_03_00000276.wav,,,,,normal,none,high,,,,,,,,,,,,
SAMPLE-2988,test2026/test/normal_id_03_00000277.wav,,,,,normal,none,high,,,,,,,,,,,,
SAMPLE-2989,test2026/test/normal_id_03_00000278.wav,,,,,normal,none,high,,,,,,,,,,,,
SAMPLE-2990,test2026/test/normal_id_03_00000279.wav,,,,,normal,none,high,,,,,,,,,,,,
SAMPLE-2991,test2026/test/normal_id_03_00000280.wav,,,,,normal,none,high,,,,,,,,,,,,
SAMPLE-2992,test2026/test/normal_id_03_00000281.wav,,,,,normal,none,high,,,,,,,,,,,,
SAMPLE-2993,test2026/test/normal_id_03_00000282.wav,,,,,normal,none,high,,,,,,,,,,,,
SAMPLE-2994,test2026/test/normal_id_03_00000283.wav,,,,,normal,none,high,,,,,,,,,,,,
SAMPLE-2995,test2026/test/normal_id_03_00000284.wav,,,,,normal,none,high,,,,,,,,,,,,
SAMPLE-2996,test2026/test/normal_id_03_00000285.wav,,,,,normal,none,high,,,,,,,,,,,,
SAMPLE-2997,test2026/test/normal_id_03_00000286.wav,,,,,normal,none,high,,,,,,,,,,,,
SAMPLE-2998,test2026/test/normal_id_03_00000287.wav,,,,,normal,none,high,,,,,,,,,,,,
SAMPLE-2999,test2026/test/normal_id_03_00000288.wav,,,,,normal,none,high,,,,,,,,,,,,
SAMPLE-3000,test2026/test/normal_id_03_00000289.wav,,,,,normal,none,high,,,,,,,,,,,,
SAMPLE-3001,test2026/test/normal_id_03_00000290.wav,,,,,normal,none,high,,,,,,,,,,,,
SAMPLE-3002,test2026/test/normal_id_03_00000291.wav,,,,,normal,none,high,,,,,,,,,,,,
SAMPLE-3003,test2026/test/normal_id_03_00000292.wav,,,,,normal,none,high,,,,,,,,,,,,
SAMPLE-3004,test2026/test/normal_id_03_00000293.wav,,,,,normal,none,high,,,,,,,,,,,,
SAMPLE-3005,test2026/test/normal_id_03_00000294.wav,,,,,normal,none,high,,,,,,,,,,,,
SAMPLE-3006,test2026/test/normal_id_03_00000295.wav,,,,,normal,none,high,,,,,,,,,,,,
SAMPLE-3007,test2026/test/normal_id_03_00000296.wav,,,,,normal,none,high,,,,,,,,,,,,
SAMPLE-3008,test2026/test/normal_id_03_00000297.wav,,,,,normal,none,high,,,,,,,,,,,,
SAMPLE-3009,test2026/test/normal_id_03_00000298.wav,,,,,normal,none,high,,,,,,,,,,,,
SAMPLE-3010,test2026/test/normal_id_03_00000299.wav,,,,,normal,none,high,,,,,,,,,,,,
SAMPLE-3011,test2026/test/normal_id_03_00000300.wav,,,,,normal,none,high,,,,,,,,,,,,
SAMPLE-3012,test2026/test/normal_id_03_00000301.wav,,,,,normal,none,high,,,,,,,,,,,,
SAMPLE-3013,test2026/test/normal_id_03_00000302.wav,,,,,normal,none,high,,,,,,,,,,,,
SAMPLE-3014,test2026/test/normal_id_03_00000303.wav,,,,,normal,none,high,,,,,,,,,,,,
SAMPLE-3015,test2026/test/normal_id_03_00000304.wav,,,,,normal,none,high,,,,,,,,,,,,
SAMPLE-3016,test2026/test/normal_id_03_00000305.wav,,,,,normal,none,high,,,,,,,,,,,,
SAMPLE-3017,test2026/test/normal_id_03_00000306.wav,,,,,normal,none,high,,,,,,,,,,,,
SAMPLE-3018,test2026/test/normal_id_03_00000307.wav,,,,,normal,none,high,,,,,,,,,,,,
SAMPLE-3019,test2026/test/normal_id_03_00000308.wav,,,,,normal,none,high,,,,,,,,,,,,
SAMPLE-3020,test2026/test/normal_id_03_00000309.wav,,,,,normal,none,high,,,,,,,,,,,,
SAMPLE-3021,test2026/test/normal_id_03_00000310.wav,,,,,normal,none,high,,,,,,,,,,,,
SAMPLE-3022,test2026/test/normal_id_03_00000311.wav,,,,,normal,none,high,,,,,,,,,,,,
SAMPLE-3023,test2026/test/normal_id_03_00000312.wav,,,,,normal,none,high,,,,,,,,,,,,
SAMPLE-3024,test2026/test/normal_id_03_00000313.wav,,,,,normal,none,high,,,,,,,,,,,,
SAMPLE-3025,test2026/test/normal_id_03_00000314.wav,,,,,normal,none,high,,,,,,,,,,,,
SAMPLE-3026,test2026/test/normal_id_03_00000315.wav,,,,,normal,none,high,,,,,,,,,,,,
SAMPLE-3027,test2026/test/normal_id_03_00000316.wav,,,,,normal,none,high,,,,,,,,,,,,
SAMPLE-3028,test2026/test/normal_id_03_00000317.wav,,,,,normal,none,high,,,,,,,,,,,,
SAMPLE-3029,test2026/test/normal_id_03_00000318.wav,,,,,normal,none,high,,,,,,,,,,,,
SAMPLE-3030,test2026/test/normal_id_03_00000319.wav,,,,,normal,none,high,,,,,,,,,,,,
SAMPLE-3031,test2026/test/normal_id_03_00000320.wav,,,,,normal,none,high,,,,,,,,,,,,
SAMPLE-3032,test2026/test/normal_id_03_00000321.wav,,,,,normal,none,high,,,,,,,,,,,,
SAMPLE-3033,test2026/test/normal_id_03_00000322.wav,,,,,normal,none,high,,,,,,,,,,,,
SAMPLE-3034,test2026/test/normal_id_03_00000323.wav,,,,,normal,none,high,,,,,,,,,,,,
SAMPLE-3035,test2026/test/normal_id_03_00000324.wav,,,,,normal,none,high,,,,,,,,,,,,
SAMPLE-3036,test2026/test/normal_id_03_00000325.wav,,,,,normal,none,high,,,,,,,,,,,,
SAMPLE-3037,test2026/test/normal_id_03_00000326.wav,,,,,normal,none,high,,,,,,,,,,,,
SAMPLE-3038,test2026/test/normal_id_03_00000327.wav,,,,,normal,none,high,,,,,,,,,,,,
SAMPLE-3039,test2026/test/normal_id_03_00000328.wav,,,,,normal,none,high,,,,,,,,,,,,
SAMPLE-3040,test2026/test/normal_id_03_00000329.wav,,,,,normal,none,high,,,,,,,,,,,,
SAMPLE-3041,test2026/test/normal_id_03_00000330.wav,,,,,normal,none,high,,,,,,,,,,,,
SAMPLE-3042,test2026/test/normal_id_03_00000331.wav,,,,,normal,none,high,,,,,,,,,,,,
SAMPLE-3043,test2026/test/normal_id_03_00000332.wav,,,,,normal,none,high,,,,,,,,,,,,
SAMPLE-3044,test2026/test/normal_id_03_00000333.wav,,,,,normal,none,high,,,,,,,,,,,,
SAMPLE-3045,test2026/test/normal_id_03_00000334.wav,,,,,normal,none,high,,,,,,,,,,,,
SAMPLE-3046,test2026/test/normal_id_03_00000335.wav,,,,,normal,none,high,,,,,,,,,,,,
SAMPLE-3047,test2026/test/normal_id_03_00000336.wav,,,,,normal,none,high,,,,,,,,,,,,
SAMPLE-3048,test2026/test/normal_id_03_00000337.wav,,,,,normal,none,high,,,,,,,,,,,,
SAMPLE-3049,test2026/test/normal_id_03_00000338.wav,,,,,normal,none,high,,,,,,,,,,,,
SAMPLE-3050,test2026/test/normal_id_03_00000339.wav,,,,,normal,none,high,,,,,,,,,,,,
SAMPLE-3051,test2026/test/normal_id_03_00000340.wav,,,,,normal,none,high,,,,,,,,,,,,
SAMPLE-3052,test2026/test/normal_id_03_00000341.wav,,,,,normal,none,high,,,,,,,,,,,,
SAMPLE-3053,test2026/test/normal_id_03_00000342.wav,,,,,normal,none,high,,,,,,,,,,,,
SAMPLE-3054,test2026/test/normal_id_03_00000343.wav,,,,,normal,none,high,,,,,,,,,,,,
SAMPLE-3055,test2026/test/normal_id_03_00000344.wav,,,,,normal,none,high,,,,,,,,,,,,
SAMPLE-3056,test2026/test/normal_id_03_00000345.wav,,,,,normal,none,high,,,,,,,,,,,,
SAMPLE-3057,test2026/test/normal_id_03_00000346.wav,,,,,normal,none,high,,,,,,,,,,,,
SAMPLE-3058,test2026/test/normal_id_03_00000347.wav,,,,,normal,none,high,,,,,,,,,,,,
SAMPLE-3059,test2026/test/normal_id_03_00000348.wav,,,,,normal,none,high,,,,,,,,,,,,
SAMPLE-3060,test2026/test/normal_id_03_00000349.wav,,,,,normal,none,high,,,,,,,,,,,,
SAMPLE-3061,test2026/test/normal_id_03_00000350.wav,,,,,normal,none,high,,,,,,,,,,,,
SAMPLE-3062,test2026/test/normal_id_03_00000351.wav,,,,,normal,none,high,,,,,,,,,,,,
SAMPLE-3063,test2026/test/normal_id_03_00000352.wav,,,,,normal,none,high,,,,,,,,,,,,
SAMPLE-3064,test2026/test/normal_id_03_00000353.wav,,,,,normal,none,high,,,,,,,,,,,,
SAMPLE-3065,test2026/test/normal_id_03_00000354.wav,,,,,normal,none,high,,,,,,,,,,,,
SAMPLE-3066,test2026/test/normal_id_03_00000355.wav,,,,,normal,none,high,,,,,,,,,,,,
SAMPLE-3067,test2026/test/normal_id_03_00000356.wav,,,,,normal,none,high,,,,,,,,,,,,
SAMPLE-3068,test2026/test/normal_id_03_00000357.wav,,,,,normal,none,high,,,,,,,,,,,,
SAMPLE-3069,test2026/test/normal_id_03_00000358.wav,,,,,normal,none,high,,,,,,,,,,,,
SAMPLE-3070,test2026/test/normal_id_03_00000359.wav,,,,,normal,none,high,,,,,,,,,,,,
SAMPLE-3071,test2026/test/normal_id_03_00000360.wav,,,,,normal,none,high,,,,,,,,,,,,
SAMPLE-3072,test2026/test/normal_id_03_00000361.wav,,,,,normal,none,high,,,,,,,,,,,,
SAMPLE-3073,test2026/test/normal_id_03_00000362.wav,,,,,normal,none,high,,,,,,,,,,,,
SAMPLE-3074,test2026/test/normal_id_03_00000363.wav,,,,,normal,none,high,,,,,,,,,,,,
SAMPLE-3075,test2026/test/normal_id_03_00000364.wav,,,,,normal,none,high,,,,,,,,,,,,
SAMPLE-3076,test2026/test/normal_id_03_00000365.wav,,,,,normal,none,high,,,,,,,,,,,,
SAMPLE-3077,test2026/test/normal_id_03_00000366.wav,,,,,normal,none,high,,,,,,,,,,,,
SAMPLE-3078,test2026/test/normal_id_03_00000367.wav,,,,,normal,none,high,,,,,,,,,,,,
SAMPLE-3079,test2026/test/normal_id_03_00000368.wav,,,,,normal,none,high,,,,,,,,,,,,
SAMPLE-3080,test2026/test/normal_id_03_00000369.wav,,,,,normal,none,high,,,,,,,,,,,,
SAMPLE-3081,test2026/test/normal_id_03_00000370.wav,,,,,normal,none,high,,,,,,,,,,,,
SAMPLE-3082,test2026/test/normal_id_03_00000371.wav,,,,,normal,none,high,,,,,,,,,,,,
SAMPLE-3083,test2026/test/normal_id_03_00000372.wav,,,,,normal,none,high,,,,,,,,,,,,
SAMPLE-3084,test2026/test/normal_id_03_00000373.wav,,,,,normal,none,high,,,,,,,,,,,,
SAMPLE-3085,test2026/test/normal_id_03_00000374.wav,,,,,normal,none,high,,,,,,,,,,,,
SAMPLE-3086,test2026/test/normal_id_03_00000375.wav,,,,,normal,none,high,,,,,,,,,,,,
SAMPLE-3087,test2026/test/normal_id_03_00000376.wav,,,,,normal,none,high,,,,,,,,,,,,
SAMPLE-3088,test2026/test/normal_id_03_00000377.wav,,,,,normal,none,high,,,,,,,,,,,,
SAMPLE-3089,test2026/test/normal_id_03_00000378.wav,,,,,normal,none,high,,,,,,,,,,,,
SAMPLE-3090,test2026/test/normal_id_03_00000379.wav,,,,,normal,none,high,,,,,,,,,,,,
SAMPLE-3091,test2026/test/normal_id_03_00000380.wav,,,,,normal,none,high,,,,,,,,,,,,
SAMPLE-3092,test2026/test/normal_id_03_00000381.wav,,,,,normal,none,high,,,,,,,,,,,,
SAMPLE-3093,test2026/test/normal_id_03_00000382.wav,,,,,normal,none,high,,,,,,,,,,,,
SAMPLE-3094,test2026/test/normal_id_03_00000383.wav,,,,,normal,none,high,,,,,,,,,,,,
SAMPLE-3095,test2026/test/normal_id_03_00000384.wav,,,,,normal,none,high,,,,,,,,,,,,
SAMPLE-3096,test2026/test/normal_id_03_00000385.wav,,,,,normal,none,high,,,,,,,,,,,,
SAMPLE-3097,test2026/test/normal_id_03_00000386.wav,,,,,normal,none,high,,,,,,,,,,,,
SAMPLE-3098,test2026/test/normal_id_03_00000387.wav,,,,,normal,none,high,,,,,,,,,,,,
SAMPLE-3099,test2026/test/normal_id_03_00000388.wav,,,,,normal,none,high,,,,,,,,,,,,
SAMPLE-3100,test2026/test/normal_id_03_00000389.wav,,,,,normal,none,high,,,,,,,,,,,,
SAMPLE-3101,test2026/test/normal_id_03_00000390.wav,,,,,normal,none,high,,,,,,,,,,,,
SAMPLE-3102,test2026/test/normal_id_03_00000391.wav,,,,,normal,none,high,,,,,,,,,,,,
SAMPLE-3103,test2026/test/normal_id_03_00000392.wav,,,,,normal,none,high,,,,,,,,,,,,
SAMPLE-3104,test2026/test/normal_id_03_00000393.wav,,,,,normal,none,high,,,,,,,,,,,,
SAMPLE-3105,test2026/test/normal_id_03_00000394.wav,,,,,normal,none,high,,,,,,,,,,,,
SAMPLE-3106,test2026/test/normal_id_03_00000395.wav,,,,,normal,none,high,,,,,,,,,,,,
SAMPLE-3107,test2026/test/normal_id_03_00000396.wav,,,,,normal,none,high,,,,,,,,,,,,
SAMPLE-3108,test2026/test/normal_id_03_00000397.wav,,,,,normal,none,high,,,,,,,,,,,,
SAMPLE-3109,test2026/test/normal_id_03_00000398.wav,,,,,normal,none,high,,,,,,,,,,,,
SAMPLE-3110,test2026/test/normal_id_03_00000399.wav,,,,,normal,none,high,,,,,,,,,,,,
SAMPLE-3111,test2026/test/normal_id_03_00000400.wav,,,,,normal,none,high,,,,,,,,,,,,
SAMPLE-3112,test2026/test/normal_id_03_00000401.wav,,,,,normal,none,high,,,,,,,,,,,,
SAMPLE-3113,test2026/test/normal_id_03_00000402.wav,,,,,normal,none,high,,,,,,,,,,,,
SAMPLE-3114,test2026/test/normal_id_03_00000403.wav,,,,,normal,none,high,,,,,,,,,,,,
SAMPLE-3115,test2026/test/normal_id_03_00000404.wav,,,,,normal,none,high,,,,,,,,,,,,
SAMPLE-3116,test2026/test/normal_id_03_00000405.wav,,,,,normal,none,high,,,,,,,,,,,,
SAMPLE-3117,test2026/test/normal_id_03_00000406.wav,,,,,normal,none,high,,,,,,,,,,,,
SAMPLE-3118,test2026/test/normal_id_03_00000407.wav,,,,,normal,none,high,,,,,,,,,,,,
SAMPLE-3119,test2026/test/normal_id_03_00000408.wav,,,,,normal,none,high,,,,,,,,,,,,
SAMPLE-3120,test2026/test/normal_id_03_00000409.wav,,,,,normal,none,high,,,,,,,,,,,,
SAMPLE-3121,test2026/test/normal_id_03_00000410.wav,,,,,normal,none,high,,,,,,,,,,,,
SAMPLE-3122,test2026/test/normal_id_03_00000411.wav,,,,,normal,none,high,,,,,,,,,,,,
SAMPLE-3123,test2026/test/normal_id_03_00000412.wav,,,,,normal,none,high,,,,,,,,,,,,
SAMPLE-3124,test2026/test/normal_id_03_00000413.wav,,,,,normal,none,high,,,,,,,,,,,,
SAMPLE-3125,test2026/test/normal_id_03_00000414.wav,,,,,normal,none,high,,,,,,,,,,,,
SAMPLE-3126,test2026/test/normal_id_03_00000415.wav,,,,,normal,none,high,,,,,,,,,,,,
SAMPLE-3127,test2026/test/normal_id_03_00000416.wav,,,,,normal,none,high,,,,,,,,,,,,
SAMPLE-3128,test2026/test/normal_id_03_00000417.wav,,,,,normal,none,high,,,,,,,,,,,,
SAMPLE-3129,test2026/test/normal_id_03_00000418.wav,,,,,normal,none,high,,,,,,,,,,,,
SAMPLE-3130,test2026/test/normal_id_03_00000419.wav,,,,,normal,none,high,,,,,,,,,,,,
SAMPLE-3131,test2026/test/normal_id_03_00000420.wav,,,,,normal,none,high,,,,,,,,,,,,
SAMPLE-3132,test2026/test/normal_id_03_00000421.wav,,,,,normal,none,high,,,,,,,,,,,,
SAMPLE-3133,test2026/test/normal_id_03_00000422.wav,,,,,normal,none,high,,,,,,,,,,,,
SAMPLE-3134,test2026/test/normal_id_03_00000423.wav,,,,,normal,none,high,,,,,,,,,,,,
SAMPLE-3135,test2026/test/normal_id_03_00000424.wav,,,,,normal,none,high,,,,,,,,,,,,
SAMPLE-3136,test2026/test/normal_id_03_00000425.wav,,,,,normal,none,high,,,,,,,,,,,,
SAMPLE-3137,test2026/test/normal_id_03_00000426.wav,,,,,normal,none,high,,,,,,,,,,,,
SAMPLE-3138,test2026/test/normal_id_03_00000427.wav,,,,,normal,none,high,,,,,,,,,,,,
SAMPLE-3139,test2026/test/normal_id_03_00000428.wav,,,,,normal,none,high,,,,,,,,,,,,
SAMPLE-3140,test2026/test/normal_id_03_00000429.wav,,,,,normal,none,high,,,,,,,,,,,,
SAMPLE-3141,test2026/test/normal_id_03_00000430.wav,,,,,normal,none,high,,,,,,,,,,,,
SAMPLE-3142,test2026/test/normal_id_03_00000431.wav,,,,,normal,none,high,,,,,,,,,,,,
SAMPLE-3143,test2026/test/normal_id_03_00000432.wav,,,,,normal,none,high,,,,,,,,,,,,
SAMPLE-3144,test2026/test/normal_id_03_00000433.wav,,,,,normal,none,high,,,,,,,,,,,,
SAMPLE-3145,test2026/test/normal_id_03_00000434.wav,,,,,normal,none,high,,,,,,,,,,,,
SAMPLE-3146,test2026/test/normal_id_03_00000435.wav,,,,,normal,none,high,,,,,,,,,,,,
SAMPLE-3147,test2026/test/normal_id_03_00000436.wav,,,,,normal,none,high,,,,,,,,,,,,
SAMPLE-3148,test2026/test/normal_id_03_00000437.wav,,,,,normal,none,high,,,,,,,,,,,,
SAMPLE-3149,test2026/test/normal_id_03_00000438.wav,,,,,normal,none,high,,,,,,,,,,,,
SAMPLE-3150,test2026/test/normal_id_03_00000439.wav,,,,,normal,none,high,,,,,,,,,,,,
SAMPLE-3151,test2026/test/normal_id_03_00000440.wav,,,,,normal,none,high,,,,,,,,,,,,
SAMPLE-3152,test2026/test/normal_id_03_00000441.wav,,,,,normal,none,high,,,,,,,,,,,,
SAMPLE-3153,test2026/test/normal_id_03_00000442.wav,,,,,normal,none,high,,,,,,,,,,,,
SAMPLE-3154,test2026/test/normal_id_03_00000443.wav,,,,,normal,none,high,,,,,,,,,,,,
SAMPLE-3155,test2026/test/normal_id_03_00000444.wav,,,,,normal,none,high,,,,,,,,,,,,
SAMPLE-3156,test2026/test/normal_id_03_00000445.wav,,,,,normal,none,high,,,,,,,,,,,,
SAMPLE-3157,test2026/test/normal_id_03_00000446.wav,,,,,normal,none,high,,,,,,,,,,,,
SAMPLE-3158,test2026/test/normal_id_03_00000447.wav,,,,,normal,none,high,,,,,,,,,,,,
SAMPLE-3159,test2026/test/normal_id_03_00000448.wav,,,,,normal,none,high,,,,,,,,,,,,
SAMPLE-3160,test2026/test/normal_id_03_00000449.wav,,,,,normal,none,high,,,,,,,,,,,,
SAMPLE-3161,test2026/test/normal_id_03_00000450.wav,,,,,normal,none,high,,,,,,,,,,,,
SAMPLE-3162,test2026/test/normal_id_03_00000451.wav,,,,,normal,none,high,,,,,,,,,,,,
SAMPLE-3163,test2026/test/normal_id_03_00000452.wav,,,,,normal,none,high,,,,,,,,,,,,
SAMPLE-3164,test2026/test/normal_id_03_00000453.wav,,,,,normal,none,high,,,,,,,,,,,,
SAMPLE-3165,test2026/test/normal_id_03_00000454.wav,,,,,normal,none,high,,,,,,,,,,,,
SAMPLE-3166,test2026/test/normal_id_03_00000455.wav,,,,,normal,none,high,,,,,,,,,,,,
SAMPLE-3167,test2026/test/normal_id_03_00000456.wav,,,,,normal,none,high,,,,,,,,,,,,
SAMPLE-3168,test2026/test/normal_id_03_00000457.wav,,,,,normal,none,high,,,,,,,,,,,,
SAMPLE-3169,test2026/test/normal_id_03_00000458.wav,,,,,normal,none,high,,,,,,,,,,,,
SAMPLE-3170,test2026/test/normal_id_03_00000459.wav,,,,,normal,none,high,,,,,,,,,,,,
SAMPLE-3171,test2026/test/normal_id_03_00000460.wav,,,,,normal,none,high,,,,,,,,,,,,
SAMPLE-3172,test2026/test/normal_id_03_00000461.wav,,,,,normal,none,high,,,,,,,,,,,,
SAMPLE-3173,test2026/test/normal_id_03_00000462.wav,,,,,normal,none,high,,,,,,,,,,,,
SAMPLE-3174,test2026/test/normal_id_03_00000463.wav,,,,,normal,none,high,,,,,,,,,,,,
SAMPLE-3175,test2026/test/normal_id_03_00000464.wav,,,,,normal,none,high,,,,,,,,,,,,
SAMPLE-3176,test2026/test/normal_id_03_00000465.wav,,,,,normal,none,high,,,,,,,,,,,,
SAMPLE-3177,test2026/test/normal_id_03_00000466.wav,,,,,normal,none,high,,,,,,,,,,,,
SAMPLE-3178,test2026/test/normal_id_03_00000467.wav,,,,,normal,none,high,,,,,,,,,,,,
SAMPLE-3179,test2026/test/normal_id_03_00000468.wav,,,,,normal,none,high,,,,,,,,,,,,
SAMPLE-3180,test2026/test/normal_id_03_00000469.wav,,,,,normal,none,high,,,,,,,,,,,,
SAMPLE-3181,test2026/test/normal_id_03_00000470.wav,,,,,normal,none,high,,,,,,,,,,,,
SAMPLE-3182,test2026/test/normal_id_03_00000471.wav,,,,,normal,none,high,,,,,,,,,,,,
SAMPLE-3183,test2026/test/normal_id_03_00000472.wav,,,,,normal,none,high,,,,,,,,,,,,
SAMPLE-3184,test2026/test/normal_id_03_00000473.wav,,,,,normal,none,high,,,,,,,,,,,,
SAMPLE-3185,test2026/test/normal_id_03_00000474.wav,,,,,normal,none,high,,,,,,,,,,,,
SAMPLE-3186,test2026/test/normal_id_03_00000475.wav,,,,,normal,none,high,,,,,,,,,,,,
SAMPLE-3187,test2026/test/normal_id_03_00000476.wav,,,,,normal,none,high,,,,,,,,,,,,
SAMPLE-3188,test2026/test/normal_id_03_00000477.wav,,,,,normal,none,high,,,,,,,,,,,,
SAMPLE-3189,test2026/test/normal_id_03_00000478.wav,,,,,normal,none,high,,,,,,,,,,,,
SAMPLE-3190,test2026/test/normal_id_03_00000479.wav,,,,,normal,none,high,,,,,,,,,,,,
SAMPLE-3191,test2026/test/normal_id_03_00000480.wav,,,,,normal,none,high,,,,,,,,,,,,
SAMPLE-3192,test2026/test/normal_id_03_00000481.wav,,,,,normal,none,high,,,,,,,,,,,,
SAMPLE-3193,test2026/test/normal_id_03_00000482.wav,,,,,normal,none,high,,,,,,,,,,,,
SAMPLE-3194,test2026/test/normal_id_03_00000483.wav,,,,,normal,none,high,,,,,,,,,,,,
SAMPLE-3195,test2026/test/normal_id_03_00000484.wav,,,,,normal,none,high,,,,,,,,,,,,
SAMPLE-3196,test2026/test/normal_id_03_00000485.wav,,,,,normal,none,high,,,,,,,,,,,,
SAMPLE-3197,test2026/test/normal_id_03_00000486.wav,,,,,normal,none,high,,,,,,,,,,,,
SAMPLE-3198,test2026/test/normal_id_03_00000487.wav,,,,,normal,none,high,,,,,,,,,,,,
SAMPLE-3199,test2026/test/normal_id_03_00000488.wav,,,,,normal,none,high,,,,,,,,,,,,
SAMPLE-3200,test2026/test/normal_id_03_00000489.wav,,,,,normal,none,high,,,,,,,,,,,,
SAMPLE-3201,test2026/test/normal_id_03_00000490.wav,,,,,normal,none,high,,,,,,,,,,,,
SAMPLE-3202,test2026/test/normal_id_03_00000491.wav,,,,,normal,none,high,,,,,,,,,,,,
SAMPLE-3203,test2026/test/normal_id_03_00000492.wav,,,,,normal,none,high,,,,,,,,,,,,
SAMPLE-3204,test2026/test/normal_id_03_00000493.wav,,,,,normal,none,high,,,,,,,,,,,,
SAMPLE-3205,test2026/test/normal_id_03_00000494.wav,,,,,normal,none,high,,,,,,,,,,,,
SAMPLE-3206,test2026/test/normal_id_03_00000495.wav,,,,,normal,none,high,,,,,,,,,,,,
SAMPLE-3207,test2026/test/normal_id_03_00000496.wav,,,,,normal,none,high,,,,,,,,,,,,
SAMPLE-3208,test2026/test/normal_id_03_00000497.wav,,,,,normal,none,high,,,,,,,,,,,,
SAMPLE-3209,test2026/test/normal_id_03_00000498.wav,,,,,normal,none,high,,,,,,,,,,,,
SAMPLE-3210,test2026/test/normal_id_03_00000499.wav,,,,,normal,none,high,,,,,,,,,,,,
SAMPLE-3211,test2026/test/normal_id_03_00000500.wav,,,,,normal,none,high,,,,,,,,,,,,
SAMPLE-3212,test2026/test/normal_id_03_00000501.wav,,,,,normal,none,high,,,,,,,,,,,,
SAMPLE-3213,test2026/test/normal_id_03_00000502.wav,,,,,normal,none,high,,,,,,,,,,,,
SAMPLE-3214,test2026/test/normal_id_03_00000503.wav,,,,,normal,none,high,,,,,,,,,,,,
SAMPLE-3215,test2026/test/normal_id_03_00000504.wav,,,,,normal,none,high,,,,,,,,,,,,
SAMPLE-3216,test2026/test/normal_id_03_00000505.wav,,,,,normal,none,high,,,,,,,,,,,,
SAMPLE-3217,test2026/test/normal_id_03_00000506.wav,,,,,normal,none,high,,,,,,,,,,,,
SAMPLE-3218,test2026/test/normal_id_03_00000507.wav,,,,,normal,none,high,,,,,,,,,,,,
SAMPLE-3219,test2026/test/normal_id_03_00000508.wav,,,,,normal,none,high,,,,,,,,,,,,
SAMPLE-3220,test2026/test/normal_id_03_00000509.wav,,,,,normal,none,high,,,,,,,,,,,,
SAMPLE-3221,test2026/test/normal_id_03_00000510.wav,,,,,normal,none,high,,,,,,,,,,,,
SAMPLE-3222,test2026/test/normal_id_03_00000511.wav,,,,,normal,none,high,,,,,,,,,,,,
SAMPLE-3223,test2026/test/normal_id_03_00000512.wav,,,,,normal,none,high,,,,,,,,,,,,
SAMPLE-3224,test2026/test/normal_id_03_00000513.wav,,,,,normal,none,high,,,,,,,,,,,,
SAMPLE-3225,test2026/test/normal_id_03_00000514.wav,,,,,normal,none,high,,,,,,,,,,,,
SAMPLE-3226,test2026/test/normal_id_03_00000515.wav,,,,,normal,none,high,,,,,,,,,,,,
SAMPLE-3227,test2026/test/normal_id_03_00000516.wav,,,,,normal,none,high,,,,,,,,,,,,
SAMPLE-3228,test2026/test/normal_id_03_00000517.wav,,,,,normal,none,high,,,,,,,,,,,,
SAMPLE-3229,test2026/test/normal_id_03_00000518.wav,,,,,normal,none,high,,,,,,,,,,,,
SAMPLE-3230,test2026/test/normal_id_03_00000519.wav,,,,,normal,none,high,,,,,,,,,,,,
SAMPLE-3231,test2026/test/normal_id_03_00000520.wav,,,,,normal,none,high,,,,,,,,,,,,
SAMPLE-3232,test2026/test/normal_id_03_00000521.wav,,,,,normal,none,high,,,,,,,,,,,,
SAMPLE-3233,test2026/test/normal_id_03_00000522.wav,,,,,normal,none,high,,,,,,,,,,,,
SAMPLE-3234,test2026/test/normal_id_03_00000523.wav,,,,,normal,none,high,,,,,,,,,,,,
SAMPLE-3235,test2026/test/normal_id_03_00000524.wav,,,,,normal,none,high,,,,,,,,,,,,
SAMPLE-3236,test2026/test/normal_id_03_00000525.wav,,,,,normal,none,high,,,,,,,,,,,,
SAMPLE-3237,test2026/test/normal_id_03_00000526.wav,,,,,normal,none,high,,,,,,,,,,,,
SAMPLE-3238,test2026/test/normal_id_03_00000527.wav,,,,,normal,none,high,,,,,,,,,,,,
SAMPLE-3239,test2026/test/normal_id_03_00000528.wav,,,,,normal,none,high,,,,,,,,,,,,
SAMPLE-3240,test2026/test/normal_id_03_00000529.wav,,,,,normal,none,high,,,,,,,,,,,,
SAMPLE-3241,test2026/test/normal_id_03_00000530.wav,,,,,normal,none,high,,,,,,,,,,,,
SAMPLE-3242,test2026/test/normal_id_03_00000531.wav,,,,,normal,none,high,,,,,,,,,,,,
SAMPLE-3243,test2026/test/normal_id_03_00000532.wav,,,,,normal,none,high,,,,,,,,,,,,
SAMPLE-3244,test2026/test/normal_id_03_00000533.wav,,,,,normal,none,high,,,,,,,,,,,,
SAMPLE-3245,test2026/test/normal_id_03_00000534.wav,,,,,normal,none,high,,,,,,,,,,,,
SAMPLE-3246,test2026/test/normal_id_03_00000535.wav,,,,,normal,none,high,,,,,,,,,,,,
SAMPLE-3247,test2026/test/normal_id_03_00000536.wav,,,,,normal,none,high,,,,,,,,,,,,
SAMPLE-3248,test2026/test/normal_id_03_00000537.wav,,,,,normal,none,high,,,,,,,,,,,,
SAMPLE-3249,test2026/test/normal_id_03_00000538.wav,,,,,normal,none,high,,,,,,,,,,,,
SAMPLE-3250,test2026/test/normal_id_03_00000539.wav,,,,,normal,none,high,,,,,,,,,,,,
SAMPLE-3251,test2026/test/normal_id_03_00000540.wav,,,,,normal,none,high,,,,,,,,,,,,
SAMPLE-3252,test2026/test/normal_id_03_00000541.wav,,,,,normal,none,high,,,,,,,,,,,,
SAMPLE-3253,test2026/test/normal_id_03_00000542.wav,,,,,normal,none,high,,,,,,,,,,,,
SAMPLE-3254,test2026/test/normal_id_03_00000543.wav,,,,,normal,none,high,,,,,,,,,,,,
SAMPLE-3255,test2026/test/normal_id_03_00000544.wav,,,,,normal,none,high,,,,,,,,,,,,
SAMPLE-3256,test2026/test/normal_id_03_00000545.wav,,,,,normal,none,high,,,,,,,,,,,,
SAMPLE-3257,test2026/test/normal_id_03_00000546.wav,,,,,normal,none,high,,,,,,,,,,,,
SAMPLE-3258,test2026/test/normal_id_03_00000547.wav,,,,,normal,none,high,,,,,,,,,,,,
SAMPLE-3259,test2026/test/normal_id_03_00000548.wav,,,,,normal,none,high,,,,,,,,,,,,
SAMPLE-3260,test2026/test/normal_id_03_00000549.wav,,,,,normal,none,high,,,,,,,,,,,,
SAMPLE-3261,test2026/test/normal_id_03_00000550.wav,,,,,normal,none,high,,,,,,,,,,,,
SAMPLE-3262,test2026/test/normal_id_03_00000551.wav,,,,,normal,none,high,,,,,,,,,,,,
SAMPLE-3263,test2026/test/normal_id_03_00000552.wav,,,,,normal,none,high,,,,,,,,,,,,
SAMPLE-3264,test2026/test/normal_id_03_00000553.wav,,,,,normal,none,high,,,,,,,,,,,,
SAMPLE-3265,test2026/test/normal_id_03_00000554.wav,,,,,normal,none,high,,,,,,,,,,,,
SAMPLE-3266,test2026/test/normal_id_03_00000555.wav,,,,,normal,none,high,,,,,,,,,,,,
SAMPLE-3267,test2026/test/normal_id_03_00000556.wav,,,,,normal,none,high,,,,,,,,,,,,
SAMPLE-3268,test2026/test/normal_id_03_00000557.wav,,,,,normal,none,high,,,,,,,,,,,,
SAMPLE-3269,test2026/test/normal_id_03_00000558.wav,,,,,normal,none,high,,,,,,,,,,,,
SAMPLE-3270,test2026/test/normal_id_03_00000559.wav,,,,,normal,none,high,,,,,,,,,,,,
SAMPLE-3271,test2026/test/normal_id_03_00000560.wav,,,,,normal,none,high,,,,,,,,,,,,
SAMPLE-3272,test2026/test/normal_id_03_00000561.wav,,,,,normal,none,high,,,,,,,,,,,,
SAMPLE-3273,test2026/test/normal_id_03_00000562.wav,,,,,normal,none,high,,,,,,,,,,,,
SAMPLE-3274,test2026/test/normal_id_03_00000563.wav,,,,,normal,none,high,,,,,,,,,,,,
SAMPLE-3275,test2026/test/normal_id_03_00000564.wav,,,,,normal,none,high,,,,,,,,,,,,
SAMPLE-3276,test2026/test/normal_id_03_00000565.wav,,,,,normal,none,high,,,,,,,,,,,,
SAMPLE-3277,test2026/test/normal_id_03_00000566.wav,,,,,normal,none,high,,,,,,,,,,,,
SAMPLE-3278,test2026/test/normal_id_03_00000567.wav,,,,,normal,none,high,,,,,,,,,,,,
SAMPLE-3279,test2026/test/normal_id_03_00000568.wav,,,,,normal,none,high,,,,,,,,,,,,
SAMPLE-3280,test2026/test/normal_id_03_00000569.wav,,,,,normal,none,high,,,,,,,,,,,,
SAMPLE-3281,test2026/test/normal_id_03_00000570.wav,,,,,normal,none,high,,,,,,,,,,,,
SAMPLE-3282,test2026/test/normal_id_03_00000571.wav,,,,,normal,none,high,,,,,,,,,,,,
SAMPLE-3283,test2026/test/normal_id_03_00000572.wav,,,,,normal,none,high,,,,,,,,,,,,
SAMPLE-3284,test2026/test/normal_id_03_00000573.wav,,,,,normal,none,high,,,,,,,,,,,,
SAMPLE-3285,test2026/test/normal_id_03_00000574.wav,,,,,normal,none,high,,,,,,,,,,,,
SAMPLE-3286,test2026/test/normal_id_03_00000575.wav,,,,,normal,none,high,,,,,,,,,,,,
SAMPLE-3287,test2026/test/normal_id_03_00000576.wav,,,,,normal,none,high,,,,,,,,,,,,
SAMPLE-3288,test2026/test/normal_id_03_00000577.wav,,,,,normal,none,high,,,,,,,,,,,,
SAMPLE-3289,test2026/test/normal_id_03_00000578.wav,,,,,normal,none,high,,,,,,,,,,,,
SAMPLE-3290,test2026/test/normal_id_03_00000579.wav,,,,,normal,none,high,,,,,,,,,,,,
SAMPLE-3291,test2026/test/normal_id_03_00000580.wav,,,,,normal,none,high,,,,,,,,,,,,
SAMPLE-3292,test2026/test/normal_id_03_00000581.wav,,,,,normal,none,high,,,,,,,,,,,,
SAMPLE-3293,test2026/test/normal_id_03_00000582.wav,,,,,normal,none,high,,,,,,,,,,,,
SAMPLE-3294,test2026/test/normal_id_03_00000583.wav,,,,,normal,none,high,,,,,,,,,,,,
SAMPLE-3295,test2026/test/normal_id_03_00000584.wav,,,,,normal,none,high,,,,,,,,,,,,
SAMPLE-3296,test2026/test/normal_id_03_00000585.wav,,,,,normal,none,high,,,,,,,,,,,,
SAMPLE-3297,test2026/test/normal_id_03_00000586.wav,,,,,normal,none,high,,,,,,,,,,,,
SAMPLE-3298,test2026/test/normal_id_03_00000587.wav,,,,,normal,none,high,,,,,,,,,,,,
SAMPLE-3299,test2026/test/normal_id_03_00000588.wav,,,,,normal,none,high,,,,,,,,,,,,
SAMPLE-3300,test2026/test/normal_id_03_00000589.wav,,,,,normal,none,high,,,,,,,,,,,,
SAMPLE-3301,test2026/test/normal_id_03_00000590.wav,,,,,normal,none,high,,,,,,,,,,,,
SAMPLE-3302,test2026/test/normal_id_03_00000591.wav,,,,,normal,none,high,,,,,,,,,,,,
SAMPLE-3303,test2026/test/normal_id_03_00000592.wav,,,,,normal,none,high,,,,,,,,,,,,
SAMPLE-3304,test2026/test/normal_id_03_00000593.wav,,,,,normal,none,high,,,,,,,,,,,,
SAMPLE-3305,test2026/test/normal_id_03_00000594.wav,,,,,normal,none,high,,,,,,,,,,,,
SAMPLE-3306,test2026/test/normal_id_03_00000595.wav,,,,,normal,none,high,,,,,,,,,,,,
SAMPLE-3307,test2026/test/normal_id_03_00000596.wav,,,,,normal,none,high,,,,,,,,,,,,
SAMPLE-3308,test2026/test/normal_id_03_00000597.wav,,,,,normal,none,high,,,,,,,,,,,,
SAMPLE-3309,test2026/test/normal_id_03_00000598.wav,,,,,normal,none,high,,,,,,,,,,,,
SAMPLE-3310,test2026/test/normal_id_03_00000599.wav,,,,,normal,none,high,,,,,,,,,,,,
SAMPLE-3311,test2026/test/normal_id_03_00000600.wav,,,,,normal,none,high,,,,,,,,,,,,
SAMPLE-3312,test2026/test/normal_id_03_00000601.wav,,,,,normal,none,high,,,,,,,,,,,,
SAMPLE-3313,test2026/test/normal_id_03_00000602.wav,,,,,normal,none,high,,,,,,,,,,,,
SAMPLE-3314,test2026/test/normal_id_03_00000603.wav,,,,,normal,none,high,,,,,,,,,,,,
SAMPLE-3315,test2026/test/normal_id_03_00000604.wav,,,,,normal,none,high,,,,,,,,,,,,
SAMPLE-3316,test2026/test/normal_id_03_00000605.wav,,,,,normal,none,high,,,,,,,,,,,,
SAMPLE-3317,test2026/test/normal_id_03_00000606.wav,,,,,normal,none,high,,,,,,,,,,,,
SAMPLE-3318,test2026/test/normal_id_03_00000607.wav,,,,,normal,none,high,,,,,,,,,,,,
SAMPLE-3319,test2026/test/normal_id_03_00000608.wav,,,,,normal,none,high,,,,,,,,,,,,
SAMPLE-3320,test2026/test/normal_id_03_00000609.wav,,,,,normal,none,high,,,,,,,,,,,,
SAMPLE-3321,test2026/test/normal_id_03_00000610.wav,,,,,normal,none,high,,,,,,,,,,,,
SAMPLE-3322,test2026/test/normal_id_03_00000611.wav,,,,,normal,none,high,,,,,,,,,,,,
SAMPLE-3323,test2026/test/normal_id_03_00000612.wav,,,,,normal,none,high,,,,,,,,,,,,
SAMPLE-3324,test2026/test/normal_id_03_00000613.wav,,,,,normal,none,high,,,,,,,,,,,,
SAMPLE-3325,test2026/test/normal_id_03_00000614.wav,,,,,normal,none,high,,,,,,,,,,,,
SAMPLE-3326,test2026/test/normal_id_03_00000615.wav,,,,,normal,none,high,,,,,,,,,,,,
SAMPLE-3327,test2026/test/normal_id_03_00000616.wav,,,,,normal,none,high,,,,,,,,,,,,
SAMPLE-3328,test2026/test/normal_id_03_00000617.wav,,,,,normal,none,high,,,,,,,,,,,,
SAMPLE-3329,test2026/test/normal_id_03_00000618.wav,,,,,normal,none,high,,,,,,,,,,,,
SAMPLE-3330,test2026/test/normal_id_03_00000619.wav,,,,,normal,none,high,,,,,,,,,,,,
SAMPLE-3331,test2026/test/normal_id_03_00000620.wav,,,,,normal,none,high,,,,,,,,,,,,
SAMPLE-3332,test2026/test/normal_id_03_00000621.wav,,,,,normal,none,high,,,,,,,,,,,,
SAMPLE-3333,test2026/test/normal_id_03_00000622.wav,,,,,normal,none,high,,,,,,,,,,,,
SAMPLE-3334,test2026/test/normal_id_03_00000623.wav,,,,,normal,none,high,,,,,,,,,,,,
SAMPLE-3335,test2026/test/normal_id_03_00000624.wav,,,,,normal,none,high,,,,,,,,,,,,
SAMPLE-3336,test2026/test/normal_id_03_00000625.wav,,,,,normal,none,high,,,,,,,,,,,,
SAMPLE-3337,test2026/test/normal_id_03_00000626.wav,,,,,normal,none,high,,,,,,,,,,,,
SAMPLE-3338,test2026/test/normal_id_03_00000627.wav,,,,,normal,none,high,,,,,,,,,,,,
SAMPLE-3339,test2026/test/normal_id_03_00000628.wav,,,,,normal,none,high,,,,,,,,,,,,
SAMPLE-3340,test2026/test/normal_id_03_00000629.wav,,,,,normal,none,high,,,,,,,,,,,,
SAMPLE-3341,test2026/test/normal_id_03_00000630.wav,,,,,normal,none,high,,,,,,,,,,,,
SAMPLE-3342,test2026/test/normal_id_03_00000631.wav,,,,,normal,none,high,,,,,,,,,,,,
SAMPLE-3343,test2026/test/normal_id_03_00000632.wav,,,,,normal,none,high,,,,,,,,,,,,
SAMPLE-3344,test2026/test/normal_id_03_00000633.wav,,,,,normal,none,high,,,,,,,,,,,,
SAMPLE-3345,test2026/test/normal_id_03_00000634.wav,,,,,normal,none,high,,,,,,,,,,,,
SAMPLE-3346,test2026/test/normal_id_03_00000635.wav,,,,,normal,none,high,,,,,,,,,,,,
SAMPLE-3347,test2026/test/normal_id_03_00000636.wav,,,,,normal,none,high,,,,,,,,,,,,
SAMPLE-3348,test2026/test/normal_id_03_00000637.wav,,,,,normal,none,high,,,,,,,,,,,,
SAMPLE-3349,test2026/test/normal_id_03_00000638.wav,,,,,normal,none,high,,,,,,,,,,,,
SAMPLE-3350,test2026/test/normal_id_03_00000639.wav,,,,,normal,none,high,,,,,,,,,,,,
SAMPLE-3351,test2026/test/normal_id_03_00000640.wav,,,,,normal,none,high,,,,,,,,,,,,
SAMPLE-3352,test2026/test/normal_id_03_00000641.wav,,,,,normal,none,high,,,,,,,,,,,,
SAMPLE-3353,test2026/test/normal_id_03_00000642.wav,,,,,normal,none,high,,,,,,,,,,,,
SAMPLE-3354,test2026/test/normal_id_03_00000643.wav,,,,,normal,none,high,,,,,,,,,,,,
SAMPLE-3355,test2026/test/normal_id_03_00000644.wav,,,,,normal,none,high,,,,,,,,,,,,
SAMPLE-3356,test2026/test/normal_id_03_00000645.wav,,,,,normal,none,high,,,,,,,,,,,,
SAMPLE-3357,test2026/test/normal_id_03_00000646.wav,,,,,normal,none,high,,,,,,,,,,,,
SAMPLE-3358,test2026/test/normal_id_03_00000647.wav,,,,,normal,none,high,,,,,,,,,,,,
SAMPLE-3359,test2026/test/normal_id_03_00000648.wav,,,,,normal,none,high,,,,,,,,,,,,
SAMPLE-3360,test2026/test/normal_id_03_00000649.wav,,,,,normal,none,high,,,,,,,,,,,,
SAMPLE-3361,test2026/test/normal_id_03_00000650.wav,,,,,normal,none,high,,,,,,,,,,,,
SAMPLE-3362,test2026/test/normal_id_03_00000651.wav,,,,,normal,none,high,,,,,,,,,,,,
SAMPLE-3363,test2026/test/normal_id_03_00000652.wav,,,,,normal,none,high,,,,,,,,,,,,
SAMPLE-3364,test2026/test/normal_id_03_00000653.wav,,,,,normal,none,high,,,,,,,,,,,,
SAMPLE-3365,test2026/test/normal_id_03_00000654.wav,,,,,normal,none,high,,,,,,,,,,,,
SAMPLE-3366,test2026/test/normal_id_03_00000655.wav,,,,,normal,none,high,,,,,,,,,,,,
SAMPLE-3367,test2026/test/normal_id_03_00000656.wav,,,,,normal,none,high,,,,,,,,,,,,
SAMPLE-3368,test2026/test/normal_id_03_00000657.wav,,,,,normal,none,high,,,,,,,,,,,,
SAMPLE-3369,test2026/test/normal_id_03_00000658.wav,,,,,normal,none,high,,,,,,,,,,,,
SAMPLE-3370,test2026/test/normal_id_03_00000659.wav,,,,,normal,none,high,,,,,,,,,,,,
SAMPLE-3371,test2026/test/normal_id_03_00000660.wav,,,,,normal,none,high,,,,,,,,,,,,
SAMPLE-3372,test2026/test/normal_id_03_00000661.wav,,,,,normal,none,high,,,,,,,,,,,,
SAMPLE-3373,test2026/test/normal_id_03_00000662.wav,,,,,normal,none,high,,,,,,,,,,,,
SAMPLE-3374,test2026/test/normal_id_03_00000663.wav,,,,,normal,none,high,,,,,,,,,,,,
SAMPLE-3375,test2026/test/normal_id_03_00000664.wav,,,,,normal,none,high,,,,,,,,,,,,
SAMPLE-3376,test2026/test/normal_id_03_00000665.wav,,,,,normal,none,high,,,,,,,,,,,,
SAMPLE-3377,test2026/test/normal_id_03_00000666.wav,,,,,normal,none,high,,,,,,,,,,,,
SAMPLE-3378,test2026/test/normal_id_03_00000667.wav,,,,,normal,none,high,,,,,,,,,,,,
SAMPLE-3379,test2026/test/normal_id_03_00000668.wav,,,,,normal,none,high,,,,,,,,,,,,
SAMPLE-3380,test2026/test/normal_id_03_00000669.wav,,,,,normal,none,high,,,,,,,,,,,,
SAMPLE-3381,test2026/test/normal_id_03_00000670.wav,,,,,normal,none,high,,,,,,,,,,,,
SAMPLE-3382,test2026/test/normal_id_03_00000671.wav,,,,,normal,none,high,,,,,,,,,,,,
SAMPLE-3383,test2026/test/normal_id_03_00000672.wav,,,,,normal,none,high,,,,,,,,,,,,
SAMPLE-3384,test2026/test/normal_id_03_00000673.wav,,,,,normal,none,high,,,,,,,,,,,,
SAMPLE-3385,test2026/test/normal_id_03_00000674.wav,,,,,normal,none,high,,,,,,,,,,,,
SAMPLE-3386,test2026/test/normal_id_03_00000675.wav,,,,,normal,none,high,,,,,,,,,,,,
SAMPLE-3387,test2026/test/normal_id_03_00000676.wav,,,,,normal,none,high,,,,,,,,,,,,
SAMPLE-3388,test2026/test/normal_id_03_00000677.wav,,,,,normal,none,high,,,,,,,,,,,,
SAMPLE-3389,test2026/test/normal_id_03_00000678.wav,,,,,normal,none,high,,,,,,,,,,,,
SAMPLE-3390,test2026/test/normal_id_03_00000679.wav,,,,,normal,none,high,,,,,,,,,,,,
SAMPLE-3391,test2026/test/normal_id_03_00000680.wav,,,,,normal,none,high,,,,,,,,,,,,
SAMPLE-3392,test2026/test/normal_id_03_00000681.wav,,,,,normal,none,high,,,,,,,,,,,,
SAMPLE-3393,test2026/test/normal_id_03_00000682.wav,,,,,normal,none,high,,,,,,,,,,,,
SAMPLE-3394,test2026/test/normal_id_03_00000683.wav,,,,,normal,none,high,,,,,,,,,,,,
SAMPLE-3395,test2026/test/normal_id_03_00000684.wav,,,,,normal,none,high,,,,,,,,,,,,
SAMPLE-3396,test2026/test/normal_id_03_00000685.wav,,,,,normal,none,high,,,,,,,,,,,,
SAMPLE-3397,test2026/test/normal_id_03_00000686.wav,,,,,normal,none,high,,,,,,,,,,,,
SAMPLE-3398,test2026/test/normal_id_03_00000687.wav,,,,,normal,none,high,,,,,,,,,,,,
SAMPLE-3399,test2026/test/normal_id_03_00000688.wav,,,,,normal,none,high,,,,,,,,,,,,
SAMPLE-3400,test2026/test/normal_id_03_00000689.wav,,,,,normal,none,high,,,,,,,,,,,,
SAMPLE-3401,test2026/test/normal_id_03_00000690.wav,,,,,normal,none,high,,,,,,,,,,,,
SAMPLE-3402,test2026/test/normal_id_03_00000691.wav,,,,,normal,none,high,,,,,,,,,,,,
SAMPLE-3403,test2026/test/normal_id_03_00000692.wav,,,,,normal,none,high,,,,,,,,,,,,
SAMPLE-3404,test2026/test/normal_id_03_00000693.wav,,,,,normal,none,high,,,,,,,,,,,,
SAMPLE-3405,test2026/test/normal_id_03_00000694.wav,,,,,normal,none,high,,,,,,,,,,,,
SAMPLE-3406,test2026/test/normal_id_03_00000695.wav,,,,,normal,none,high,,,,,,,,,,,,
SAMPLE-3407,test2026/test/normal_id_03_00000696.wav,,,,,normal,none,high,,,,,,,,,,,,
SAMPLE-3408,test2026/test/normal_id_03_00000697.wav,,,,,normal,none,high,,,,,,,,,,,,
SAMPLE-3409,test2026/test/normal_id_03_00000698.wav,,,,,normal,none,high,,,,,,,,,,,,
SAMPLE-3410,test2026/test/normal_id_03_00000699.wav,,,,,normal,none,high,,,,,,,,,,,,
SAMPLE-3411,test2026/test/normal_id_03_00000700.wav,,,,,normal,none,high,,,,,,,,,,,,
SAMPLE-3412,test2026/test/normal_id_03_00000701.wav,,,,,normal,none,high,,,,,,,,,,,,
SAMPLE-3413,test2026/test/normal_id_03_00000702.wav,,,,,normal,none,high,,,,,,,,,,,,
SAMPLE-3414,test2026/test/normal_id_03_00000703.wav,,,,,normal,none,high,,,,,,,,,,,,
SAMPLE-3415,test2026/test/normal_id_03_00000704.wav,,,,,normal,none,high,,,,,,,,,,,,
SAMPLE-3416,test2026/test/normal_id_03_00000705.wav,,,,,normal,none,high,,,,,,,,,,,,
SAMPLE-3417,test2026/test/normal_id_03_00000706.wav,,,,,normal,none,high,,,,,,,,,,,,
SAMPLE-3418,test2026/test/normal_id_03_00000707.wav,,,,,normal,none,high,,,,,,,,,,,,
SAMPLE-3419,test2026/test/normal_id_03_00000708.wav,,,,,normal,none,high,,,,,,,,,,,,
SAMPLE-3420,test2026/test/normal_id_03_00000709.wav,,,,,normal,none,high,,,,,,,,,,,,
SAMPLE-3421,test2026/test/normal_id_03_00000710.wav,,,,,normal,none,high,,,,,,,,,,,,
SAMPLE-3422,test2026/test/normal_id_03_00000711.wav,,,,,normal,none,high,,,,,,,,,,,,
SAMPLE-3423,test2026/test/normal_id_03_00000712.wav,,,,,normal,none,high,,,,,,,,,,,,
SAMPLE-3424,test2026/test/normal_id_03_00000713.wav,,,,,normal,none,high,,,,,,,,,,,,
SAMPLE-3425,test2026/test/normal_id_03_00000714.wav,,,,,normal,none,high,,,,,,,,,,,,
SAMPLE-3426,test2026/test/normal_id_03_00000715.wav,,,,,normal,none,high,,,,,,,,,,,,
SAMPLE-3427,test2026/test/normal_id_03_00000716.wav,,,,,normal,none,high,,,,,,,,,,,,
SAMPLE-3428,test2026/test/normal_id_03_00000717.wav,,,,,normal,none,high,,,,,,,,,,,,
SAMPLE-3429,test2026/test/normal_id_03_00000718.wav,,,,,normal,none,high,,,,,,,,,,,,
SAMPLE-3430,test2026/test/normal_id_03_00000719.wav,,,,,normal,none,high,,,,,,,,,,,,
SAMPLE-3431,test2026/test/normal_id_03_00000720.wav,,,,,normal,none,high,,,,,,,,,,,,
SAMPLE-3432,test2026/test/normal_id_03_00000721.wav,,,,,normal,none,high,,,,,,,,,,,,
SAMPLE-3433,test2026/test/normal_id_03_00000722.wav,,,,,normal,none,high,,,,,,,,,,,,
SAMPLE-3434,test2026/test/normal_id_03_00000723.wav,,,,,normal,none,high,,,,,,,,,,,,
SAMPLE-3435,test2026/test/normal_id_03_00000724.wav,,,,,normal,none,high,,,,,,,,,,,,
SAMPLE-3436,test2026/test/normal_id_03_00000725.wav,,,,,normal,none,high,,,,,,,,,,,,
SAMPLE-3437,test2026/test/normal_id_03_00000726.wav,,,,,normal,none,high,,,,,,,,,,,,
SAMPLE-3438,test2026/test/normal_id_03_00000727.wav,,,,,normal,none,high,,,,,,,,,,,,
SAMPLE-3439,test2026/test/normal_id_03_00000728.wav,,,,,normal,none,high,,,,,,,,,,,,
SAMPLE-3440,test2026/test/normal_id_03_00000729.wav,,,,,normal,none,high,,,,,,,,,,,,
SAMPLE-3441,test2026/test/normal_id_03_00000730.wav,,,,,normal,none,high,,,,,,,,,,,,
SAMPLE-3442,test2026/test/normal_id_03_00000731.wav,,,,,normal,none,high,,,,,,,,,,,,
SAMPLE-3443,test2026/test/normal_id_03_00000732.wav,,,,,normal,none,high,,,,,,,,,,,,
SAMPLE-3444,test2026/test/normal_id_03_00000733.wav,,,,,normal,none,high,,,,,,,,,,,,
SAMPLE-3445,test2026/test/normal_id_03_00000734.wav,,,,,normal,none,high,,,,,,,,,,,,
SAMPLE-3446,test2026/test/normal_id_03_00000735.wav,,,,,normal,none,high,,,,,,,,,,,,
SAMPLE-3447,test2026/test/normal_id_03_00000736.wav,,,,,normal,none,high,,,,,,,,,,,,
SAMPLE-3448,test2026/test/normal_id_03_00000737.wav,,,,,normal,none,high,,,,,,,,,,,,
SAMPLE-3449,test2026/test/normal_id_03_00000738.wav,,,,,normal,none,high,,,,,,,,,,,,
SAMPLE-3450,test2026/test/normal_id_03_00000739.wav,,,,,normal,none,high,,,,,,,,,,,,
SAMPLE-3451,test2026/test/normal_id_03_00000740.wav,,,,,normal,none,high,,,,,,,,,,,,
SAMPLE-3452,test2026/test/normal_id_03_00000741.wav,,,,,normal,none,high,,,,,,,,,,,,
SAMPLE-3453,test2026/test/normal_id_03_00000742.wav,,,,,normal,none,high,,,,,,,,,,,,
SAMPLE-3454,test2026/test/normal_id_03_00000743.wav,,,,,normal,none,high,,,,,,,,,,,,
SAMPLE-3455,test2026/test/normal_id_03_00000744.wav,,,,,normal,none,high,,,,,,,,,,,,
SAMPLE-3456,test2026/test/normal_id_03_00000745.wav,,,,,normal,none,high,,,,,,,,,,,,
SAMPLE-3457,test2026/test/normal_id_03_00000746.wav,,,,,normal,none,high,,,,,,,,,,,,
SAMPLE-3458,test2026/test/normal_id_03_00000747.wav,,,,,normal,none,high,,,,,,,,,,,,
SAMPLE-3459,test2026/test/normal_id_03_00000748.wav,,,,,normal,none,high,,,,,,,,,,,,
SAMPLE-3460,test2026/test/normal_id_03_00000749.wav,,,,,normal,none,high,,,,,,,,,,,,
SAMPLE-3461,test2026/test/normal_id_03_00000750.wav,,,,,normal,none,high,,,,,,,,,,,,
SAMPLE-3462,test2026/test/normal_id_03_00000751.wav,,,,,normal,none,high,,,,,,,,,,,,
SAMPLE-3463,test2026/test/normal_id_03_00000752.wav,,,,,normal,none,high,,,,,,,,,,,,
SAMPLE-3464,test2026/test/normal_id_03_00000753.wav,,,,,normal,none,high,,,,,,,,,,,,
SAMPLE-3465,test2026/test/normal_id_03_00000754.wav,,,,,normal,none,high,,,,,,,,,,,,
SAMPLE-3466,test2026/test/normal_id_03_00000755.wav,,,,,normal,none,high,,,,,,,,,,,,
SAMPLE-3467,test2026/test/normal_id_03_00000756.wav,,,,,normal,none,high,,,,,,,,,,,,
SAMPLE-3468,test2026/test/normal_id_03_00000757.wav,,,,,normal,none,high,,,,,,,,,,,,
SAMPLE-3469,test2026/test/normal_id_03_00000758.wav,,,,,normal,none,high,,,,,,,,,,,,
SAMPLE-3470,test2026/test/normal_id_03_00000759.wav,,,,,normal,none,high,,,,,,,,,,,,
SAMPLE-3471,test2026/test/normal_id_03_00000760.wav,,,,,normal,none,high,,,,,,,,,,,,
SAMPLE-3472,test2026/test/normal_id_03_00000761.wav,,,,,normal,none,high,,,,,,,,,,,,
SAMPLE-3473,test2026/test/normal_id_03_00000762.wav,,,,,normal,none,high,,,,,,,,,,,,
SAMPLE-3474,test2026/test/normal_id_03_00000763.wav,,,,,normal,none,high,,,,,,,,,,,,
SAMPLE-3475,test2026/test/normal_id_03_00000764.wav,,,,,normal,none,high,,,,,,,,,,,,
SAMPLE-3476,test2026/test/normal_id_03_00000765.wav,,,,,normal,none,high,,,,,,,,,,,,
SAMPLE-3477,test2026/test/normal_id_03_00000766.wav,,,,,normal,none,high,,,,,,,,,,,,
SAMPLE-3478,test2026/test/normal_id_03_00000767.wav,,,,,normal,none,high,,,,,,,,,,,,
SAMPLE-3479,test2026/test/normal_id_03_00000768.wav,,,,,normal,none,high,,,,,,,,,,,,
SAMPLE-3480,test2026/test/normal_id_03_00000769.wav,,,,,normal,none,high,,,,,,,,,,,,
SAMPLE-3481,test2026/test/normal_id_03_00000770.wav,,,,,normal,none,high,,,,,,,,,,,,
SAMPLE-3482,test2026/test/normal_id_03_00000771.wav,,,,,normal,none,high,,,,,,,,,,,,
SAMPLE-3483,test2026/test/normal_id_03_00000772.wav,,,,,normal,none,high,,,,,,,,,,,,
SAMPLE-3484,test2026/test/normal_id_03_00000773.wav,,,,,normal,none,high,,,,,,,,,,,,
SAMPLE-3485,test2026/test/normal_id_03_00000774.wav,,,,,normal,none,high,,,,,,,,,,,,
SAMPLE-3486,test2026/test/normal_id_03_00000775.wav,,,,,normal,none,high,,,,,,,,,,,,
SAMPLE-3487,test2026/test/normal_id_03_00000776.wav,,,,,normal,none,high,,,,,,,,,,,,
SAMPLE-3488,test2026/test/normal_id_03_00000777.wav,,,,,normal,none,high,,,,,,,,,,,,
SAMPLE-3489,test2026/test/normal_id_03_00000778.wav,,,,,normal,none,high,,,,,,,,,,,,
SAMPLE-3490,test2026/test/normal_id_03_00000779.wav,,,,,normal,none,high,,,,,,,,,,,,
SAMPLE-3491,test2026/test/normal_id_03_00000780.wav,,,,,normal,none,high,,,,,,,,,,,,
SAMPLE-3492,test2026/test/normal_id_03_00000781.wav,,,,,normal,none,high,,,,,,,,,,,,
SAMPLE-3493,test2026/test/normal_id_03_00000782.wav,,,,,normal,none,high,,,,,,,,,,,,
SAMPLE-3494,test2026/test/normal_id_03_00000783.wav,,,,,normal,none,high,,,,,,,,,,,,
SAMPLE-3495,test2026/test/normal_id_03_00000784.wav,,,,,normal,none,high,,,,,,,,,,,,
SAMPLE-3496,test2026/test/normal_id_03_00000785.wav,,,,,normal,none,high,,,,,,,,,,,,
SAMPLE-3497,test2026/test/normal_id_03_00000786.wav,,,,,normal,none,high,,,,,,,,,,,,
SAMPLE-3498,test2026/test/normal_id_03_00000787.wav,,,,,normal,none,high,,,,,,,,,,,,
SAMPLE-3499,test2026/test/normal_id_03_00000788.wav,,,,,normal,none,high,,,,,,,,,,,,
SAMPLE-3500,test2026/test/normal_id_03_00000789.wav,,,,,normal,none,high,,,,,,,,,,,,
SAMPLE-3501,test2026/test/normal_id_03_00000790.wav,,,,,normal,none,high,,,,,,,,,,,,
SAMPLE-3502,test2026/test/normal_id_03_00000791.wav,,,,,normal,none,high,,,,,,,,,,,,
SAMPLE-3503,test2026/test/normal_id_03_00000792.wav,,,,,normal,none,high,,,,,,,,,,,,
SAMPLE-3504,test2026/test/normal_id_03_00000793.wav,,,,,normal,none,high,,,,,,,,,,,,
SAMPLE-3505,test2026/test/normal_id_03_00000794.wav,,,,,normal,none,high,,,,,,,,,,,,
SAMPLE-3506,test2026/test/normal_id_03_00000795.wav,,,,,normal,none,high,,,,,,,,,,,,
SAMPLE-3507,test2026/test/normal_id_03_00000796.wav,,,,,normal,none,high,,,,,,,,,,,,
SAMPLE-3508,test2026/test/normal_id_03_00000797.wav,,,,,normal,none,high,,,,,,,,,,,,
SAMPLE-3509,test2026/test/normal_id_03_00000798.wav,,,,,normal,none,high,,,,,,,,,,,,
SAMPLE-3510,train/normal_id_01_00000000.wav,,,,,normal,none,high,,,,,,,,,,,,
SAMPLE-3511,train/normal_id_01_00000001.wav,,,,,normal,none,high,,,,,,,,,,,,
SAMPLE-3512,train/normal_id_01_00000002.wav,,,,,normal,none,high,,,,,,,,,,,,
SAMPLE-3513,train/normal_id_01_00000003.wav,,,,,normal,none,high,,,,,,,,,,,,
SAMPLE-3514,train/normal_id_01_00000004.wav,,,,,normal,none,high,,,,,,,,,,,,
SAMPLE-3515,train/normal_id_01_00000005.wav,,,,,normal,none,high,,,,,,,,,,,,
SAMPLE-3516,train/normal_id_01_00000006.wav,,,,,normal,none,high,,,,,,,,,,,,
SAMPLE-3517,train/normal_id_01_00000007.wav,,,,,normal,none,high,,,,,,,,,,,,
SAMPLE-3518,train/normal_id_01_00000008.wav,,,,,normal,none,high,,,,,,,,,,,,
SAMPLE-3519,train/normal_id_01_00000009.wav,,,,,normal,none,high,,,,,,,,,,,,
SAMPLE-3520,train/normal_id_01_00000010.wav,,,,,normal,none,high,,,,,,,,,,,,
SAMPLE-3521,train/normal_id_01_00000011.wav,,,,,normal,none,high,,,,,,,,,,,,
SAMPLE-3522,train/normal_id_01_00000012.wav,,,,,normal,none,high,,,,,,,,,,,,
SAMPLE-3523,train/normal_id_01_00000013.wav,,,,,normal,none,high,,,,,,,,,,,,
SAMPLE-3524,train/normal_id_01_00000014.wav,,,,,normal,none,high,,,,,,,,,,,,
SAMPLE-3525,train/normal_id_01_00000015.wav,,,,,normal,none,high,,,,,,,,,,,,
SAMPLE-3526,train/normal_id_01_00000016.wav,,,,,normal,none,high,,,,,,,,,,,,
SAMPLE-3527,train/normal_id_01_00000017.wav,,,,,normal,none,high,,,,,,,,,,,,
SAMPLE-3528,train/normal_id_01_00000018.wav,,,,,normal,none,high,,,,,,,,,,,,
SAMPLE-3529,train/normal_id_01_00000019.wav,,,,,normal,none,high,,,,,,,,,,,,
SAMPLE-3530,train/normal_id_01_00000020.wav,,,,,normal,none,high,,,,,,,,,,,,
SAMPLE-3531,train/normal_id_01_00000021.wav,,,,,normal,none,high,,,,,,,,,,,,
SAMPLE-3532,train/normal_id_01_00000022.wav,,,,,normal,none,high,,,,,,,,,,,,
SAMPLE-3533,train/normal_id_01_00000023.wav,,,,,normal,none,high,,,,,,,,,,,,
SAMPLE-3534,train/normal_id_01_00000024.wav,,,,,normal,none,high,,,,,,,,,,,,
SAMPLE-3535,train/normal_id_01_00000025.wav,,,,,normal,none,high,,,,,,,,,,,,
SAMPLE-3536,train/normal_id_01_00000026.wav,,,,,normal,none,high,,,,,,,,,,,,
SAMPLE-3537,train/normal_id_01_00000027.wav,,,,,normal,none,high,,,,,,,,,,,,
SAMPLE-3538,train/normal_id_01_00000028.wav,,,,,normal,none,high,,,,,,,,,,,,
SAMPLE-3539,train/normal_id_01_00000029.wav,,,,,normal,none,high,,,,,,,,,,,,
SAMPLE-3540,train/normal_id_01_00000030.wav,,,,,normal,none,high,,,,,,,,,,,,
SAMPLE-3541,train/normal_id_01_00000031.wav,,,,,normal,none,high,,,,,,,,,,,,
SAMPLE-3542,train/normal_id_01_00000032.wav,,,,,normal,none,high,,,,,,,,,,,,
SAMPLE-3543,train/normal_id_01_00000033.wav,,,,,normal,none,high,,,,,,,,,,,,
SAMPLE-3544,train/normal_id_01_00000034.wav,,,,,normal,none,high,,,,,,,,,,,,
SAMPLE-3545,train/normal_id_01_00000035.wav,,,,,normal,none,high,,,,,,,,,,,,
SAMPLE-3546,train/normal_id_01_00000036.wav,,,,,normal,none,high,,,,,,,,,,,,
SAMPLE-3547,train/normal_id_01_00000037.wav,,,,,normal,none,high,,,,,,,,,,,,
SAMPLE-3548,train/normal_id_01_00000038.wav,,,,,normal,none,high,,,,,,,,,,,,
SAMPLE-3549,train/normal_id_01_00000039.wav,,,,,normal,none,high,,,,,,,,,,,,
SAMPLE-3550,train/normal_id_01_00000040.wav,,,,,normal,none,high,,,,,,,,,,,,
SAMPLE-3551,train/normal_id_01_00000041.wav,,,,,normal,none,high,,,,,,,,,,,,
SAMPLE-3552,train/normal_id_01_00000042.wav,,,,,normal,none,high,,,,,,,,,,,,
SAMPLE-3553,train/normal_id_01_00000043.wav,,,,,normal,none,high,,,,,,,,,,,,
SAMPLE-3554,train/normal_id_01_00000044.wav,,,,,normal,none,high,,,,,,,,,,,,
SAMPLE-3555,train/normal_id_01_00000045.wav,,,,,normal,none,high,,,,,,,,,,,,
SAMPLE-3556,train/normal_id_01_00000046.wav,,,,,normal,none,high,,,,,,,,,,,,
SAMPLE-3557,train/normal_id_01_00000047.wav,,,,,normal,none,high,,,,,,,,,,,,
SAMPLE-3558,train/normal_id_01_00000048.wav,,,,,normal,none,high,,,,,,,,,,,,
SAMPLE-3559,train/normal_id_01_00000049.wav,,,,,normal,none,high,,,,,,,,,,,,
SAMPLE-3560,train/normal_id_01_00000050.wav,,,,,normal,none,high,,,,,,,,,,,,
SAMPLE-3561,train/normal_id_01_00000051.wav,,,,,normal,none,high,,,,,,,,,,,,
SAMPLE-3562,train/normal_id_01_00000052.wav,,,,,normal,none,high,,,,,,,,,,,,
SAMPLE-3563,train/normal_id_01_00000053.wav,,,,,normal,none,high,,,,,,,,,,,,
SAMPLE-3564,train/normal_id_01_00000054.wav,,,,,normal,none,high,,,,,,,,,,,,
SAMPLE-3565,train/normal_id_01_00000055.wav,,,,,normal,none,high,,,,,,,,,,,,
SAMPLE-3566,train/normal_id_01_00000056.wav,,,,,normal,none,high,,,,,,,,,,,,
SAMPLE-3567,train/normal_id_01_00000057.wav,,,,,normal,none,high,,,,,,,,,,,,
SAMPLE-3568,train/normal_id_01_00000058.wav,,,,,normal,none,high,,,,,,,,,,,,
SAMPLE-3569,train/normal_id_01_00000059.wav,,,,,normal,none,high,,,,,,,,,,,,
SAMPLE-3570,train/normal_id_01_00000060.wav,,,,,normal,none,high,,,,,,,,,,,,
SAMPLE-3571,train/normal_id_01_00000061.wav,,,,,normal,none,high,,,,,,,,,,,,
SAMPLE-3572,train/normal_id_01_00000062.wav,,,,,normal,none,high,,,,,,,,,,,,
SAMPLE-3573,train/normal_id_01_00000063.wav,,,,,normal,none,high,,,,,,,,,,,,
SAMPLE-3574,train/normal_id_01_00000064.wav,,,,,normal,none,high,,,,,,,,,,,,
SAMPLE-3575,train/normal_id_01_00000065.wav,,,,,normal,none,high,,,,,,,,,,,,
SAMPLE-3576,train/normal_id_01_00000066.wav,,,,,normal,none,high,,,,,,,,,,,,
SAMPLE-3577,train/normal_id_01_00000067.wav,,,,,normal,none,high,,,,,,,,,,,,
SAMPLE-3578,train/normal_id_01_00000068.wav,,,,,normal,none,high,,,,,,,,,,,,
SAMPLE-3579,train/normal_id_01_00000069.wav,,,,,normal,none,high,,,,,,,,,,,,
SAMPLE-3580,train/normal_id_01_00000070.wav,,,,,normal,none,high,,,,,,,,,,,,
SAMPLE-3581,train/normal_id_01_00000071.wav,,,,,normal,none,high,,,,,,,,,,,,
SAMPLE-3582,train/normal_id_01_00000072.wav,,,,,normal,none,high,,,,,,,,,,,,
SAMPLE-3583,train/normal_id_01_00000073.wav,,,,,normal,none,high,,,,,,,,,,,,
SAMPLE-3584,train/normal_id_01_00000074.wav,,,,,normal,none,high,,,,,,,,,,,,
SAMPLE-3585,train/normal_id_01_00000075.wav,,,,,normal,none,high,,,,,,,,,,,,
SAMPLE-3586,train/normal_id_01_00000076.wav,,,,,normal,none,high,,,,,,,,,,,,
SAMPLE-3587,train/normal_id_01_00000077.wav,,,,,normal,none,high,,,,,,,,,,,,
SAMPLE-3588,train/normal_id_01_00000078.wav,,,,,normal,none,high,,,,,,,,,,,,
SAMPLE-3589,train/normal_id_01_00000079.wav,,,,,normal,none,high,,,,,,,,,,,,
SAMPLE-3590,train/normal_id_01_00000080.wav,,,,,normal,none,high,,,,,,,,,,,,
SAMPLE-3591,train/normal_id_01_00000081.wav,,,,,normal,none,high,,,,,,,,,,,,
SAMPLE-3592,train/normal_id_01_00000082.wav,,,,,normal,none,high,,,,,,,,,,,,
SAMPLE-3593,train/normal_id_01_00000083.wav,,,,,normal,none,high,,,,,,,,,,,,
SAMPLE-3594,train/normal_id_01_00000084.wav,,,,,normal,none,high,,,,,,,,,,,,
SAMPLE-3595,train/normal_id_01_00000085.wav,,,,,normal,none,high,,,,,,,,,,,,
SAMPLE-3596,train/normal_id_01_00000086.wav,,,,,normal,none,high,,,,,,,,,,,,
SAMPLE-3597,train/normal_id_01_00000087.wav,,,,,normal,none,high,,,,,,,,,,,,
SAMPLE-3598,train/normal_id_01_00000088.wav,,,,,normal,none,high,,,,,,,,,,,,
SAMPLE-3599,train/normal_id_01_00000089.wav,,,,,normal,none,high,,,,,,,,,,,,
SAMPLE-3600,train/normal_id_01_00000090.wav,,,,,normal,none,high,,,,,,,,,,,,
SAMPLE-3601,train/normal_id_01_00000091.wav,,,,,normal,none,high,,,,,,,,,,,,
SAMPLE-3602,train/normal_id_01_00000092.wav,,,,,normal,none,high,,,,,,,,,,,,
SAMPLE-3603,train/normal_id_01_00000093.wav,,,,,normal,none,high,,,,,,,,,,,,
SAMPLE-3604,train/normal_id_01_00000094.wav,,,,,normal,none,high,,,,,,,,,,,,
SAMPLE-3605,train/normal_id_01_00000095.wav,,,,,normal,none,high,,,,,,,,,,,,
SAMPLE-3606,train/normal_id_01_00000096.wav,,,,,normal,none,high,,,,,,,,,,,,
SAMPLE-3607,train/normal_id_01_00000097.wav,,,,,normal,none,high,,,,,,,,,,,,
SAMPLE-3608,train/normal_id_01_00000098.wav,,,,,normal,none,high,,,,,,,,,,,,
SAMPLE-3609,train/normal_id_01_00000099.wav,,,,,normal,none,high,,,,,,,,,,,,
SAMPLE-3610,train/normal_id_01_00000100.wav,,,,,normal,none,high,,,,,,,,,,,,
SAMPLE-3611,train/normal_id_01_00000101.wav,,,,,normal,none,high,,,,,,,,,,,,
SAMPLE-3612,train/normal_id_01_00000102.wav,,,,,normal,none,high,,,,,,,,,,,,
SAMPLE-3613,train/normal_id_01_00000103.wav,,,,,normal,none,high,,,,,,,,,,,,
SAMPLE-3614,train/normal_id_01_00000104.wav,,,,,normal,none,high,,,,,,,,,,,,
SAMPLE-3615,train/normal_id_01_00000105.wav,,,,,normal,none,high,,,,,,,,,,,,
SAMPLE-3616,train/normal_id_01_00000106.wav,,,,,normal,none,high,,,,,,,,,,,,
SAMPLE-3617,train/normal_id_01_00000107.wav,,,,,normal,none,high,,,,,,,,,,,,
SAMPLE-3618,train/normal_id_01_00000108.wav,,,,,normal,none,high,,,,,,,,,,,,
SAMPLE-3619,train/normal_id_01_00000109.wav,,,,,normal,none,high,,,,,,,,,,,,
SAMPLE-3620,train/normal_id_01_00000110.wav,,,,,normal,none,high,,,,,,,,,,,,
SAMPLE-3621,train/normal_id_01_00000111.wav,,,,,normal,none,high,,,,,,,,,,,,
SAMPLE-3622,train/normal_id_01_00000112.wav,,,,,normal,none,high,,,,,,,,,,,,
SAMPLE-3623,train/normal_id_01_00000113.wav,,,,,normal,none,high,,,,,,,,,,,,
SAMPLE-3624,train/normal_id_01_00000114.wav,,,,,normal,none,high,,,,,,,,,,,,
SAMPLE-3625,train/normal_id_01_00000115.wav,,,,,normal,none,high,,,,,,,,,,,,
SAMPLE-3626,train/normal_id_01_00000116.wav,,,,,normal,none,high,,,,,,,,,,,,
SAMPLE-3627,train/normal_id_01_00000117.wav,,,,,normal,none,high,,,,,,,,,,,,
SAMPLE-3628,train/normal_id_01_00000118.wav,,,,,normal,none,high,,,,,,,,,,,,
SAMPLE-3629,train/normal_id_01_00000119.wav,,,,,normal,none,high,,,,,,,,,,,,
SAMPLE-3630,train/normal_id_01_00000120.wav,,,,,normal,none,high,,,,,,,,,,,,
SAMPLE-3631,train/normal_id_01_00000121.wav,,,,,normal,none,high,,,,,,,,,,,,
SAMPLE-3632,train/normal_id_01_00000122.wav,,,,,normal,none,high,,,,,,,,,,,,
SAMPLE-3633,train/normal_id_01_00000123.wav,,,,,normal,none,high,,,,,,,,,,,,
SAMPLE-3634,train/normal_id_01_00000124.wav,,,,,normal,none,high,,,,,,,,,,,,
SAMPLE-3635,train/normal_id_01_00000125.wav,,,,,normal,none,high,,,,,,,,,,,,
SAMPLE-3636,train/normal_id_01_00000126.wav,,,,,normal,none,high,,,,,,,,,,,,
SAMPLE-3637,train/normal_id_01_00000127.wav,,,,,normal,none,high,,,,,,,,,,,,
SAMPLE-3638,train/normal_id_01_00000128.wav,,,,,normal,none,high,,,,,,,,,,,,
SAMPLE-3639,train/normal_id_01_00000129.wav,,,,,normal,none,high,,,,,,,,,,,,
SAMPLE-3640,train/normal_id_01_00000130.wav,,,,,normal,none,high,,,,,,,,,,,,
SAMPLE-3641,train/normal_id_01_00000131.wav,,,,,normal,none,high,,,,,,,,,,,,
SAMPLE-3642,train/normal_id_01_00000132.wav,,,,,normal,none,high,,,,,,,,,,,,
SAMPLE-3643,train/normal_id_01_00000133.wav,,,,,normal,none,high,,,,,,,,,,,,
SAMPLE-3644,train/normal_id_01_00000134.wav,,,,,normal,none,high,,,,,,,,,,,,
SAMPLE-3645,train/normal_id_01_00000135.wav,,,,,normal,none,high,,,,,,,,,,,,
SAMPLE-3646,train/normal_id_01_00000136.wav,,,,,normal,none,high,,,,,,,,,,,,
SAMPLE-3647,train/normal_id_01_00000137.wav,,,,,normal,none,high,,,,,,,,,,,,
SAMPLE-3648,train/normal_id_01_00000138.wav,,,,,normal,none,high,,,,,,,,,,,,
SAMPLE-3649,train/normal_id_01_00000139.wav,,,,,normal,none,high,,,,,,,,,,,,
SAMPLE-3650,train/normal_id_01_00000140.wav,,,,,normal,none,high,,,,,,,,,,,,
SAMPLE-3651,train/normal_id_01_00000141.wav,,,,,normal,none,high,,,,,,,,,,,,
SAMPLE-3652,train/normal_id_01_00000142.wav,,,,,normal,none,high,,,,,,,,,,,,
SAMPLE-3653,train/normal_id_01_00000143.wav,,,,,normal,none,high,,,,,,,,,,,,
SAMPLE-3654,train/normal_id_01_00000144.wav,,,,,normal,none,high,,,,,,,,,,,,
SAMPLE-3655,train/normal_id_01_00000145.wav,,,,,normal,none,high,,,,,,,,,,,,
SAMPLE-3656,train/normal_id_01_00000146.wav,,,,,normal,none,high,,,,,,,,,,,,
SAMPLE-3657,train/normal_id_01_00000147.wav,,,,,normal,none,high,,,,,,,,,,,,
SAMPLE-3658,train/normal_id_01_00000148.wav,,,,,normal,none,high,,,,,,,,,,,,
SAMPLE-3659,train/normal_id_01_00000149.wav,,,,,normal,none,high,,,,,,,,,,,,
SAMPLE-3660,train/normal_id_01_00000150.wav,,,,,normal,none,high,,,,,,,,,,,,
SAMPLE-3661,train/normal_id_01_00000151.wav,,,,,normal,none,high,,,,,,,,,,,,
SAMPLE-3662,train/normal_id_01_00000152.wav,,,,,normal,none,high,,,,,,,,,,,,
SAMPLE-3663,train/normal_id_01_00000153.wav,,,,,normal,none,high,,,,,,,,,,,,
SAMPLE-3664,train/normal_id_01_00000154.wav,,,,,normal,none,high,,,,,,,,,,,,
SAMPLE-3665,train/normal_id_01_00000155.wav,,,,,normal,none,high,,,,,,,,,,,,
SAMPLE-3666,train/normal_id_01_00000156.wav,,,,,normal,none,high,,,,,,,,,,,,
SAMPLE-3667,train/normal_id_01_00000157.wav,,,,,normal,none,high,,,,,,,,,,,,
SAMPLE-3668,train/normal_id_01_00000158.wav,,,,,normal,none,high,,,,,,,,,,,,
SAMPLE-3669,train/normal_id_01_00000159.wav,,,,,normal,none,high,,,,,,,,,,,,
SAMPLE-3670,train/normal_id_01_00000160.wav,,,,,normal,none,high,,,,,,,,,,,,
SAMPLE-3671,train/normal_id_01_00000161.wav,,,,,normal,none,high,,,,,,,,,,,,
SAMPLE-3672,train/normal_id_01_00000162.wav,,,,,normal,none,high,,,,,,,,,,,,
SAMPLE-3673,train/normal_id_01_00000163.wav,,,,,normal,none,high,,,,,,,,,,,,
SAMPLE-3674,train/normal_id_01_00000164.wav,,,,,normal,none,high,,,,,,,,,,,,
SAMPLE-3675,train/normal_id_01_00000165.wav,,,,,normal,none,high,,,,,,,,,,,,
SAMPLE-3676,train/normal_id_01_00000166.wav,,,,,normal,none,high,,,,,,,,,,,,
SAMPLE-3677,train/normal_id_01_00000167.wav,,,,,normal,none,high,,,,,,,,,,,,
SAMPLE-3678,train/normal_id_01_00000168.wav,,,,,normal,none,high,,,,,,,,,,,,
SAMPLE-3679,train/normal_id_01_00000169.wav,,,,,normal,none,high,,,,,,,,,,,,
SAMPLE-3680,train/normal_id_01_00000170.wav,,,,,normal,none,high,,,,,,,,,,,,
SAMPLE-3681,train/normal_id_01_00000171.wav,,,,,normal,none,high,,,,,,,,,,,,
SAMPLE-3682,train/normal_id_01_00000172.wav,,,,,normal,none,high,,,,,,,,,,,,
SAMPLE-3683,train/normal_id_01_00000173.wav,,,,,normal,none,high,,,,,,,,,,,,
SAMPLE-3684,train/normal_id_01_00000174.wav,,,,,normal,none,high,,,,,,,,,,,,
SAMPLE-3685,train/normal_id_01_00000175.wav,,,,,normal,none,high,,,,,,,,,,,,
SAMPLE-3686,train/normal_id_01_00000176.wav,,,,,normal,none,high,,,,,,,,,,,,
SAMPLE-3687,train/normal_id_01_00000177.wav,,,,,normal,none,high,,,,,,,,,,,,
SAMPLE-3688,train/normal_id_01_00000178.wav,,,,,normal,none,high,,,,,,,,,,,,
SAMPLE-3689,train/normal_id_01_00000179.wav,,,,,normal,none,high,,,,,,,,,,,,
SAMPLE-3690,train/normal_id_01_00000180.wav,,,,,normal,none,high,,,,,,,,,,,,
SAMPLE-3691,train/normal_id_01_00000181.wav,,,,,normal,none,high,,,,,,,,,,,,
SAMPLE-3692,train/normal_id_01_00000182.wav,,,,,normal,none,high,,,,,,,,,,,,
SAMPLE-3693,train/normal_id_01_00000183.wav,,,,,normal,none,high,,,,,,,,,,,,
SAMPLE-3694,train/normal_id_01_00000184.wav,,,,,normal,none,high,,,,,,,,,,,,
SAMPLE-3695,train/normal_id_01_00000185.wav,,,,,normal,none,high,,,,,,,,,,,,
SAMPLE-3696,train/normal_id_01_00000186.wav,,,,,normal,none,high,,,,,,,,,,,,
SAMPLE-3697,train/normal_id_01_00000187.wav,,,,,normal,none,high,,,,,,,,,,,,
SAMPLE-3698,train/normal_id_01_00000188.wav,,,,,normal,none,high,,,,,,,,,,,,
SAMPLE-3699,train/normal_id_01_00000189.wav,,,,,normal,none,high,,,,,,,,,,,,
SAMPLE-3700,train/normal_id_01_00000190.wav,,,,,normal,none,high,,,,,,,,,,,,
SAMPLE-3701,train/normal_id_01_00000191.wav,,,,,normal,none,high,,,,,,,,,,,,
SAMPLE-3702,train/normal_id_01_00000192.wav,,,,,normal,none,high,,,,,,,,,,,,
SAMPLE-3703,train/normal_id_01_00000193.wav,,,,,normal,none,high,,,,,,,,,,,,
SAMPLE-3704,train/normal_id_01_00000194.wav,,,,,normal,none,high,,,,,,,,,,,,
SAMPLE-3705,train/normal_id_01_00000195.wav,,,,,normal,none,high,,,,,,,,,,,,
SAMPLE-3706,train/normal_id_01_00000196.wav,,,,,normal,none,high,,,,,,,,,,,,
SAMPLE-3707,train/normal_id_01_00000197.wav,,,,,normal,none,high,,,,,,,,,,,,
SAMPLE-3708,train/normal_id_01_00000198.wav,,,,,normal,none,high,,,,,,,,,,,,
SAMPLE-3709,train/normal_id_01_00000199.wav,,,,,normal,none,high,,,,,,,,,,,,
SAMPLE-3710,train/normal_id_01_00000200.wav,,,,,normal,none,high,,,,,,,,,,,,
SAMPLE-3711,train/normal_id_01_00000201.wav,,,,,normal,none,high,,,,,,,,,,,,
SAMPLE-3712,train/normal_id_01_00000202.wav,,,,,normal,none,high,,,,,,,,,,,,
SAMPLE-3713,train/normal_id_01_00000203.wav,,,,,normal,none,high,,,,,,,,,,,,
SAMPLE-3714,train/normal_id_01_00000204.wav,,,,,normal,none,high,,,,,,,,,,,,
SAMPLE-3715,train/normal_id_01_00000205.wav,,,,,normal,none,high,,,,,,,,,,,,
SAMPLE-3716,train/normal_id_01_00000206.wav,,,,,normal,none,high,,,,,,,,,,,,
SAMPLE-3717,train/normal_id_01_00000207.wav,,,,,normal,none,high,,,,,,,,,,,,
SAMPLE-3718,train/normal_id_01_00000208.wav,,,,,normal,none,high,,,,,,,,,,,,
SAMPLE-3719,train/normal_id_01_00000209.wav,,,,,normal,none,high,,,,,,,,,,,,
SAMPLE-3720,train/normal_id_01_00000210.wav,,,,,normal,none,high,,,,,,,,,,,,
SAMPLE-3721,train/normal_id_01_00000211.wav,,,,,normal,none,high,,,,,,,,,,,,
SAMPLE-3722,train/normal_id_01_00000212.wav,,,,,normal,none,high,,,,,,,,,,,,
SAMPLE-3723,train/normal_id_01_00000213.wav,,,,,normal,none,high,,,,,,,,,,,,
SAMPLE-3724,train/normal_id_01_00000214.wav,,,,,normal,none,high,,,,,,,,,,,,
SAMPLE-3725,train/normal_id_01_00000215.wav,,,,,normal,none,high,,,,,,,,,,,,
SAMPLE-3726,train/normal_id_01_00000216.wav,,,,,normal,none,high,,,,,,,,,,,,
SAMPLE-3727,train/normal_id_01_00000217.wav,,,,,normal,none,high,,,,,,,,,,,,
SAMPLE-3728,train/normal_id_01_00000218.wav,,,,,normal,none,high,,,,,,,,,,,,
SAMPLE-3729,train/normal_id_01_00000219.wav,,,,,normal,none,high,,,,,,,,,,,,
SAMPLE-3730,train/normal_id_01_00000220.wav,,,,,normal,none,high,,,,,,,,,,,,
SAMPLE-3731,train/normal_id_01_00000221.wav,,,,,normal,none,high,,,,,,,,,,,,
SAMPLE-3732,train/normal_id_01_00000222.wav,,,,,normal,none,high,,,,,,,,,,,,
SAMPLE-3733,train/normal_id_01_00000223.wav,,,,,normal,none,high,,,,,,,,,,,,
SAMPLE-3734,train/normal_id_01_00000224.wav,,,,,normal,none,high,,,,,,,,,,,,
SAMPLE-3735,train/normal_id_01_00000225.wav,,,,,normal,none,high,,,,,,,,,,,,
SAMPLE-3736,train/normal_id_01_00000226.wav,,,,,normal,none,high,,,,,,,,,,,,
SAMPLE-3737,train/normal_id_01_00000227.wav,,,,,normal,none,high,,,,,,,,,,,,
SAMPLE-3738,train/normal_id_01_00000228.wav,,,,,normal,none,high,,,,,,,,,,,,
SAMPLE-3739,train/normal_id_01_00000229.wav,,,,,normal,none,high,,,,,,,,,,,,
SAMPLE-3740,train/normal_id_01_00000230.wav,,,,,normal,none,high,,,,,,,,,,,,
SAMPLE-3741,train/normal_id_01_00000231.wav,,,,,normal,none,high,,,,,,,,,,,,
SAMPLE-3742,train/normal_id_01_00000232.wav,,,,,normal,none,high,,,,,,,,,,,,
SAMPLE-3743,train/normal_id_01_00000233.wav,,,,,normal,none,high,,,,,,,,,,,,
SAMPLE-3744,train/normal_id_01_00000234.wav,,,,,normal,none,high,,,,,,,,,,,,
SAMPLE-3745,train/normal_id_01_00000235.wav,,,,,normal,none,high,,,,,,,,,,,,
SAMPLE-3746,train/normal_id_01_00000236.wav,,,,,normal,none,high,,,,,,,,,,,,
SAMPLE-3747,train/normal_id_01_00000237.wav,,,,,normal,none,high,,,,,,,,,,,,
SAMPLE-3748,train/normal_id_01_00000238.wav,,,,,normal,none,high,,,,,,,,,,,,
SAMPLE-3749,train/normal_id_01_00000239.wav,,,,,normal,none,high,,,,,,,,,,,,
SAMPLE-3750,train/normal_id_01_00000240.wav,,,,,normal,none,high,,,,,,,,,,,,
SAMPLE-3751,train/normal_id_01_00000241.wav,,,,,normal,none,high,,,,,,,,,,,,
SAMPLE-3752,train/normal_id_01_00000242.wav,,,,,normal,none,high,,,,,,,,,,,,
SAMPLE-3753,train/normal_id_01_00000243.wav,,,,,normal,none,high,,,,,,,,,,,,
SAMPLE-3754,train/normal_id_01_00000244.wav,,,,,normal,none,high,,,,,,,,,,,,
SAMPLE-3755,train/normal_id_01_00000245.wav,,,,,normal,none,high,,,,,,,,,,,,
SAMPLE-3756,train/normal_id_01_00000246.wav,,,,,normal,none,high,,,,,,,,,,,,
SAMPLE-3757,train/normal_id_01_00000247.wav,,,,,normal,none,high,,,,,,,,,,,,
SAMPLE-3758,train/normal_id_01_00000248.wav,,,,,normal,none,high,,,,,,,,,,,,
SAMPLE-3759,train/normal_id_01_00000249.wav,,,,,normal,none,high,,,,,,,,,,,,
SAMPLE-3760,train/normal_id_01_00000250.wav,,,,,normal,none,high,,,,,,,,,,,,
SAMPLE-3761,train/normal_id_01_00000251.wav,,,,,normal,none,high,,,,,,,,,,,,
SAMPLE-3762,train/normal_id_01_00000252.wav,,,,,normal,none,high,,,,,,,,,,,,
SAMPLE-3763,train/normal_id_01_00000253.wav,,,,,normal,none,high,,,,,,,,,,,,
SAMPLE-3764,train/normal_id_01_00000254.wav,,,,,normal,none,high,,,,,,,,,,,,
SAMPLE-3765,train/normal_id_01_00000255.wav,,,,,normal,none,high,,,,,,,,,,,,
SAMPLE-3766,train/normal_id_01_00000256.wav,,,,,normal,none,high,,,,,,,,,,,,
SAMPLE-3767,train/normal_id_01_00000257.wav,,,,,normal,none,high,,,,,,,,,,,,
SAMPLE-3768,train/normal_id_01_00000258.wav,,,,,normal,none,high,,,,,,,,,,,,
SAMPLE-3769,train/normal_id_01_00000259.wav,,,,,normal,none,high,,,,,,,,,,,,
SAMPLE-3770,train/normal_id_01_00000260.wav,,,,,normal,none,high,,,,,,,,,,,,
SAMPLE-3771,train/normal_id_01_00000261.wav,,,,,normal,none,high,,,,,,,,,,,,
SAMPLE-3772,train/normal_id_01_00000262.wav,,,,,normal,none,high,,,,,,,,,,,,
SAMPLE-3773,train/normal_id_01_00000263.wav,,,,,normal,none,high,,,,,,,,,,,,
SAMPLE-3774,train/normal_id_01_00000264.wav,,,,,normal,none,high,,,,,,,,,,,,
SAMPLE-3775,train/normal_id_01_00000265.wav,,,,,normal,none,high,,,,,,,,,,,,
SAMPLE-3776,train/normal_id_01_00000266.wav,,,,,normal,none,high,,,,,,,,,,,,
SAMPLE-3777,train/normal_id_01_00000267.wav,,,,,normal,none,high,,,,,,,,,,,,
SAMPLE-3778,train/normal_id_01_00000268.wav,,,,,normal,none,high,,,,,,,,,,,,
SAMPLE-3779,train/normal_id_01_00000269.wav,,,,,normal,none,high,,,,,,,,,,,,
SAMPLE-3780,train/normal_id_01_00000270.wav,,,,,normal,none,high,,,,,,,,,,,,
SAMPLE-3781,train/normal_id_01_00000271.wav,,,,,normal,none,high,,,,,,,,,,,,
SAMPLE-3782,train/normal_id_01_00000272.wav,,,,,normal,none,high,,,,,,,,,,,,
SAMPLE-3783,train/normal_id_01_00000273.wav,,,,,normal,none,high,,,,,,,,,,,,
SAMPLE-3784,train/normal_id_01_00000274.wav,,,,,normal,none,high,,,,,,,,,,,,
SAMPLE-3785,train/normal_id_01_00000275.wav,,,,,normal,none,high,,,,,,,,,,,,
SAMPLE-3786,train/normal_id_01_00000276.wav,,,,,normal,none,high,,,,,,,,,,,,
SAMPLE-3787,train/normal_id_01_00000277.wav,,,,,normal,none,high,,,,,,,,,,,,
SAMPLE-3788,train/normal_id_01_00000278.wav,,,,,normal,none,high,,,,,,,,,,,,
SAMPLE-3789,train/normal_id_01_00000279.wav,,,,,normal,none,high,,,,,,,,,,,,
SAMPLE-3790,train/normal_id_01_00000280.wav,,,,,normal,none,high,,,,,,,,,,,,
SAMPLE-3791,train/normal_id_01_00000281.wav,,,,,normal,none,high,,,,,,,,,,,,
SAMPLE-3792,train/normal_id_01_00000282.wav,,,,,normal,none,high,,,,,,,,,,,,
SAMPLE-3793,train/normal_id_01_00000283.wav,,,,,normal,none,high,,,,,,,,,,,,
SAMPLE-3794,train/normal_id_01_00000284.wav,,,,,normal,none,high,,,,,,,,,,,,
SAMPLE-3795,train/normal_id_01_00000285.wav,,,,,normal,none,high,,,,,,,,,,,,
SAMPLE-3796,train/normal_id_01_00000286.wav,,,,,normal,none,high,,,,,,,,,,,,
SAMPLE-3797,train/normal_id_01_00000287.wav,,,,,normal,none,high,,,,,,,,,,,,
SAMPLE-3798,train/normal_id_01_00000288.wav,,,,,normal,none,high,,,,,,,,,,,,
SAMPLE-3799,train/normal_id_01_00000289.wav,,,,,normal,none,high,,,,,,,,,,,,
SAMPLE-3800,train/normal_id_01_00000290.wav,,,,,normal,none,high,,,,,,,,,,,,
SAMPLE-3801,train/normal_id_01_00000291.wav,,,,,normal,none,high,,,,,,,,,,,,
SAMPLE-3802,train/normal_id_01_00000292.wav,,,,,normal,none,high,,,,,,,,,,,,
SAMPLE-3803,train/normal_id_01_00000293.wav,,,,,normal,none,high,,,,,,,,,,,,
SAMPLE-3804,train/normal_id_01_00000294.wav,,,,,normal,none,high,,,,,,,,,,,,
SAMPLE-3805,train/normal_id_01_00000295.wav,,,,,normal,none,high,,,,,,,,,,,,
SAMPLE-3806,train/normal_id_01_00000296.wav,,,,,normal,none,high,,,,,,,,,,,,
SAMPLE-3807,train/normal_id_01_00000297.wav,,,,,normal,none,high,,,,,,,,,,,,
SAMPLE-3808,train/normal_id_01_00000298.wav,,,,,normal,none,high,,,,,,,,,,,,
SAMPLE-3809,train/normal_id_01_00000299.wav,,,,,normal,none,high,,,,,,,,,,,,
SAMPLE-3810,train/normal_id_01_00000300.wav,,,,,normal,none,high,,,,,,,,,,,,
SAMPLE-3811,train/normal_id_01_00000301.wav,,,,,normal,none,high,,,,,,,,,,,,
SAMPLE-3812,train/normal_id_01_00000302.wav,,,,,normal,none,high,,,,,,,,,,,,
SAMPLE-3813,train/normal_id_01_00000303.wav,,,,,normal,none,high,,,,,,,,,,,,
SAMPLE-3814,train/normal_id_01_00000304.wav,,,,,normal,none,high,,,,,,,,,,,,
SAMPLE-3815,train/normal_id_01_00000305.wav,,,,,normal,none,high,,,,,,,,,,,,
SAMPLE-3816,train/normal_id_01_00000306.wav,,,,,normal,none,high,,,,,,,,,,,,
SAMPLE-3817,train/normal_id_01_00000307.wav,,,,,normal,none,high,,,,,,,,,,,,
SAMPLE-3818,train/normal_id_01_00000308.wav,,,,,normal,none,high,,,,,,,,,,,,
SAMPLE-3819,train/normal_id_01_00000309.wav,,,,,normal,none,high,,,,,,,,,,,,
SAMPLE-3820,train/normal_id_01_00000310.wav,,,,,normal,none,high,,,,,,,,,,,,
SAMPLE-3821,train/normal_id_01_00000311.wav,,,,,normal,none,high,,,,,,,,,,,,
SAMPLE-3822,train/normal_id_01_00000312.wav,,,,,normal,none,high,,,,,,,,,,,,
SAMPLE-3823,train/normal_id_01_00000313.wav,,,,,normal,none,high,,,,,,,,,,,,
SAMPLE-3824,train/normal_id_01_00000314.wav,,,,,normal,none,high,,,,,,,,,,,,
SAMPLE-3825,train/normal_id_01_00000315.wav,,,,,normal,none,high,,,,,,,,,,,,
SAMPLE-3826,train/normal_id_01_00000316.wav,,,,,normal,none,high,,,,,,,,,,,,
SAMPLE-3827,train/normal_id_01_00000317.wav,,,,,normal,none,high,,,,,,,,,,,,
SAMPLE-3828,train/normal_id_01_00000318.wav,,,,,normal,none,high,,,,,,,,,,,,
SAMPLE-3829,train/normal_id_01_00000319.wav,,,,,normal,none,high,,,,,,,,,,,,
SAMPLE-3830,train/normal_id_01_00000320.wav,,,,,normal,none,high,,,,,,,,,,,,
SAMPLE-3831,train/normal_id_01_00000321.wav,,,,,normal,none,high,,,,,,,,,,,,
SAMPLE-3832,train/normal_id_01_00000322.wav,,,,,normal,none,high,,,,,,,,,,,,
SAMPLE-3833,train/normal_id_01_00000323.wav,,,,,normal,none,high,,,,,,,,,,,,
SAMPLE-3834,train/normal_id_01_00000324.wav,,,,,normal,none,high,,,,,,,,,,,,
SAMPLE-3835,train/normal_id_01_00000325.wav,,,,,normal,none,high,,,,,,,,,,,,
SAMPLE-3836,train/normal_id_01_00000326.wav,,,,,normal,none,high,,,,,,,,,,,,
SAMPLE-3837,train/normal_id_01_00000327.wav,,,,,normal,none,high,,,,,,,,,,,,
SAMPLE-3838,train/normal_id_01_00000328.wav,,,,,normal,none,high,,,,,,,,,,,,
SAMPLE-3839,train/normal_id_01_00000329.wav,,,,,normal,none,high,,,,,,,,,,,,
SAMPLE-3840,train/normal_id_01_00000330.wav,,,,,normal,none,high,,,,,,,,,,,,
SAMPLE-3841,train/normal_id_01_00000331.wav,,,,,normal,none,high,,,,,,,,,,,,
SAMPLE-3842,train/normal_id_01_00000332.wav,,,,,normal,none,high,,,,,,,,,,,,
SAMPLE-3843,train/normal_id_01_00000333.wav,,,,,normal,none,high,,,,,,,,,,,,
SAMPLE-3844,train/normal_id_01_00000334.wav,,,,,normal,none,high,,,,,,,,,,,,
SAMPLE-3845,train/normal_id_01_00000335.wav,,,,,normal,none,high,,,,,,,,,,,,
SAMPLE-3846,train/normal_id_01_00000336.wav,,,,,normal,none,high,,,,,,,,,,,,
SAMPLE-3847,train/normal_id_01_00000337.wav,,,,,normal,none,high,,,,,,,,,,,,
SAMPLE-3848,train/normal_id_01_00000338.wav,,,,,normal,none,high,,,,,,,,,,,,
SAMPLE-3849,train/normal_id_01_00000339.wav,,,,,normal,none,high,,,,,,,,,,,,
SAMPLE-3850,train/normal_id_01_00000340.wav,,,,,normal,none,high,,,,,,,,,,,,
SAMPLE-3851,train/normal_id_01_00000341.wav,,,,,normal,none,high,,,,,,,,,,,,
SAMPLE-3852,train/normal_id_01_00000342.wav,,,,,normal,none,high,,,,,,,,,,,,
SAMPLE-3853,train/normal_id_01_00000343.wav,,,,,normal,none,high,,,,,,,,,,,,
SAMPLE-3854,train/normal_id_01_00000344.wav,,,,,normal,none,high,,,,,,,,,,,,
SAMPLE-3855,train/normal_id_01_00000345.wav,,,,,normal,none,high,,,,,,,,,,,,
SAMPLE-3856,train/normal_id_01_00000346.wav,,,,,normal,none,high,,,,,,,,,,,,
SAMPLE-3857,train/normal_id_01_00000347.wav,,,,,normal,none,high,,,,,,,,,,,,
SAMPLE-3858,train/normal_id_01_00000348.wav,,,,,normal,none,high,,,,,,,,,,,,
SAMPLE-3859,train/normal_id_01_00000349.wav,,,,,normal,none,high,,,,,,,,,,,,
SAMPLE-3860,train/normal_id_01_00000350.wav,,,,,normal,none,high,,,,,,,,,,,,
SAMPLE-3861,train/normal_id_01_00000351.wav,,,,,normal,none,high,,,,,,,,,,,,
SAMPLE-3862,train/normal_id_01_00000352.wav,,,,,normal,none,high,,,,,,,,,,,,
SAMPLE-3863,train/normal_id_01_00000353.wav,,,,,normal,none,high,,,,,,,,,,,,
SAMPLE-3864,train/normal_id_01_00000354.wav,,,,,normal,none,high,,,,,,,,,,,,
SAMPLE-3865,train/normal_id_01_00000355.wav,,,,,normal,none,high,,,,,,,,,,,,
SAMPLE-3866,train/normal_id_01_00000356.wav,,,,,normal,none,high,,,,,,,,,,,,
SAMPLE-3867,train/normal_id_01_00000357.wav,,,,,normal,none,high,,,,,,,,,,,,
SAMPLE-3868,train/normal_id_01_00000358.wav,,,,,normal,none,high,,,,,,,,,,,,
SAMPLE-3869,train/normal_id_01_00000359.wav,,,,,normal,none,high,,,,,,,,,,,,
SAMPLE-3870,train/normal_id_01_00000360.wav,,,,,normal,none,high,,,,,,,,,,,,
SAMPLE-3871,train/normal_id_01_00000361.wav,,,,,normal,none,high,,,,,,,,,,,,
SAMPLE-3872,train/normal_id_01_00000362.wav,,,,,normal,none,high,,,,,,,,,,,,
SAMPLE-3873,train/normal_id_01_00000363.wav,,,,,normal,none,high,,,,,,,,,,,,
SAMPLE-3874,train/normal_id_01_00000364.wav,,,,,normal,none,high,,,,,,,,,,,,
SAMPLE-3875,train/normal_id_01_00000365.wav,,,,,normal,none,high,,,,,,,,,,,,
SAMPLE-3876,train/normal_id_01_00000366.wav,,,,,normal,none,high,,,,,,,,,,,,
SAMPLE-3877,train/normal_id_01_00000367.wav,,,,,normal,none,high,,,,,,,,,,,,
SAMPLE-3878,train/normal_id_01_00000368.wav,,,,,normal,none,high,,,,,,,,,,,,
SAMPLE-3879,train/normal_id_01_00000369.wav,,,,,normal,none,high,,,,,,,,,,,,
SAMPLE-3880,train/normal_id_01_00000370.wav,,,,,normal,none,high,,,,,,,,,,,,
SAMPLE-3881,train/normal_id_01_00000371.wav,,,,,normal,none,high,,,,,,,,,,,,
SAMPLE-3882,train/normal_id_01_00000372.wav,,,,,normal,none,high,,,,,,,,,,,,
SAMPLE-3883,train/normal_id_01_00000373.wav,,,,,normal,none,high,,,,,,,,,,,,
SAMPLE-3884,train/normal_id_01_00000374.wav,,,,,normal,none,high,,,,,,,,,,,,
SAMPLE-3885,train/normal_id_01_00000375.wav,,,,,normal,none,high,,,,,,,,,,,,
SAMPLE-3886,train/normal_id_01_00000376.wav,,,,,normal,none,high,,,,,,,,,,,,
SAMPLE-3887,train/normal_id_01_00000377.wav,,,,,normal,none,high,,,,,,,,,,,,
SAMPLE-3888,train/normal_id_01_00000378.wav,,,,,normal,none,high,,,,,,,,,,,,
SAMPLE-3889,train/normal_id_01_00000379.wav,,,,,normal,none,high,,,,,,,,,,,,
SAMPLE-3890,train/normal_id_01_00000380.wav,,,,,normal,none,high,,,,,,,,,,,,
SAMPLE-3891,train/normal_id_01_00000381.wav,,,,,normal,none,high,,,,,,,,,,,,
SAMPLE-3892,train/normal_id_01_00000382.wav,,,,,normal,none,high,,,,,,,,,,,,
SAMPLE-3893,train/normal_id_01_00000383.wav,,,,,normal,none,high,,,,,,,,,,,,
SAMPLE-3894,train/normal_id_01_00000384.wav,,,,,normal,none,high,,,,,,,,,,,,
SAMPLE-3895,train/normal_id_01_00000385.wav,,,,,normal,none,high,,,,,,,,,,,,
SAMPLE-3896,train/normal_id_01_00000386.wav,,,,,normal,none,high,,,,,,,,,,,,
SAMPLE-3897,train/normal_id_01_00000387.wav,,,,,normal,none,high,,,,,,,,,,,,
SAMPLE-3898,train/normal_id_01_00000388.wav,,,,,normal,none,high,,,,,,,,,,,,
SAMPLE-3899,train/normal_id_01_00000389.wav,,,,,normal,none,high,,,,,,,,,,,,
SAMPLE-3900,train/normal_id_01_00000390.wav,,,,,normal,none,high,,,,,,,,,,,,
SAMPLE-3901,train/normal_id_01_00000391.wav,,,,,normal,none,high,,,,,,,,,,,,
SAMPLE-3902,train/normal_id_01_00000392.wav,,,,,normal,none,high,,,,,,,,,,,,
SAMPLE-3903,train/normal_id_01_00000393.wav,,,,,normal,none,high,,,,,,,,,,,,
SAMPLE-3904,train/normal_id_01_00000394.wav,,,,,normal,none,high,,,,,,,,,,,,
SAMPLE-3905,train/normal_id_01_00000395.wav,,,,,normal,none,high,,,,,,,,,,,,
SAMPLE-3906,train/normal_id_01_00000396.wav,,,,,normal,none,high,,,,,,,,,,,,
SAMPLE-3907,train/normal_id_01_00000397.wav,,,,,normal,none,high,,,,,,,,,,,,
SAMPLE-3908,train/normal_id_01_00000398.wav,,,,,normal,none,high,,,,,,,,,,,,
SAMPLE-3909,train/normal_id_01_00000399.wav,,,,,normal,none,high,,,,,,,,,,,,
